DEBUG - 2025-10-09 15:00:40 --> Session: Class initialized using 'CodeIgniter\Session\Handlers\FileHandler' driver.
DEBUG - 2025-10-09 15:00:43 --> Session: Class initialized using 'CodeIgniter\Session\Handlers\FileHandler' driver.
DEBUG - 2025-10-09 15:00:49 --> Session: Class initialized using 'CodeIgniter\Session\Handlers\FileHandler' driver.
DEBUG - 2025-10-09 15:00:49 --> Session: Class initialized using 'CodeIgniter\Session\Handlers\FileHandler' driver.
DEBUG - 2025-10-09 15:01:20 --> Session: Class initialized using 'CodeIgniter\Session\Handlers\FileHandler' driver.
DEBUG - 2025-10-09 15:03:17 --> Session: Class initialized using 'CodeIgniter\Session\Handlers\FileHandler' driver.
DEBUG - 2025-10-09 15:03:20 --> Session: Class initialized using 'CodeIgniter\Session\Handlers\FileHandler' driver.
DEBUG - 2025-10-09 15:03:42 --> Session: Class initialized using 'CodeIgniter\Session\Handlers\FileHandler' driver.
DEBUG - 2025-10-09 15:03:42 --> Session: Class initialized using 'CodeIgniter\Session\Handlers\FileHandler' driver.
DEBUG - 2025-10-09 15:05:04 --> Session: Class initialized using 'CodeIgniter\Session\Handlers\FileHandler' driver.
DEBUG - 2025-10-09 15:05:06 --> Session: Class initialized using 'CodeIgniter\Session\Handlers\FileHandler' driver.
DEBUG - 2025-10-09 15:05:07 --> Session: Class initialized using 'CodeIgniter\Session\Handlers\FileHandler' driver.
DEBUG - 2025-10-09 15:05:07 --> Session: Class initialized using 'CodeIgniter\Session\Handlers\FileHandler' driver.
DEBUG - 2025-10-09 15:06:08 --> Session: Class initialized using 'CodeIgniter\Session\Handlers\FileHandler' driver.
ERROR - 2025-10-09 15:06:08 --> mysqli_sql_exception: Unknown column 'is_active' in 'where clause' in C:\xampp\htdocs\ITE311-GOMEZ\system\Database\MySQLi\Connection.php:327
Stack trace:
#0 C:\xampp\htdocs\ITE311-GOMEZ\system\Database\MySQLi\Connection.php(327): mysqli->query('SELECT `id`, `n...', 0)
#1 C:\xampp\htdocs\ITE311-GOMEZ\system\Database\BaseConnection.php(729): CodeIgniter\Database\MySQLi\Connection->execute('SELECT `id`, `n...')
#2 C:\xampp\htdocs\ITE311-GOMEZ\system\Database\BaseConnection.php(646): CodeIgniter\Database\BaseConnection->simpleQuery('SELECT `id`, `n...')
#3 C:\xampp\htdocs\ITE311-GOMEZ\system\Database\BaseBuilder.php(1649): CodeIgniter\Database\BaseConnection->query('SELECT `id`, `n...', Array, false)
#4 C:\xampp\htdocs\ITE311-GOMEZ\app\Controllers\Admin\Courses.php(59): CodeIgniter\Database\BaseBuilder->get()
#5 C:\xampp\htdocs\ITE311-GOMEZ\system\CodeIgniter.php(933): App\Controllers\Admin\Courses->create()
#6 C:\xampp\htdocs\ITE311-GOMEZ\system\CodeIgniter.php(507): CodeIgniter\CodeIgniter->runController(Object(App\Controllers\Admin\Courses))
#7 C:\xampp\htdocs\ITE311-GOMEZ\system\CodeIgniter.php(354): CodeIgniter\CodeIgniter->handleRequest(NULL, Object(Config\Cache), false)
#8 C:\xampp\htdocs\ITE311-GOMEZ\system\Boot.php(363): CodeIgniter\CodeIgniter->run()
#9 C:\xampp\htdocs\ITE311-GOMEZ\system\Boot.php(68): CodeIgniter\Boot::runCodeIgniter(Object(CodeIgniter\CodeIgniter))
#10 C:\xampp\htdocs\ITE311-GOMEZ\public\index.php(59): CodeIgniter\Boot::bootWeb(Object(Config\Paths))
#11 {main}
CRITICAL - 2025-10-09 15:06:08 --> CodeIgniter\Database\Exceptions\DatabaseException: Unknown column 'is_active' in 'where clause'
[Method: GET, Route: admin/courses/create]
in SYSTEMPATH\Database\BaseConnection.php on line 684.
 1 SYSTEMPATH\Database\BaseBuilder.php(1649): CodeIgniter\Database\BaseConnection->query('SELECT `id`, `name`, `email`
FROM `users`
WHERE `role` = :role:
AND `is_active` = :is_active:
ORDER BY `name` ASC', [...], false)
 2 APPPATH\Controllers\Admin\Courses.php(59): CodeIgniter\Database\BaseBuilder->get()
 3 SYSTEMPATH\CodeIgniter.php(933): App\Controllers\Admin\Courses->create()
 4 SYSTEMPATH\CodeIgniter.php(507): CodeIgniter\CodeIgniter->runController(Object(App\Controllers\Admin\Courses))
 5 SYSTEMPATH\CodeIgniter.php(354): CodeIgniter\CodeIgniter->handleRequest(null, Object(Config\Cache), false)
 6 SYSTEMPATH\Boot.php(363): CodeIgniter\CodeIgniter->run()
 7 SYSTEMPATH\Boot.php(68): CodeIgniter\Boot::runCodeIgniter(Object(CodeIgniter\CodeIgniter))
 8 FCPATH\index.php(59): CodeIgniter\Boot::bootWeb(Object(Config\Paths))
CRITICAL - 2025-10-09 15:06:08 --> [Caused by] CodeIgniter\Database\Exceptions\DatabaseException: Unknown column 'is_active' in 'where clause'
in SYSTEMPATH\Database\MySQLi\Connection.php on line 332.
 1 SYSTEMPATH\Database\BaseConnection.php(729): CodeIgniter\Database\MySQLi\Connection->execute('SELECT `id`, `name`, `email`
FROM `users`
WHERE `role` = \'teacher\'
AND `is_active` = 1
ORDER BY `name` ASC')
 2 SYSTEMPATH\Database\BaseConnection.php(646): CodeIgniter\Database\BaseConnection->simpleQuery('SELECT `id`, `name`, `email`
FROM `users`
WHERE `role` = \'teacher\'
AND `is_active` = 1
ORDER BY `name` ASC')
 3 SYSTEMPATH\Database\BaseBuilder.php(1649): CodeIgniter\Database\BaseConnection->query('SELECT `id`, `name`, `email`
FROM `users`
WHERE `role` = :role:
AND `is_active` = :is_active:
ORDER BY `name` ASC', [...], false)
 4 APPPATH\Controllers\Admin\Courses.php(59): CodeIgniter\Database\BaseBuilder->get()
 5 SYSTEMPATH\CodeIgniter.php(933): App\Controllers\Admin\Courses->create()
 6 SYSTEMPATH\CodeIgniter.php(507): CodeIgniter\CodeIgniter->runController(Object(App\Controllers\Admin\Courses))
 7 SYSTEMPATH\CodeIgniter.php(354): CodeIgniter\CodeIgniter->handleRequest(null, Object(Config\Cache), false)
 8 SYSTEMPATH\Boot.php(363): CodeIgniter\CodeIgniter->run()
 9 SYSTEMPATH\Boot.php(68): CodeIgniter\Boot::runCodeIgniter(Object(CodeIgniter\CodeIgniter))
10 FCPATH\index.php(59): CodeIgniter\Boot::bootWeb(Object(Config\Paths))
CRITICAL - 2025-10-09 15:06:08 --> [Caused by] mysqli_sql_exception: Unknown column 'is_active' in 'where clause'
in SYSTEMPATH\Database\MySQLi\Connection.php on line 327.
 1 SYSTEMPATH\Database\MySQLi\Connection.php(327): mysqli->query('SELECT `id`, `name`, `email`
FROM `users`
WHERE `role` = \'teacher\'
AND `is_active` = 1
ORDER BY `name` ASC', 0)
 2 SYSTEMPATH\Database\BaseConnection.php(729): CodeIgniter\Database\MySQLi\Connection->execute('SELECT `id`, `name`, `email`
FROM `users`
WHERE `role` = \'teacher\'
AND `is_active` = 1
ORDER BY `name` ASC')
 3 SYSTEMPATH\Database\BaseConnection.php(646): CodeIgniter\Database\BaseConnection->simpleQuery('SELECT `id`, `name`, `email`
FROM `users`
WHERE `role` = \'teacher\'
AND `is_active` = 1
ORDER BY `name` ASC')
 4 SYSTEMPATH\Database\BaseBuilder.php(1649): CodeIgniter\Database\BaseConnection->query('SELECT `id`, `name`, `email`
FROM `users`
WHERE `role` = :role:
AND `is_active` = :is_active:
ORDER BY `name` ASC', [...], false)
 5 APPPATH\Controllers\Admin\Courses.php(59): CodeIgniter\Database\BaseBuilder->get()
 6 SYSTEMPATH\CodeIgniter.php(933): App\Controllers\Admin\Courses->create()
 7 SYSTEMPATH\CodeIgniter.php(507): CodeIgniter\CodeIgniter->runController(Object(App\Controllers\Admin\Courses))
 8 SYSTEMPATH\CodeIgniter.php(354): CodeIgniter\CodeIgniter->handleRequest(null, Object(Config\Cache), false)
 9 SYSTEMPATH\Boot.php(363): CodeIgniter\CodeIgniter->run()
10 SYSTEMPATH\Boot.php(68): CodeIgniter\Boot::runCodeIgniter(Object(CodeIgniter\CodeIgniter))
11 FCPATH\index.php(59): CodeIgniter\Boot::bootWeb(Object(Config\Paths))
DEBUG - 2025-10-09 15:06:50 --> Session: Class initialized using 'CodeIgniter\Session\Handlers\FileHandler' driver.
WARNING - 2025-10-09 15:08:05 --> [DEPRECATED] Passing lowercase HTTP method "post" is deprecated. Use uppercase HTTP method like "POST". in SYSTEMPATH\Router\RouteCollection.php on line 1029.
 1 SYSTEMPATH\Router\RouteCollection.php(1029): trigger_error('Passing lowercase HTTP method "post" is deprecated. Use uppercase HTTP method like "POST".', 16384)
 2 APPPATH\Config\Routes.php(34): CodeIgniter\Router\RouteCollection->match([...], 'courses', 'Courses::store', [...])
 3 SYSTEMPATH\Router\RouteCollection.php(799): CodeIgniter\Router\RouteCollection->{closure}(Object(CodeIgniter\Router\RouteCollection))
 4 APPPATH\Config\Routes.php(41): CodeIgniter\Router\RouteCollection->group('admin', [...], Object(Closure))
 5 SYSTEMPATH\Router\RouteCollection.php(799): CodeIgniter\Router\RouteCollection->{closure}(Object(CodeIgniter\Router\RouteCollection))
 6 APPPATH\Config\Routes.php(52): CodeIgniter\Router\RouteCollection->group('', [...], Object(Closure))
 7 SYSTEMPATH\Router\RouteCollection.php(799): CodeIgniter\Router\RouteCollection->{closure}(Object(CodeIgniter\Router\RouteCollection))
 8 APPPATH\Config\Routes.php(53): CodeIgniter\Router\RouteCollection->group('', [...], Object(Closure))
 9 SYSTEMPATH\Router\RouteCollection.php(339): require('C:\\xampp\\htdocs\\ITE311-GOMEZ\\app\\Config\\Routes.php')
10 SYSTEMPATH\CodeIgniter.php(821): CodeIgniter\Router\RouteCollection->loadRoutes()
11 SYSTEMPATH\CodeIgniter.php(455): CodeIgniter\CodeIgniter->tryToRouteIt(null)
12 SYSTEMPATH\CodeIgniter.php(354): CodeIgniter\CodeIgniter->handleRequest(null, Object(Config\Cache), false)
13 SYSTEMPATH\Boot.php(363): CodeIgniter\CodeIgniter->run()
14 SYSTEMPATH\Boot.php(68): CodeIgniter\Boot::runCodeIgniter(Object(CodeIgniter\CodeIgniter))
15 FCPATH\index.php(59): CodeIgniter\Boot::bootWeb(Object(Config\Paths))
DEBUG - 2025-10-09 15:08:05 --> Session: Class initialized using 'CodeIgniter\Session\Handlers\FileHandler' driver.
DEBUG - 2025-10-09 15:08:05 --> Form data: Array
(
    [title] => mwah
    [description] => 12321
    [teacher_id] => 3
)

ERROR - 2025-10-09 15:08:05 --> mysqli_sql_exception: Unknown column 'is_active' in 'where clause' in C:\xampp\htdocs\ITE311-GOMEZ\system\Database\MySQLi\Connection.php:327
Stack trace:
#0 C:\xampp\htdocs\ITE311-GOMEZ\system\Database\MySQLi\Connection.php(327): mysqli->query('SELECT COUNT(*)...', 0)
#1 C:\xampp\htdocs\ITE311-GOMEZ\system\Database\BaseConnection.php(729): CodeIgniter\Database\MySQLi\Connection->execute('SELECT COUNT(*)...')
#2 C:\xampp\htdocs\ITE311-GOMEZ\system\Database\BaseConnection.php(646): CodeIgniter\Database\BaseConnection->simpleQuery('SELECT COUNT(*)...')
#3 C:\xampp\htdocs\ITE311-GOMEZ\system\Database\BaseBuilder.php(1733): CodeIgniter\Database\BaseConnection->query('SELECT COUNT(*)...', Array, false)
#4 C:\xampp\htdocs\ITE311-GOMEZ\app\Controllers\Admin\Courses.php(144): CodeIgniter\Database\BaseBuilder->countAllResults()
#5 C:\xampp\htdocs\ITE311-GOMEZ\system\CodeIgniter.php(933): App\Controllers\Admin\Courses->store()
#6 C:\xampp\htdocs\ITE311-GOMEZ\system\CodeIgniter.php(507): CodeIgniter\CodeIgniter->runController(Object(App\Controllers\Admin\Courses))
#7 C:\xampp\htdocs\ITE311-GOMEZ\system\CodeIgniter.php(354): CodeIgniter\CodeIgniter->handleRequest(NULL, Object(Config\Cache), false)
#8 C:\xampp\htdocs\ITE311-GOMEZ\system\Boot.php(363): CodeIgniter\CodeIgniter->run()
#9 C:\xampp\htdocs\ITE311-GOMEZ\system\Boot.php(68): CodeIgniter\Boot::runCodeIgniter(Object(CodeIgniter\CodeIgniter))
#10 C:\xampp\htdocs\ITE311-GOMEZ\public\index.php(59): CodeIgniter\Boot::bootWeb(Object(Config\Paths))
#11 {main}
CRITICAL - 2025-10-09 15:08:05 --> CodeIgniter\Database\Exceptions\DatabaseException: Unknown column 'is_active' in 'where clause'
[Method: POST, Route: admin/courses]
in SYSTEMPATH\Database\BaseConnection.php on line 684.
 1 SYSTEMPATH\Database\BaseBuilder.php(1733): CodeIgniter\Database\BaseConnection->query('SELECT COUNT(*) AS `numrows`
FROM `users`
WHERE `id` = :id:
AND `role` = :role:
AND `is_active` = :is_active:', [...], false)
 2 APPPATH\Controllers\Admin\Courses.php(144): CodeIgniter\Database\BaseBuilder->countAllResults()
 3 SYSTEMPATH\CodeIgniter.php(933): App\Controllers\Admin\Courses->store()
 4 SYSTEMPATH\CodeIgniter.php(507): CodeIgniter\CodeIgniter->runController(Object(App\Controllers\Admin\Courses))
 5 SYSTEMPATH\CodeIgniter.php(354): CodeIgniter\CodeIgniter->handleRequest(null, Object(Config\Cache), false)
 6 SYSTEMPATH\Boot.php(363): CodeIgniter\CodeIgniter->run()
 7 SYSTEMPATH\Boot.php(68): CodeIgniter\Boot::runCodeIgniter(Object(CodeIgniter\CodeIgniter))
 8 FCPATH\index.php(59): CodeIgniter\Boot::bootWeb(Object(Config\Paths))
CRITICAL - 2025-10-09 15:08:05 --> [Caused by] CodeIgniter\Database\Exceptions\DatabaseException: Unknown column 'is_active' in 'where clause'
in SYSTEMPATH\Database\MySQLi\Connection.php on line 332.
 1 SYSTEMPATH\Database\BaseConnection.php(729): CodeIgniter\Database\MySQLi\Connection->execute('SELECT COUNT(*) AS `numrows`
FROM `users`
WHERE `id` = 3
AND `role` = \'teacher\'
AND `is_active` = 1')
 2 SYSTEMPATH\Database\BaseConnection.php(646): CodeIgniter\Database\BaseConnection->simpleQuery('SELECT COUNT(*) AS `numrows`
FROM `users`
WHERE `id` = 3
AND `role` = \'teacher\'
AND `is_active` = 1')
 3 SYSTEMPATH\Database\BaseBuilder.php(1733): CodeIgniter\Database\BaseConnection->query('SELECT COUNT(*) AS `numrows`
FROM `users`
WHERE `id` = :id:
AND `role` = :role:
AND `is_active` = :is_active:', [...], false)
 4 APPPATH\Controllers\Admin\Courses.php(144): CodeIgniter\Database\BaseBuilder->countAllResults()
 5 SYSTEMPATH\CodeIgniter.php(933): App\Controllers\Admin\Courses->store()
 6 SYSTEMPATH\CodeIgniter.php(507): CodeIgniter\CodeIgniter->runController(Object(App\Controllers\Admin\Courses))
 7 SYSTEMPATH\CodeIgniter.php(354): CodeIgniter\CodeIgniter->handleRequest(null, Object(Config\Cache), false)
 8 SYSTEMPATH\Boot.php(363): CodeIgniter\CodeIgniter->run()
 9 SYSTEMPATH\Boot.php(68): CodeIgniter\Boot::runCodeIgniter(Object(CodeIgniter\CodeIgniter))
10 FCPATH\index.php(59): CodeIgniter\Boot::bootWeb(Object(Config\Paths))
CRITICAL - 2025-10-09 15:08:05 --> [Caused by] mysqli_sql_exception: Unknown column 'is_active' in 'where clause'
in SYSTEMPATH\Database\MySQLi\Connection.php on line 327.
 1 SYSTEMPATH\Database\MySQLi\Connection.php(327): mysqli->query('SELECT COUNT(*) AS `numrows`
FROM `users`
WHERE `id` = 3
AND `role` = \'teacher\'
AND `is_active` = 1', 0)
 2 SYSTEMPATH\Database\BaseConnection.php(729): CodeIgniter\Database\MySQLi\Connection->execute('SELECT COUNT(*) AS `numrows`
FROM `users`
WHERE `id` = 3
AND `role` = \'teacher\'
AND `is_active` = 1')
 3 SYSTEMPATH\Database\BaseConnection.php(646): CodeIgniter\Database\BaseConnection->simpleQuery('SELECT COUNT(*) AS `numrows`
FROM `users`
WHERE `id` = 3
AND `role` = \'teacher\'
AND `is_active` = 1')
 4 SYSTEMPATH\Database\BaseBuilder.php(1733): CodeIgniter\Database\BaseConnection->query('SELECT COUNT(*) AS `numrows`
FROM `users`
WHERE `id` = :id:
AND `role` = :role:
AND `is_active` = :is_active:', [...], false)
 5 APPPATH\Controllers\Admin\Courses.php(144): CodeIgniter\Database\BaseBuilder->countAllResults()
 6 SYSTEMPATH\CodeIgniter.php(933): App\Controllers\Admin\Courses->store()
 7 SYSTEMPATH\CodeIgniter.php(507): CodeIgniter\CodeIgniter->runController(Object(App\Controllers\Admin\Courses))
 8 SYSTEMPATH\CodeIgniter.php(354): CodeIgniter\CodeIgniter->handleRequest(null, Object(Config\Cache), false)
 9 SYSTEMPATH\Boot.php(363): CodeIgniter\CodeIgniter->run()
10 SYSTEMPATH\Boot.php(68): CodeIgniter\Boot::runCodeIgniter(Object(CodeIgniter\CodeIgniter))
11 FCPATH\index.php(59): CodeIgniter\Boot::bootWeb(Object(Config\Paths))
WARNING - 2025-10-09 15:08:27 --> [DEPRECATED] Passing lowercase HTTP method "post" is deprecated. Use uppercase HTTP method like "POST". in SYSTEMPATH\Router\RouteCollection.php on line 1029.
 1 SYSTEMPATH\Router\RouteCollection.php(1029): trigger_error('Passing lowercase HTTP method "post" is deprecated. Use uppercase HTTP method like "POST".', 16384)
 2 APPPATH\Config\Routes.php(34): CodeIgniter\Router\RouteCollection->match([...], 'courses', 'Courses::store', [...])
 3 SYSTEMPATH\Router\RouteCollection.php(799): CodeIgniter\Router\RouteCollection->{closure}(Object(CodeIgniter\Router\RouteCollection))
 4 APPPATH\Config\Routes.php(41): CodeIgniter\Router\RouteCollection->group('admin', [...], Object(Closure))
 5 SYSTEMPATH\Router\RouteCollection.php(799): CodeIgniter\Router\RouteCollection->{closure}(Object(CodeIgniter\Router\RouteCollection))
 6 APPPATH\Config\Routes.php(52): CodeIgniter\Router\RouteCollection->group('', [...], Object(Closure))
 7 SYSTEMPATH\Router\RouteCollection.php(799): CodeIgniter\Router\RouteCollection->{closure}(Object(CodeIgniter\Router\RouteCollection))
 8 APPPATH\Config\Routes.php(53): CodeIgniter\Router\RouteCollection->group('', [...], Object(Closure))
 9 SYSTEMPATH\Router\RouteCollection.php(339): require('C:\\xampp\\htdocs\\ITE311-GOMEZ\\app\\Config\\Routes.php')
10 SYSTEMPATH\CodeIgniter.php(821): CodeIgniter\Router\RouteCollection->loadRoutes()
11 SYSTEMPATH\CodeIgniter.php(455): CodeIgniter\CodeIgniter->tryToRouteIt(null)
12 SYSTEMPATH\CodeIgniter.php(354): CodeIgniter\CodeIgniter->handleRequest(null, Object(Config\Cache), false)
13 SYSTEMPATH\Boot.php(363): CodeIgniter\CodeIgniter->run()
14 SYSTEMPATH\Boot.php(68): CodeIgniter\Boot::runCodeIgniter(Object(CodeIgniter\CodeIgniter))
15 FCPATH\index.php(59): CodeIgniter\Boot::bootWeb(Object(Config\Paths))
DEBUG - 2025-10-09 15:08:27 --> Session: Class initialized using 'CodeIgniter\Session\Handlers\FileHandler' driver.
DEBUG - 2025-10-09 15:08:27 --> Form data: Array
(
    [title] => mwah
    [description] => 12321
    [teacher_id] => 3
)

CRITICAL - 2025-10-09 15:08:27 --> Error: Class "App\Models\CourseModel" not found
[Method: POST, Route: admin/courses]
in APPPATH\Controllers\Admin\Courses.php on line 155.
 1 SYSTEMPATH\CodeIgniter.php(933): App\Controllers\Admin\Courses->store()
 2 SYSTEMPATH\CodeIgniter.php(507): CodeIgniter\CodeIgniter->runController(Object(App\Controllers\Admin\Courses))
 3 SYSTEMPATH\CodeIgniter.php(354): CodeIgniter\CodeIgniter->handleRequest(null, Object(Config\Cache), false)
 4 SYSTEMPATH\Boot.php(363): CodeIgniter\CodeIgniter->run()
 5 SYSTEMPATH\Boot.php(68): CodeIgniter\Boot::runCodeIgniter(Object(CodeIgniter\CodeIgniter))
 6 FCPATH\index.php(59): CodeIgniter\Boot::bootWeb(Object(Config\Paths))
WARNING - 2025-10-09 15:09:52 --> [DEPRECATED] Passing lowercase HTTP method "post" is deprecated. Use uppercase HTTP method like "POST". in SYSTEMPATH\Router\RouteCollection.php on line 1029.
 1 SYSTEMPATH\Router\RouteCollection.php(1029): trigger_error('Passing lowercase HTTP method "post" is deprecated. Use uppercase HTTP method like "POST".', 16384)
 2 APPPATH\Config\Routes.php(34): CodeIgniter\Router\RouteCollection->match([...], 'courses', 'Courses::store', [...])
 3 SYSTEMPATH\Router\RouteCollection.php(799): CodeIgniter\Router\RouteCollection->{closure}(Object(CodeIgniter\Router\RouteCollection))
 4 APPPATH\Config\Routes.php(41): CodeIgniter\Router\RouteCollection->group('admin', [...], Object(Closure))
 5 SYSTEMPATH\Router\RouteCollection.php(799): CodeIgniter\Router\RouteCollection->{closure}(Object(CodeIgniter\Router\RouteCollection))
 6 APPPATH\Config\Routes.php(52): CodeIgniter\Router\RouteCollection->group('', [...], Object(Closure))
 7 SYSTEMPATH\Router\RouteCollection.php(799): CodeIgniter\Router\RouteCollection->{closure}(Object(CodeIgniter\Router\RouteCollection))
 8 APPPATH\Config\Routes.php(53): CodeIgniter\Router\RouteCollection->group('', [...], Object(Closure))
 9 SYSTEMPATH\Router\RouteCollection.php(339): require('C:\\xampp\\htdocs\\ITE311-GOMEZ\\app\\Config\\Routes.php')
10 SYSTEMPATH\CodeIgniter.php(821): CodeIgniter\Router\RouteCollection->loadRoutes()
11 SYSTEMPATH\CodeIgniter.php(455): CodeIgniter\CodeIgniter->tryToRouteIt(null)
12 SYSTEMPATH\CodeIgniter.php(354): CodeIgniter\CodeIgniter->handleRequest(null, Object(Config\Cache), false)
13 SYSTEMPATH\Boot.php(363): CodeIgniter\CodeIgniter->run()
14 SYSTEMPATH\Boot.php(68): CodeIgniter\Boot::runCodeIgniter(Object(CodeIgniter\CodeIgniter))
15 FCPATH\index.php(59): CodeIgniter\Boot::bootWeb(Object(Config\Paths))
DEBUG - 2025-10-09 15:09:53 --> Session: Class initialized using 'CodeIgniter\Session\Handlers\FileHandler' driver.
DEBUG - 2025-10-09 15:09:53 --> Form data: Array
(
    [title] => mwah
    [description] => 12321
    [teacher_id] => 3
)

WARNING - 2025-10-09 15:09:53 --> [DEPRECATED] Passing lowercase HTTP method "post" is deprecated. Use uppercase HTTP method like "POST". in SYSTEMPATH\Router\RouteCollection.php on line 1029.
 1 SYSTEMPATH\Router\RouteCollection.php(1029): trigger_error('Passing lowercase HTTP method "post" is deprecated. Use uppercase HTTP method like "POST".', 16384)
 2 APPPATH\Config\Routes.php(34): CodeIgniter\Router\RouteCollection->match([...], 'courses', 'Courses::store', [...])
 3 SYSTEMPATH\Router\RouteCollection.php(799): CodeIgniter\Router\RouteCollection->{closure}(Object(CodeIgniter\Router\RouteCollection))
 4 APPPATH\Config\Routes.php(41): CodeIgniter\Router\RouteCollection->group('admin', [...], Object(Closure))
 5 SYSTEMPATH\Router\RouteCollection.php(799): CodeIgniter\Router\RouteCollection->{closure}(Object(CodeIgniter\Router\RouteCollection))
 6 APPPATH\Config\Routes.php(52): CodeIgniter\Router\RouteCollection->group('', [...], Object(Closure))
 7 SYSTEMPATH\Router\RouteCollection.php(799): CodeIgniter\Router\RouteCollection->{closure}(Object(CodeIgniter\Router\RouteCollection))
 8 APPPATH\Config\Routes.php(53): CodeIgniter\Router\RouteCollection->group('', [...], Object(Closure))
 9 SYSTEMPATH\Router\RouteCollection.php(339): require('C:\\xampp\\htdocs\\ITE311-GOMEZ\\app\\Config\\Routes.php')
10 SYSTEMPATH\CodeIgniter.php(821): CodeIgniter\Router\RouteCollection->loadRoutes()
11 SYSTEMPATH\CodeIgniter.php(455): CodeIgniter\CodeIgniter->tryToRouteIt(null)
12 SYSTEMPATH\CodeIgniter.php(354): CodeIgniter\CodeIgniter->handleRequest(null, Object(Config\Cache), false)
13 SYSTEMPATH\Boot.php(363): CodeIgniter\CodeIgniter->run()
14 SYSTEMPATH\Boot.php(68): CodeIgniter\Boot::runCodeIgniter(Object(CodeIgniter\CodeIgniter))
15 FCPATH\index.php(59): CodeIgniter\Boot::bootWeb(Object(Config\Paths))
DEBUG - 2025-10-09 15:09:53 --> Session: Class initialized using 'CodeIgniter\Session\Handlers\FileHandler' driver.
WARNING - 2025-10-09 15:10:01 --> [DEPRECATED] Passing lowercase HTTP method "post" is deprecated. Use uppercase HTTP method like "POST". in SYSTEMPATH\Router\RouteCollection.php on line 1029.
 1 SYSTEMPATH\Router\RouteCollection.php(1029): trigger_error('Passing lowercase HTTP method "post" is deprecated. Use uppercase HTTP method like "POST".', 16384)
 2 APPPATH\Config\Routes.php(34): CodeIgniter\Router\RouteCollection->match([...], 'courses', 'Courses::store', [...])
 3 SYSTEMPATH\Router\RouteCollection.php(799): CodeIgniter\Router\RouteCollection->{closure}(Object(CodeIgniter\Router\RouteCollection))
 4 APPPATH\Config\Routes.php(41): CodeIgniter\Router\RouteCollection->group('admin', [...], Object(Closure))
 5 SYSTEMPATH\Router\RouteCollection.php(799): CodeIgniter\Router\RouteCollection->{closure}(Object(CodeIgniter\Router\RouteCollection))
 6 APPPATH\Config\Routes.php(52): CodeIgniter\Router\RouteCollection->group('', [...], Object(Closure))
 7 SYSTEMPATH\Router\RouteCollection.php(799): CodeIgniter\Router\RouteCollection->{closure}(Object(CodeIgniter\Router\RouteCollection))
 8 APPPATH\Config\Routes.php(53): CodeIgniter\Router\RouteCollection->group('', [...], Object(Closure))
 9 SYSTEMPATH\Router\RouteCollection.php(339): require('C:\\xampp\\htdocs\\ITE311-GOMEZ\\app\\Config\\Routes.php')
10 SYSTEMPATH\CodeIgniter.php(821): CodeIgniter\Router\RouteCollection->loadRoutes()
11 SYSTEMPATH\CodeIgniter.php(455): CodeIgniter\CodeIgniter->tryToRouteIt(null)
12 SYSTEMPATH\CodeIgniter.php(354): CodeIgniter\CodeIgniter->handleRequest(null, Object(Config\Cache), false)
13 SYSTEMPATH\Boot.php(363): CodeIgniter\CodeIgniter->run()
14 SYSTEMPATH\Boot.php(68): CodeIgniter\Boot::runCodeIgniter(Object(CodeIgniter\CodeIgniter))
15 FCPATH\index.php(59): CodeIgniter\Boot::bootWeb(Object(Config\Paths))
DEBUG - 2025-10-09 15:10:01 --> Session: Class initialized using 'CodeIgniter\Session\Handlers\FileHandler' driver.
WARNING - 2025-10-09 15:10:02 --> [DEPRECATED] Passing lowercase HTTP method "post" is deprecated. Use uppercase HTTP method like "POST". in SYSTEMPATH\Router\RouteCollection.php on line 1029.
 1 SYSTEMPATH\Router\RouteCollection.php(1029): trigger_error('Passing lowercase HTTP method "post" is deprecated. Use uppercase HTTP method like "POST".', 16384)
 2 APPPATH\Config\Routes.php(34): CodeIgniter\Router\RouteCollection->match([...], 'courses', 'Courses::store', [...])
 3 SYSTEMPATH\Router\RouteCollection.php(799): CodeIgniter\Router\RouteCollection->{closure}(Object(CodeIgniter\Router\RouteCollection))
 4 APPPATH\Config\Routes.php(41): CodeIgniter\Router\RouteCollection->group('admin', [...], Object(Closure))
 5 SYSTEMPATH\Router\RouteCollection.php(799): CodeIgniter\Router\RouteCollection->{closure}(Object(CodeIgniter\Router\RouteCollection))
 6 APPPATH\Config\Routes.php(52): CodeIgniter\Router\RouteCollection->group('', [...], Object(Closure))
 7 SYSTEMPATH\Router\RouteCollection.php(799): CodeIgniter\Router\RouteCollection->{closure}(Object(CodeIgniter\Router\RouteCollection))
 8 APPPATH\Config\Routes.php(53): CodeIgniter\Router\RouteCollection->group('', [...], Object(Closure))
 9 SYSTEMPATH\Router\RouteCollection.php(339): require('C:\\xampp\\htdocs\\ITE311-GOMEZ\\app\\Config\\Routes.php')
10 SYSTEMPATH\CodeIgniter.php(821): CodeIgniter\Router\RouteCollection->loadRoutes()
11 SYSTEMPATH\CodeIgniter.php(455): CodeIgniter\CodeIgniter->tryToRouteIt(null)
12 SYSTEMPATH\CodeIgniter.php(354): CodeIgniter\CodeIgniter->handleRequest(null, Object(Config\Cache), false)
13 SYSTEMPATH\Boot.php(363): CodeIgniter\CodeIgniter->run()
14 SYSTEMPATH\Boot.php(68): CodeIgniter\Boot::runCodeIgniter(Object(CodeIgniter\CodeIgniter))
15 FCPATH\index.php(59): CodeIgniter\Boot::bootWeb(Object(Config\Paths))
DEBUG - 2025-10-09 15:10:02 --> Session: Class initialized using 'CodeIgniter\Session\Handlers\FileHandler' driver.
WARNING - 2025-10-09 15:10:05 --> [DEPRECATED] Passing lowercase HTTP method "post" is deprecated. Use uppercase HTTP method like "POST". in SYSTEMPATH\Router\RouteCollection.php on line 1029.
 1 SYSTEMPATH\Router\RouteCollection.php(1029): trigger_error('Passing lowercase HTTP method "post" is deprecated. Use uppercase HTTP method like "POST".', 16384)
 2 APPPATH\Config\Routes.php(34): CodeIgniter\Router\RouteCollection->match([...], 'courses', 'Courses::store', [...])
 3 SYSTEMPATH\Router\RouteCollection.php(799): CodeIgniter\Router\RouteCollection->{closure}(Object(CodeIgniter\Router\RouteCollection))
 4 APPPATH\Config\Routes.php(41): CodeIgniter\Router\RouteCollection->group('admin', [...], Object(Closure))
 5 SYSTEMPATH\Router\RouteCollection.php(799): CodeIgniter\Router\RouteCollection->{closure}(Object(CodeIgniter\Router\RouteCollection))
 6 APPPATH\Config\Routes.php(52): CodeIgniter\Router\RouteCollection->group('', [...], Object(Closure))
 7 SYSTEMPATH\Router\RouteCollection.php(799): CodeIgniter\Router\RouteCollection->{closure}(Object(CodeIgniter\Router\RouteCollection))
 8 APPPATH\Config\Routes.php(53): CodeIgniter\Router\RouteCollection->group('', [...], Object(Closure))
 9 SYSTEMPATH\Router\RouteCollection.php(339): require('C:\\xampp\\htdocs\\ITE311-GOMEZ\\app\\Config\\Routes.php')
10 SYSTEMPATH\CodeIgniter.php(821): CodeIgniter\Router\RouteCollection->loadRoutes()
11 SYSTEMPATH\CodeIgniter.php(455): CodeIgniter\CodeIgniter->tryToRouteIt(null)
12 SYSTEMPATH\CodeIgniter.php(354): CodeIgniter\CodeIgniter->handleRequest(null, Object(Config\Cache), false)
13 SYSTEMPATH\Boot.php(363): CodeIgniter\CodeIgniter->run()
14 SYSTEMPATH\Boot.php(68): CodeIgniter\Boot::runCodeIgniter(Object(CodeIgniter\CodeIgniter))
15 FCPATH\index.php(59): CodeIgniter\Boot::bootWeb(Object(Config\Paths))
DEBUG - 2025-10-09 15:10:05 --> Session: Class initialized using 'CodeIgniter\Session\Handlers\FileHandler' driver.
WARNING - 2025-10-09 15:10:06 --> [DEPRECATED] Passing lowercase HTTP method "post" is deprecated. Use uppercase HTTP method like "POST". in SYSTEMPATH\Router\RouteCollection.php on line 1029.
 1 SYSTEMPATH\Router\RouteCollection.php(1029): trigger_error('Passing lowercase HTTP method "post" is deprecated. Use uppercase HTTP method like "POST".', 16384)
 2 APPPATH\Config\Routes.php(34): CodeIgniter\Router\RouteCollection->match([...], 'courses', 'Courses::store', [...])
 3 SYSTEMPATH\Router\RouteCollection.php(799): CodeIgniter\Router\RouteCollection->{closure}(Object(CodeIgniter\Router\RouteCollection))
 4 APPPATH\Config\Routes.php(41): CodeIgniter\Router\RouteCollection->group('admin', [...], Object(Closure))
 5 SYSTEMPATH\Router\RouteCollection.php(799): CodeIgniter\Router\RouteCollection->{closure}(Object(CodeIgniter\Router\RouteCollection))
 6 APPPATH\Config\Routes.php(52): CodeIgniter\Router\RouteCollection->group('', [...], Object(Closure))
 7 SYSTEMPATH\Router\RouteCollection.php(799): CodeIgniter\Router\RouteCollection->{closure}(Object(CodeIgniter\Router\RouteCollection))
 8 APPPATH\Config\Routes.php(53): CodeIgniter\Router\RouteCollection->group('', [...], Object(Closure))
 9 SYSTEMPATH\Router\RouteCollection.php(339): require('C:\\xampp\\htdocs\\ITE311-GOMEZ\\app\\Config\\Routes.php')
10 SYSTEMPATH\CodeIgniter.php(821): CodeIgniter\Router\RouteCollection->loadRoutes()
11 SYSTEMPATH\CodeIgniter.php(455): CodeIgniter\CodeIgniter->tryToRouteIt(null)
12 SYSTEMPATH\CodeIgniter.php(354): CodeIgniter\CodeIgniter->handleRequest(null, Object(Config\Cache), false)
13 SYSTEMPATH\Boot.php(363): CodeIgniter\CodeIgniter->run()
14 SYSTEMPATH\Boot.php(68): CodeIgniter\Boot::runCodeIgniter(Object(CodeIgniter\CodeIgniter))
15 FCPATH\index.php(59): CodeIgniter\Boot::bootWeb(Object(Config\Paths))
DEBUG - 2025-10-09 15:10:06 --> Session: Class initialized using 'CodeIgniter\Session\Handlers\FileHandler' driver.
WARNING - 2025-10-09 15:10:12 --> [DEPRECATED] Passing lowercase HTTP method "post" is deprecated. Use uppercase HTTP method like "POST". in SYSTEMPATH\Router\RouteCollection.php on line 1029.
 1 SYSTEMPATH\Router\RouteCollection.php(1029): trigger_error('Passing lowercase HTTP method "post" is deprecated. Use uppercase HTTP method like "POST".', 16384)
 2 APPPATH\Config\Routes.php(34): CodeIgniter\Router\RouteCollection->match([...], 'courses', 'Courses::store', [...])
 3 SYSTEMPATH\Router\RouteCollection.php(799): CodeIgniter\Router\RouteCollection->{closure}(Object(CodeIgniter\Router\RouteCollection))
 4 APPPATH\Config\Routes.php(41): CodeIgniter\Router\RouteCollection->group('admin', [...], Object(Closure))
 5 SYSTEMPATH\Router\RouteCollection.php(799): CodeIgniter\Router\RouteCollection->{closure}(Object(CodeIgniter\Router\RouteCollection))
 6 APPPATH\Config\Routes.php(52): CodeIgniter\Router\RouteCollection->group('', [...], Object(Closure))
 7 SYSTEMPATH\Router\RouteCollection.php(799): CodeIgniter\Router\RouteCollection->{closure}(Object(CodeIgniter\Router\RouteCollection))
 8 APPPATH\Config\Routes.php(53): CodeIgniter\Router\RouteCollection->group('', [...], Object(Closure))
 9 SYSTEMPATH\Router\RouteCollection.php(339): require('C:\\xampp\\htdocs\\ITE311-GOMEZ\\app\\Config\\Routes.php')
10 SYSTEMPATH\CodeIgniter.php(821): CodeIgniter\Router\RouteCollection->loadRoutes()
11 SYSTEMPATH\CodeIgniter.php(455): CodeIgniter\CodeIgniter->tryToRouteIt(null)
12 SYSTEMPATH\CodeIgniter.php(354): CodeIgniter\CodeIgniter->handleRequest(null, Object(Config\Cache), false)
13 SYSTEMPATH\Boot.php(363): CodeIgniter\CodeIgniter->run()
14 SYSTEMPATH\Boot.php(68): CodeIgniter\Boot::runCodeIgniter(Object(CodeIgniter\CodeIgniter))
15 FCPATH\index.php(59): CodeIgniter\Boot::bootWeb(Object(Config\Paths))
WARNING - 2025-10-09 15:11:27 --> [DEPRECATED] Passing lowercase HTTP method "post" is deprecated. Use uppercase HTTP method like "POST". in SYSTEMPATH\Router\RouteCollection.php on line 1029.
 1 SYSTEMPATH\Router\RouteCollection.php(1029): trigger_error('Passing lowercase HTTP method "post" is deprecated. Use uppercase HTTP method like "POST".', 16384)
 2 APPPATH\Config\Routes.php(34): CodeIgniter\Router\RouteCollection->match([...], 'courses', 'Courses::store', [...])
 3 SYSTEMPATH\Router\RouteCollection.php(799): CodeIgniter\Router\RouteCollection->{closure}(Object(CodeIgniter\Router\RouteCollection))
 4 APPPATH\Config\Routes.php(41): CodeIgniter\Router\RouteCollection->group('admin', [...], Object(Closure))
 5 SYSTEMPATH\Router\RouteCollection.php(799): CodeIgniter\Router\RouteCollection->{closure}(Object(CodeIgniter\Router\RouteCollection))
 6 APPPATH\Config\Routes.php(53): CodeIgniter\Router\RouteCollection->group('', [...], Object(Closure))
 7 SYSTEMPATH\Router\RouteCollection.php(799): CodeIgniter\Router\RouteCollection->{closure}(Object(CodeIgniter\Router\RouteCollection))
 8 APPPATH\Config\Routes.php(54): CodeIgniter\Router\RouteCollection->group('', [...], Object(Closure))
 9 SYSTEMPATH\Router\RouteCollection.php(339): require('C:\\xampp\\htdocs\\ITE311-GOMEZ\\app\\Config\\Routes.php')
10 SYSTEMPATH\CodeIgniter.php(821): CodeIgniter\Router\RouteCollection->loadRoutes()
11 SYSTEMPATH\CodeIgniter.php(455): CodeIgniter\CodeIgniter->tryToRouteIt(null)
12 SYSTEMPATH\CodeIgniter.php(354): CodeIgniter\CodeIgniter->handleRequest(null, Object(Config\Cache), false)
13 SYSTEMPATH\Boot.php(363): CodeIgniter\CodeIgniter->run()
14 SYSTEMPATH\Boot.php(68): CodeIgniter\Boot::runCodeIgniter(Object(CodeIgniter\CodeIgniter))
15 FCPATH\index.php(59): CodeIgniter\Boot::bootWeb(Object(Config\Paths))
DEBUG - 2025-10-09 15:11:27 --> Session: Class initialized using 'CodeIgniter\Session\Handlers\FileHandler' driver.
WARNING - 2025-10-09 15:12:07 --> [DEPRECATED] Passing lowercase HTTP method "post" is deprecated. Use uppercase HTTP method like "POST". in SYSTEMPATH\Router\RouteCollection.php on line 1029.
 1 SYSTEMPATH\Router\RouteCollection.php(1029): trigger_error('Passing lowercase HTTP method "post" is deprecated. Use uppercase HTTP method like "POST".', 16384)
 2 APPPATH\Config\Routes.php(34): CodeIgniter\Router\RouteCollection->match([...], 'courses', 'Courses::store', [...])
 3 SYSTEMPATH\Router\RouteCollection.php(799): CodeIgniter\Router\RouteCollection->{closure}(Object(CodeIgniter\Router\RouteCollection))
 4 APPPATH\Config\Routes.php(41): CodeIgniter\Router\RouteCollection->group('admin', [...], Object(Closure))
 5 SYSTEMPATH\Router\RouteCollection.php(799): CodeIgniter\Router\RouteCollection->{closure}(Object(CodeIgniter\Router\RouteCollection))
 6 APPPATH\Config\Routes.php(53): CodeIgniter\Router\RouteCollection->group('', [...], Object(Closure))
 7 SYSTEMPATH\Router\RouteCollection.php(799): CodeIgniter\Router\RouteCollection->{closure}(Object(CodeIgniter\Router\RouteCollection))
 8 APPPATH\Config\Routes.php(54): CodeIgniter\Router\RouteCollection->group('', [...], Object(Closure))
 9 SYSTEMPATH\Router\RouteCollection.php(339): require('C:\\xampp\\htdocs\\ITE311-GOMEZ\\app\\Config\\Routes.php')
10 SYSTEMPATH\CodeIgniter.php(821): CodeIgniter\Router\RouteCollection->loadRoutes()
11 SYSTEMPATH\CodeIgniter.php(455): CodeIgniter\CodeIgniter->tryToRouteIt(null)
12 SYSTEMPATH\CodeIgniter.php(354): CodeIgniter\CodeIgniter->handleRequest(null, Object(Config\Cache), false)
13 SYSTEMPATH\Boot.php(363): CodeIgniter\CodeIgniter->run()
14 SYSTEMPATH\Boot.php(68): CodeIgniter\Boot::runCodeIgniter(Object(CodeIgniter\CodeIgniter))
15 FCPATH\index.php(59): CodeIgniter\Boot::bootWeb(Object(Config\Paths))
DEBUG - 2025-10-09 15:12:07 --> Session: Class initialized using 'CodeIgniter\Session\Handlers\FileHandler' driver.
CRITICAL - 2025-10-09 15:12:07 --> CodeIgniter\View\Exceptions\ViewException: Invalid file: "student/courses/index.php"
[Method: GET, Route: student/courses]
in SYSTEMPATH\Exceptions\FrameworkException.php on line 39.
 1 SYSTEMPATH\View\View.php(214): CodeIgniter\Exceptions\FrameworkException::forInvalidFile('student/courses/index.php')
 2 SYSTEMPATH\Common.php(1167): CodeIgniter\View\View->render('student/courses/index', [], true)
 3 APPPATH\Controllers\BaseController.php(182): view('student/courses/index', [...])
 4 APPPATH\Controllers\Student\Courses.php(33): App\Controllers\BaseController->render('student/courses/index', [...])
 5 SYSTEMPATH\CodeIgniter.php(933): App\Controllers\Student\Courses->index()
 6 SYSTEMPATH\CodeIgniter.php(507): CodeIgniter\CodeIgniter->runController(Object(App\Controllers\Student\Courses))
 7 SYSTEMPATH\CodeIgniter.php(354): CodeIgniter\CodeIgniter->handleRequest(null, Object(Config\Cache), false)
 8 SYSTEMPATH\Boot.php(363): CodeIgniter\CodeIgniter->run()
 9 SYSTEMPATH\Boot.php(68): CodeIgniter\Boot::runCodeIgniter(Object(CodeIgniter\CodeIgniter))
10 FCPATH\index.php(59): CodeIgniter\Boot::bootWeb(Object(Config\Paths))
WARNING - 2025-10-09 15:12:38 --> [DEPRECATED] Passing lowercase HTTP method "post" is deprecated. Use uppercase HTTP method like "POST". in SYSTEMPATH\Router\RouteCollection.php on line 1029.
 1 SYSTEMPATH\Router\RouteCollection.php(1029): trigger_error('Passing lowercase HTTP method "post" is deprecated. Use uppercase HTTP method like "POST".', 16384)
 2 APPPATH\Config\Routes.php(34): CodeIgniter\Router\RouteCollection->match([...], 'courses', 'Courses::store', [...])
 3 SYSTEMPATH\Router\RouteCollection.php(799): CodeIgniter\Router\RouteCollection->{closure}(Object(CodeIgniter\Router\RouteCollection))
 4 APPPATH\Config\Routes.php(41): CodeIgniter\Router\RouteCollection->group('admin', [...], Object(Closure))
 5 SYSTEMPATH\Router\RouteCollection.php(799): CodeIgniter\Router\RouteCollection->{closure}(Object(CodeIgniter\Router\RouteCollection))
 6 APPPATH\Config\Routes.php(53): CodeIgniter\Router\RouteCollection->group('', [...], Object(Closure))
 7 SYSTEMPATH\Router\RouteCollection.php(799): CodeIgniter\Router\RouteCollection->{closure}(Object(CodeIgniter\Router\RouteCollection))
 8 APPPATH\Config\Routes.php(54): CodeIgniter\Router\RouteCollection->group('', [...], Object(Closure))
 9 SYSTEMPATH\Router\RouteCollection.php(339): require('C:\\xampp\\htdocs\\ITE311-GOMEZ\\app\\Config\\Routes.php')
10 SYSTEMPATH\CodeIgniter.php(821): CodeIgniter\Router\RouteCollection->loadRoutes()
11 SYSTEMPATH\CodeIgniter.php(455): CodeIgniter\CodeIgniter->tryToRouteIt(null)
12 SYSTEMPATH\CodeIgniter.php(354): CodeIgniter\CodeIgniter->handleRequest(null, Object(Config\Cache), false)
13 SYSTEMPATH\Boot.php(363): CodeIgniter\CodeIgniter->run()
14 SYSTEMPATH\Boot.php(68): CodeIgniter\Boot::runCodeIgniter(Object(CodeIgniter\CodeIgniter))
15 FCPATH\index.php(59): CodeIgniter\Boot::bootWeb(Object(Config\Paths))
DEBUG - 2025-10-09 15:12:38 --> Session: Class initialized using 'CodeIgniter\Session\Handlers\FileHandler' driver.
WARNING - 2025-10-09 15:12:41 --> [DEPRECATED] Passing lowercase HTTP method "post" is deprecated. Use uppercase HTTP method like "POST". in SYSTEMPATH\Router\RouteCollection.php on line 1029.
 1 SYSTEMPATH\Router\RouteCollection.php(1029): trigger_error('Passing lowercase HTTP method "post" is deprecated. Use uppercase HTTP method like "POST".', 16384)
 2 APPPATH\Config\Routes.php(34): CodeIgniter\Router\RouteCollection->match([...], 'courses', 'Courses::store', [...])
 3 SYSTEMPATH\Router\RouteCollection.php(799): CodeIgniter\Router\RouteCollection->{closure}(Object(CodeIgniter\Router\RouteCollection))
 4 APPPATH\Config\Routes.php(41): CodeIgniter\Router\RouteCollection->group('admin', [...], Object(Closure))
 5 SYSTEMPATH\Router\RouteCollection.php(799): CodeIgniter\Router\RouteCollection->{closure}(Object(CodeIgniter\Router\RouteCollection))
 6 APPPATH\Config\Routes.php(53): CodeIgniter\Router\RouteCollection->group('', [...], Object(Closure))
 7 SYSTEMPATH\Router\RouteCollection.php(799): CodeIgniter\Router\RouteCollection->{closure}(Object(CodeIgniter\Router\RouteCollection))
 8 APPPATH\Config\Routes.php(54): CodeIgniter\Router\RouteCollection->group('', [...], Object(Closure))
 9 SYSTEMPATH\Router\RouteCollection.php(339): require('C:\\xampp\\htdocs\\ITE311-GOMEZ\\app\\Config\\Routes.php')
10 SYSTEMPATH\CodeIgniter.php(821): CodeIgniter\Router\RouteCollection->loadRoutes()
11 SYSTEMPATH\CodeIgniter.php(455): CodeIgniter\CodeIgniter->tryToRouteIt(null)
12 SYSTEMPATH\CodeIgniter.php(354): CodeIgniter\CodeIgniter->handleRequest(null, Object(Config\Cache), false)
13 SYSTEMPATH\Boot.php(363): CodeIgniter\CodeIgniter->run()
14 SYSTEMPATH\Boot.php(68): CodeIgniter\Boot::runCodeIgniter(Object(CodeIgniter\CodeIgniter))
15 FCPATH\index.php(59): CodeIgniter\Boot::bootWeb(Object(Config\Paths))
DEBUG - 2025-10-09 15:12:41 --> Session: Class initialized using 'CodeIgniter\Session\Handlers\FileHandler' driver.
CRITICAL - 2025-10-09 15:12:41 --> CodeIgniter\View\Exceptions\ViewException: Invalid file: "student/courses/show.php"
[Method: GET, Route: student/courses/1]
in SYSTEMPATH\Exceptions\FrameworkException.php on line 39.
 1 SYSTEMPATH\View\View.php(214): CodeIgniter\Exceptions\FrameworkException::forInvalidFile('student/courses/show.php')
 2 SYSTEMPATH\Common.php(1167): CodeIgniter\View\View->render('student/courses/show', [], true)
 3 APPPATH\Controllers\BaseController.php(182): view('student/courses/show', [...])
 4 APPPATH\Controllers\Student\Courses.php(56): App\Controllers\BaseController->render('student/courses/show', [...])
 5 SYSTEMPATH\CodeIgniter.php(933): App\Controllers\Student\Courses->show('1')
 6 SYSTEMPATH\CodeIgniter.php(507): CodeIgniter\CodeIgniter->runController(Object(App\Controllers\Student\Courses))
 7 SYSTEMPATH\CodeIgniter.php(354): CodeIgniter\CodeIgniter->handleRequest(null, Object(Config\Cache), false)
 8 SYSTEMPATH\Boot.php(363): CodeIgniter\CodeIgniter->run()
 9 SYSTEMPATH\Boot.php(68): CodeIgniter\Boot::runCodeIgniter(Object(CodeIgniter\CodeIgniter))
10 FCPATH\index.php(59): CodeIgniter\Boot::bootWeb(Object(Config\Paths))
WARNING - 2025-10-09 15:13:01 --> [DEPRECATED] Passing lowercase HTTP method "post" is deprecated. Use uppercase HTTP method like "POST". in SYSTEMPATH\Router\RouteCollection.php on line 1029.
 1 SYSTEMPATH\Router\RouteCollection.php(1029): trigger_error('Passing lowercase HTTP method "post" is deprecated. Use uppercase HTTP method like "POST".', 16384)
 2 APPPATH\Config\Routes.php(34): CodeIgniter\Router\RouteCollection->match([...], 'courses', 'Courses::store', [...])
 3 SYSTEMPATH\Router\RouteCollection.php(799): CodeIgniter\Router\RouteCollection->{closure}(Object(CodeIgniter\Router\RouteCollection))
 4 APPPATH\Config\Routes.php(41): CodeIgniter\Router\RouteCollection->group('admin', [...], Object(Closure))
 5 SYSTEMPATH\Router\RouteCollection.php(799): CodeIgniter\Router\RouteCollection->{closure}(Object(CodeIgniter\Router\RouteCollection))
 6 APPPATH\Config\Routes.php(53): CodeIgniter\Router\RouteCollection->group('', [...], Object(Closure))
 7 SYSTEMPATH\Router\RouteCollection.php(799): CodeIgniter\Router\RouteCollection->{closure}(Object(CodeIgniter\Router\RouteCollection))
 8 APPPATH\Config\Routes.php(54): CodeIgniter\Router\RouteCollection->group('', [...], Object(Closure))
 9 SYSTEMPATH\Router\RouteCollection.php(339): require('C:\\xampp\\htdocs\\ITE311-GOMEZ\\app\\Config\\Routes.php')
10 SYSTEMPATH\CodeIgniter.php(821): CodeIgniter\Router\RouteCollection->loadRoutes()
11 SYSTEMPATH\CodeIgniter.php(455): CodeIgniter\CodeIgniter->tryToRouteIt(null)
12 SYSTEMPATH\CodeIgniter.php(354): CodeIgniter\CodeIgniter->handleRequest(null, Object(Config\Cache), false)
13 SYSTEMPATH\Boot.php(363): CodeIgniter\CodeIgniter->run()
14 SYSTEMPATH\Boot.php(68): CodeIgniter\Boot::runCodeIgniter(Object(CodeIgniter\CodeIgniter))
15 FCPATH\index.php(59): CodeIgniter\Boot::bootWeb(Object(Config\Paths))
DEBUG - 2025-10-09 15:13:01 --> Session: Class initialized using 'CodeIgniter\Session\Handlers\FileHandler' driver.
WARNING - 2025-10-09 15:13:12 --> [DEPRECATED] Passing lowercase HTTP method "post" is deprecated. Use uppercase HTTP method like "POST". in SYSTEMPATH\Router\RouteCollection.php on line 1029.
 1 SYSTEMPATH\Router\RouteCollection.php(1029): trigger_error('Passing lowercase HTTP method "post" is deprecated. Use uppercase HTTP method like "POST".', 16384)
 2 APPPATH\Config\Routes.php(34): CodeIgniter\Router\RouteCollection->match([...], 'courses', 'Courses::store', [...])
 3 SYSTEMPATH\Router\RouteCollection.php(799): CodeIgniter\Router\RouteCollection->{closure}(Object(CodeIgniter\Router\RouteCollection))
 4 APPPATH\Config\Routes.php(41): CodeIgniter\Router\RouteCollection->group('admin', [...], Object(Closure))
 5 SYSTEMPATH\Router\RouteCollection.php(799): CodeIgniter\Router\RouteCollection->{closure}(Object(CodeIgniter\Router\RouteCollection))
 6 APPPATH\Config\Routes.php(53): CodeIgniter\Router\RouteCollection->group('', [...], Object(Closure))
 7 SYSTEMPATH\Router\RouteCollection.php(799): CodeIgniter\Router\RouteCollection->{closure}(Object(CodeIgniter\Router\RouteCollection))
 8 APPPATH\Config\Routes.php(54): CodeIgniter\Router\RouteCollection->group('', [...], Object(Closure))
 9 SYSTEMPATH\Router\RouteCollection.php(339): require('C:\\xampp\\htdocs\\ITE311-GOMEZ\\app\\Config\\Routes.php')
10 SYSTEMPATH\CodeIgniter.php(821): CodeIgniter\Router\RouteCollection->loadRoutes()
11 SYSTEMPATH\CodeIgniter.php(455): CodeIgniter\CodeIgniter->tryToRouteIt(null)
12 SYSTEMPATH\CodeIgniter.php(354): CodeIgniter\CodeIgniter->handleRequest(null, Object(Config\Cache), false)
13 SYSTEMPATH\Boot.php(363): CodeIgniter\CodeIgniter->run()
14 SYSTEMPATH\Boot.php(68): CodeIgniter\Boot::runCodeIgniter(Object(CodeIgniter\CodeIgniter))
15 FCPATH\index.php(59): CodeIgniter\Boot::bootWeb(Object(Config\Paths))
DEBUG - 2025-10-09 15:13:12 --> Session: Class initialized using 'CodeIgniter\Session\Handlers\FileHandler' driver.
WARNING - 2025-10-09 15:13:17 --> [DEPRECATED] Passing lowercase HTTP method "post" is deprecated. Use uppercase HTTP method like "POST". in SYSTEMPATH\Router\RouteCollection.php on line 1029.
 1 SYSTEMPATH\Router\RouteCollection.php(1029): trigger_error('Passing lowercase HTTP method "post" is deprecated. Use uppercase HTTP method like "POST".', 16384)
 2 APPPATH\Config\Routes.php(34): CodeIgniter\Router\RouteCollection->match([...], 'courses', 'Courses::store', [...])
 3 SYSTEMPATH\Router\RouteCollection.php(799): CodeIgniter\Router\RouteCollection->{closure}(Object(CodeIgniter\Router\RouteCollection))
 4 APPPATH\Config\Routes.php(41): CodeIgniter\Router\RouteCollection->group('admin', [...], Object(Closure))
 5 SYSTEMPATH\Router\RouteCollection.php(799): CodeIgniter\Router\RouteCollection->{closure}(Object(CodeIgniter\Router\RouteCollection))
 6 APPPATH\Config\Routes.php(53): CodeIgniter\Router\RouteCollection->group('', [...], Object(Closure))
 7 SYSTEMPATH\Router\RouteCollection.php(799): CodeIgniter\Router\RouteCollection->{closure}(Object(CodeIgniter\Router\RouteCollection))
 8 APPPATH\Config\Routes.php(54): CodeIgniter\Router\RouteCollection->group('', [...], Object(Closure))
 9 SYSTEMPATH\Router\RouteCollection.php(339): require('C:\\xampp\\htdocs\\ITE311-GOMEZ\\app\\Config\\Routes.php')
10 SYSTEMPATH\CodeIgniter.php(821): CodeIgniter\Router\RouteCollection->loadRoutes()
11 SYSTEMPATH\CodeIgniter.php(455): CodeIgniter\CodeIgniter->tryToRouteIt(null)
12 SYSTEMPATH\CodeIgniter.php(354): CodeIgniter\CodeIgniter->handleRequest(null, Object(Config\Cache), false)
13 SYSTEMPATH\Boot.php(363): CodeIgniter\CodeIgniter->run()
14 SYSTEMPATH\Boot.php(68): CodeIgniter\Boot::runCodeIgniter(Object(CodeIgniter\CodeIgniter))
15 FCPATH\index.php(59): CodeIgniter\Boot::bootWeb(Object(Config\Paths))
DEBUG - 2025-10-09 15:13:17 --> Session: Class initialized using 'CodeIgniter\Session\Handlers\FileHandler' driver.
WARNING - 2025-10-09 15:13:19 --> [DEPRECATED] Passing lowercase HTTP method "post" is deprecated. Use uppercase HTTP method like "POST". in SYSTEMPATH\Router\RouteCollection.php on line 1029.
 1 SYSTEMPATH\Router\RouteCollection.php(1029): trigger_error('Passing lowercase HTTP method "post" is deprecated. Use uppercase HTTP method like "POST".', 16384)
 2 APPPATH\Config\Routes.php(34): CodeIgniter\Router\RouteCollection->match([...], 'courses', 'Courses::store', [...])
 3 SYSTEMPATH\Router\RouteCollection.php(799): CodeIgniter\Router\RouteCollection->{closure}(Object(CodeIgniter\Router\RouteCollection))
 4 APPPATH\Config\Routes.php(41): CodeIgniter\Router\RouteCollection->group('admin', [...], Object(Closure))
 5 SYSTEMPATH\Router\RouteCollection.php(799): CodeIgniter\Router\RouteCollection->{closure}(Object(CodeIgniter\Router\RouteCollection))
 6 APPPATH\Config\Routes.php(53): CodeIgniter\Router\RouteCollection->group('', [...], Object(Closure))
 7 SYSTEMPATH\Router\RouteCollection.php(799): CodeIgniter\Router\RouteCollection->{closure}(Object(CodeIgniter\Router\RouteCollection))
 8 APPPATH\Config\Routes.php(54): CodeIgniter\Router\RouteCollection->group('', [...], Object(Closure))
 9 SYSTEMPATH\Router\RouteCollection.php(339): require('C:\\xampp\\htdocs\\ITE311-GOMEZ\\app\\Config\\Routes.php')
10 SYSTEMPATH\CodeIgniter.php(821): CodeIgniter\Router\RouteCollection->loadRoutes()
11 SYSTEMPATH\CodeIgniter.php(455): CodeIgniter\CodeIgniter->tryToRouteIt(null)
12 SYSTEMPATH\CodeIgniter.php(354): CodeIgniter\CodeIgniter->handleRequest(null, Object(Config\Cache), false)
13 SYSTEMPATH\Boot.php(363): CodeIgniter\CodeIgniter->run()
14 SYSTEMPATH\Boot.php(68): CodeIgniter\Boot::runCodeIgniter(Object(CodeIgniter\CodeIgniter))
15 FCPATH\index.php(59): CodeIgniter\Boot::bootWeb(Object(Config\Paths))
DEBUG - 2025-10-09 15:13:19 --> Session: Class initialized using 'CodeIgniter\Session\Handlers\FileHandler' driver.
WARNING - 2025-10-09 15:13:27 --> [DEPRECATED] Passing lowercase HTTP method "post" is deprecated. Use uppercase HTTP method like "POST". in SYSTEMPATH\Router\RouteCollection.php on line 1029.
 1 SYSTEMPATH\Router\RouteCollection.php(1029): trigger_error('Passing lowercase HTTP method "post" is deprecated. Use uppercase HTTP method like "POST".', 16384)
 2 APPPATH\Config\Routes.php(34): CodeIgniter\Router\RouteCollection->match([...], 'courses', 'Courses::store', [...])
 3 SYSTEMPATH\Router\RouteCollection.php(799): CodeIgniter\Router\RouteCollection->{closure}(Object(CodeIgniter\Router\RouteCollection))
 4 APPPATH\Config\Routes.php(41): CodeIgniter\Router\RouteCollection->group('admin', [...], Object(Closure))
 5 SYSTEMPATH\Router\RouteCollection.php(799): CodeIgniter\Router\RouteCollection->{closure}(Object(CodeIgniter\Router\RouteCollection))
 6 APPPATH\Config\Routes.php(53): CodeIgniter\Router\RouteCollection->group('', [...], Object(Closure))
 7 SYSTEMPATH\Router\RouteCollection.php(799): CodeIgniter\Router\RouteCollection->{closure}(Object(CodeIgniter\Router\RouteCollection))
 8 APPPATH\Config\Routes.php(54): CodeIgniter\Router\RouteCollection->group('', [...], Object(Closure))
 9 SYSTEMPATH\Router\RouteCollection.php(339): require('C:\\xampp\\htdocs\\ITE311-GOMEZ\\app\\Config\\Routes.php')
10 SYSTEMPATH\CodeIgniter.php(821): CodeIgniter\Router\RouteCollection->loadRoutes()
11 SYSTEMPATH\CodeIgniter.php(455): CodeIgniter\CodeIgniter->tryToRouteIt(null)
12 SYSTEMPATH\CodeIgniter.php(354): CodeIgniter\CodeIgniter->handleRequest(null, Object(Config\Cache), false)
13 SYSTEMPATH\Boot.php(363): CodeIgniter\CodeIgniter->run()
14 SYSTEMPATH\Boot.php(68): CodeIgniter\Boot::runCodeIgniter(Object(CodeIgniter\CodeIgniter))
15 FCPATH\index.php(59): CodeIgniter\Boot::bootWeb(Object(Config\Paths))
DEBUG - 2025-10-09 15:13:27 --> Session: Class initialized using 'CodeIgniter\Session\Handlers\FileHandler' driver.
WARNING - 2025-10-09 15:14:34 --> [DEPRECATED] Passing lowercase HTTP method "post" is deprecated. Use uppercase HTTP method like "POST". in SYSTEMPATH\Router\RouteCollection.php on line 1029.
 1 SYSTEMPATH\Router\RouteCollection.php(1029): trigger_error('Passing lowercase HTTP method "post" is deprecated. Use uppercase HTTP method like "POST".', 16384)
 2 APPPATH\Config\Routes.php(34): CodeIgniter\Router\RouteCollection->match([...], 'courses', 'Courses::store', [...])
 3 SYSTEMPATH\Router\RouteCollection.php(799): CodeIgniter\Router\RouteCollection->{closure}(Object(CodeIgniter\Router\RouteCollection))
 4 APPPATH\Config\Routes.php(41): CodeIgniter\Router\RouteCollection->group('admin', [...], Object(Closure))
 5 SYSTEMPATH\Router\RouteCollection.php(799): CodeIgniter\Router\RouteCollection->{closure}(Object(CodeIgniter\Router\RouteCollection))
 6 APPPATH\Config\Routes.php(53): CodeIgniter\Router\RouteCollection->group('', [...], Object(Closure))
 7 SYSTEMPATH\Router\RouteCollection.php(799): CodeIgniter\Router\RouteCollection->{closure}(Object(CodeIgniter\Router\RouteCollection))
 8 APPPATH\Config\Routes.php(54): CodeIgniter\Router\RouteCollection->group('', [...], Object(Closure))
 9 SYSTEMPATH\Router\RouteCollection.php(339): require('C:\\xampp\\htdocs\\ITE311-GOMEZ\\app\\Config\\Routes.php')
10 SYSTEMPATH\CodeIgniter.php(821): CodeIgniter\Router\RouteCollection->loadRoutes()
11 SYSTEMPATH\CodeIgniter.php(455): CodeIgniter\CodeIgniter->tryToRouteIt(null)
12 SYSTEMPATH\CodeIgniter.php(354): CodeIgniter\CodeIgniter->handleRequest(null, Object(Config\Cache), false)
13 SYSTEMPATH\Boot.php(363): CodeIgniter\CodeIgniter->run()
14 SYSTEMPATH\Boot.php(68): CodeIgniter\Boot::runCodeIgniter(Object(CodeIgniter\CodeIgniter))
15 FCPATH\index.php(59): CodeIgniter\Boot::bootWeb(Object(Config\Paths))
DEBUG - 2025-10-09 15:14:34 --> Session: Class initialized using 'CodeIgniter\Session\Handlers\FileHandler' driver.
WARNING - 2025-10-09 15:14:37 --> [DEPRECATED] Passing lowercase HTTP method "post" is deprecated. Use uppercase HTTP method like "POST". in SYSTEMPATH\Router\RouteCollection.php on line 1029.
 1 SYSTEMPATH\Router\RouteCollection.php(1029): trigger_error('Passing lowercase HTTP method "post" is deprecated. Use uppercase HTTP method like "POST".', 16384)
 2 APPPATH\Config\Routes.php(34): CodeIgniter\Router\RouteCollection->match([...], 'courses', 'Courses::store', [...])
 3 SYSTEMPATH\Router\RouteCollection.php(799): CodeIgniter\Router\RouteCollection->{closure}(Object(CodeIgniter\Router\RouteCollection))
 4 APPPATH\Config\Routes.php(41): CodeIgniter\Router\RouteCollection->group('admin', [...], Object(Closure))
 5 SYSTEMPATH\Router\RouteCollection.php(799): CodeIgniter\Router\RouteCollection->{closure}(Object(CodeIgniter\Router\RouteCollection))
 6 APPPATH\Config\Routes.php(53): CodeIgniter\Router\RouteCollection->group('', [...], Object(Closure))
 7 SYSTEMPATH\Router\RouteCollection.php(799): CodeIgniter\Router\RouteCollection->{closure}(Object(CodeIgniter\Router\RouteCollection))
 8 APPPATH\Config\Routes.php(54): CodeIgniter\Router\RouteCollection->group('', [...], Object(Closure))
 9 SYSTEMPATH\Router\RouteCollection.php(339): require('C:\\xampp\\htdocs\\ITE311-GOMEZ\\app\\Config\\Routes.php')
10 SYSTEMPATH\CodeIgniter.php(821): CodeIgniter\Router\RouteCollection->loadRoutes()
11 SYSTEMPATH\CodeIgniter.php(455): CodeIgniter\CodeIgniter->tryToRouteIt(null)
12 SYSTEMPATH\CodeIgniter.php(354): CodeIgniter\CodeIgniter->handleRequest(null, Object(Config\Cache), false)
13 SYSTEMPATH\Boot.php(363): CodeIgniter\CodeIgniter->run()
14 SYSTEMPATH\Boot.php(68): CodeIgniter\Boot::runCodeIgniter(Object(CodeIgniter\CodeIgniter))
15 FCPATH\index.php(59): CodeIgniter\Boot::bootWeb(Object(Config\Paths))
DEBUG - 2025-10-09 15:14:37 --> Session: Class initialized using 'CodeIgniter\Session\Handlers\FileHandler' driver.
WARNING - 2025-10-09 15:14:38 --> [DEPRECATED] Passing lowercase HTTP method "post" is deprecated. Use uppercase HTTP method like "POST". in SYSTEMPATH\Router\RouteCollection.php on line 1029.
 1 SYSTEMPATH\Router\RouteCollection.php(1029): trigger_error('Passing lowercase HTTP method "post" is deprecated. Use uppercase HTTP method like "POST".', 16384)
 2 APPPATH\Config\Routes.php(34): CodeIgniter\Router\RouteCollection->match([...], 'courses', 'Courses::store', [...])
 3 SYSTEMPATH\Router\RouteCollection.php(799): CodeIgniter\Router\RouteCollection->{closure}(Object(CodeIgniter\Router\RouteCollection))
 4 APPPATH\Config\Routes.php(41): CodeIgniter\Router\RouteCollection->group('admin', [...], Object(Closure))
 5 SYSTEMPATH\Router\RouteCollection.php(799): CodeIgniter\Router\RouteCollection->{closure}(Object(CodeIgniter\Router\RouteCollection))
 6 APPPATH\Config\Routes.php(53): CodeIgniter\Router\RouteCollection->group('', [...], Object(Closure))
 7 SYSTEMPATH\Router\RouteCollection.php(799): CodeIgniter\Router\RouteCollection->{closure}(Object(CodeIgniter\Router\RouteCollection))
 8 APPPATH\Config\Routes.php(54): CodeIgniter\Router\RouteCollection->group('', [...], Object(Closure))
 9 SYSTEMPATH\Router\RouteCollection.php(339): require('C:\\xampp\\htdocs\\ITE311-GOMEZ\\app\\Config\\Routes.php')
10 SYSTEMPATH\CodeIgniter.php(821): CodeIgniter\Router\RouteCollection->loadRoutes()
11 SYSTEMPATH\CodeIgniter.php(455): CodeIgniter\CodeIgniter->tryToRouteIt(null)
12 SYSTEMPATH\CodeIgniter.php(354): CodeIgniter\CodeIgniter->handleRequest(null, Object(Config\Cache), false)
13 SYSTEMPATH\Boot.php(363): CodeIgniter\CodeIgniter->run()
14 SYSTEMPATH\Boot.php(68): CodeIgniter\Boot::runCodeIgniter(Object(CodeIgniter\CodeIgniter))
15 FCPATH\index.php(59): CodeIgniter\Boot::bootWeb(Object(Config\Paths))
DEBUG - 2025-10-09 15:14:38 --> Session: Class initialized using 'CodeIgniter\Session\Handlers\FileHandler' driver.
WARNING - 2025-10-09 15:14:52 --> [DEPRECATED] Passing lowercase HTTP method "post" is deprecated. Use uppercase HTTP method like "POST". in SYSTEMPATH\Router\RouteCollection.php on line 1029.
 1 SYSTEMPATH\Router\RouteCollection.php(1029): trigger_error('Passing lowercase HTTP method "post" is deprecated. Use uppercase HTTP method like "POST".', 16384)
 2 APPPATH\Config\Routes.php(34): CodeIgniter\Router\RouteCollection->match([...], 'courses', 'Courses::store', [...])
 3 SYSTEMPATH\Router\RouteCollection.php(799): CodeIgniter\Router\RouteCollection->{closure}(Object(CodeIgniter\Router\RouteCollection))
 4 APPPATH\Config\Routes.php(41): CodeIgniter\Router\RouteCollection->group('admin', [...], Object(Closure))
 5 SYSTEMPATH\Router\RouteCollection.php(799): CodeIgniter\Router\RouteCollection->{closure}(Object(CodeIgniter\Router\RouteCollection))
 6 APPPATH\Config\Routes.php(53): CodeIgniter\Router\RouteCollection->group('', [...], Object(Closure))
 7 SYSTEMPATH\Router\RouteCollection.php(799): CodeIgniter\Router\RouteCollection->{closure}(Object(CodeIgniter\Router\RouteCollection))
 8 APPPATH\Config\Routes.php(54): CodeIgniter\Router\RouteCollection->group('', [...], Object(Closure))
 9 SYSTEMPATH\Router\RouteCollection.php(339): require('C:\\xampp\\htdocs\\ITE311-GOMEZ\\app\\Config\\Routes.php')
10 SYSTEMPATH\CodeIgniter.php(821): CodeIgniter\Router\RouteCollection->loadRoutes()
11 SYSTEMPATH\CodeIgniter.php(455): CodeIgniter\CodeIgniter->tryToRouteIt(null)
12 SYSTEMPATH\CodeIgniter.php(354): CodeIgniter\CodeIgniter->handleRequest(null, Object(Config\Cache), false)
13 SYSTEMPATH\Boot.php(363): CodeIgniter\CodeIgniter->run()
14 SYSTEMPATH\Boot.php(68): CodeIgniter\Boot::runCodeIgniter(Object(CodeIgniter\CodeIgniter))
15 FCPATH\index.php(59): CodeIgniter\Boot::bootWeb(Object(Config\Paths))
DEBUG - 2025-10-09 15:14:52 --> Session: Class initialized using 'CodeIgniter\Session\Handlers\FileHandler' driver.
ERROR - 2025-10-09 15:14:52 --> mysqli_sql_exception: You have an error in your SQL syntax; check the manual that corresponds to your MariaDB server version for the right syntax to use near 'AND `e`.`status` != 'dropped'
ORDER BY `c`.`title` ASC' at line 4 in C:\xampp\htdocs\ITE311-GOMEZ\system\Database\MySQLi\Connection.php:327
Stack trace:
#0 C:\xampp\htdocs\ITE311-GOMEZ\system\Database\MySQLi\Connection.php(327): mysqli->query('SELECT `c`.*, `...', 0)
#1 C:\xampp\htdocs\ITE311-GOMEZ\system\Database\BaseConnection.php(729): CodeIgniter\Database\MySQLi\Connection->execute('SELECT `c`.*, `...')
#2 C:\xampp\htdocs\ITE311-GOMEZ\system\Database\BaseConnection.php(646): CodeIgniter\Database\BaseConnection->simpleQuery('SELECT `c`.*, `...')
#3 C:\xampp\htdocs\ITE311-GOMEZ\system\Database\BaseBuilder.php(1649): CodeIgniter\Database\BaseConnection->query('SELECT `c`.*, `...', Array, false)
#4 C:\xampp\htdocs\ITE311-GOMEZ\app\Controllers\Student\Courses.php(35): CodeIgniter\Database\BaseBuilder->get()
#5 C:\xampp\htdocs\ITE311-GOMEZ\system\CodeIgniter.php(933): App\Controllers\Student\Courses->index()
#6 C:\xampp\htdocs\ITE311-GOMEZ\system\CodeIgniter.php(507): CodeIgniter\CodeIgniter->runController(Object(App\Controllers\Student\Courses))
#7 C:\xampp\htdocs\ITE311-GOMEZ\system\CodeIgniter.php(354): CodeIgniter\CodeIgniter->handleRequest(NULL, Object(Config\Cache), false)
#8 C:\xampp\htdocs\ITE311-GOMEZ\system\Boot.php(363): CodeIgniter\CodeIgniter->run()
#9 C:\xampp\htdocs\ITE311-GOMEZ\system\Boot.php(68): CodeIgniter\Boot::runCodeIgniter(Object(CodeIgniter\CodeIgniter))
#10 C:\xampp\htdocs\ITE311-GOMEZ\public\index.php(59): CodeIgniter\Boot::bootWeb(Object(Config\Paths))
#11 {main}
CRITICAL - 2025-10-09 15:14:52 --> CodeIgniter\Database\Exceptions\DatabaseException: You have an error in your SQL syntax; check the manual that corresponds to your MariaDB server version for the right syntax to use near 'AND `e`.`status` != 'dropped'
ORDER BY `c`.`title` ASC' at line 4
[Method: GET, Route: student/courses]
in SYSTEMPATH\Database\BaseConnection.php on line 684.
 1 SYSTEMPATH\Database\BaseBuilder.php(1649): CodeIgniter\Database\BaseConnection->query('SELECT `c`.*, `u`.`name` as `teacher_name`, `e`.`id` as `enrollment_id`, `e`.`status` as `enrollment_status`
FROM `courses` `c`
LEFT JOIN `users` `u` ON `u`.`id` = `c`.`teacher_id`
LEFT JOIN `enrollments` `e` ON `e`.`course_id` = `c`.`id` AND `e`.`student_id` =  AND `e`.`status` != \'dropped\'
ORDER BY `c`.`title` ASC', [], false)
 2 APPPATH\Controllers\Student\Courses.php(35): CodeIgniter\Database\BaseBuilder->get()
 3 SYSTEMPATH\CodeIgniter.php(933): App\Controllers\Student\Courses->index()
 4 SYSTEMPATH\CodeIgniter.php(507): CodeIgniter\CodeIgniter->runController(Object(App\Controllers\Student\Courses))
 5 SYSTEMPATH\CodeIgniter.php(354): CodeIgniter\CodeIgniter->handleRequest(null, Object(Config\Cache), false)
 6 SYSTEMPATH\Boot.php(363): CodeIgniter\CodeIgniter->run()
 7 SYSTEMPATH\Boot.php(68): CodeIgniter\Boot::runCodeIgniter(Object(CodeIgniter\CodeIgniter))
 8 FCPATH\index.php(59): CodeIgniter\Boot::bootWeb(Object(Config\Paths))
CRITICAL - 2025-10-09 15:14:52 --> [Caused by] CodeIgniter\Database\Exceptions\DatabaseException: You have an error in your SQL syntax; check the manual that corresponds to your MariaDB server version for the right syntax to use near 'AND `e`.`status` != 'dropped'
ORDER BY `c`.`title` ASC' at line 4
in SYSTEMPATH\Database\MySQLi\Connection.php on line 332.
 1 SYSTEMPATH\Database\BaseConnection.php(729): CodeIgniter\Database\MySQLi\Connection->execute('SELECT `c`.*, `u`.`name` as `teacher_name`, `e`.`id` as `enrollment_id`, `e`.`status` as `enrollment_status`
FROM `courses` `c`
LEFT JOIN `users` `u` ON `u`.`id` = `c`.`teacher_id`
LEFT JOIN `enrollments` `e` ON `e`.`course_id` = `c`.`id` AND `e`.`student_id` =  AND `e`.`status` != \'dropped\'
ORDER BY `c`.`title` ASC')
 2 SYSTEMPATH\Database\BaseConnection.php(646): CodeIgniter\Database\BaseConnection->simpleQuery('SELECT `c`.*, `u`.`name` as `teacher_name`, `e`.`id` as `enrollment_id`, `e`.`status` as `enrollment_status`
FROM `courses` `c`
LEFT JOIN `users` `u` ON `u`.`id` = `c`.`teacher_id`
LEFT JOIN `enrollments` `e` ON `e`.`course_id` = `c`.`id` AND `e`.`student_id` =  AND `e`.`status` != \'dropped\'
ORDER BY `c`.`title` ASC')
 3 SYSTEMPATH\Database\BaseBuilder.php(1649): CodeIgniter\Database\BaseConnection->query('SELECT `c`.*, `u`.`name` as `teacher_name`, `e`.`id` as `enrollment_id`, `e`.`status` as `enrollment_status`
FROM `courses` `c`
LEFT JOIN `users` `u` ON `u`.`id` = `c`.`teacher_id`
LEFT JOIN `enrollments` `e` ON `e`.`course_id` = `c`.`id` AND `e`.`student_id` =  AND `e`.`status` != \'dropped\'
ORDER BY `c`.`title` ASC', [], false)
 4 APPPATH\Controllers\Student\Courses.php(35): CodeIgniter\Database\BaseBuilder->get()
 5 SYSTEMPATH\CodeIgniter.php(933): App\Controllers\Student\Courses->index()
 6 SYSTEMPATH\CodeIgniter.php(507): CodeIgniter\CodeIgniter->runController(Object(App\Controllers\Student\Courses))
 7 SYSTEMPATH\CodeIgniter.php(354): CodeIgniter\CodeIgniter->handleRequest(null, Object(Config\Cache), false)
 8 SYSTEMPATH\Boot.php(363): CodeIgniter\CodeIgniter->run()
 9 SYSTEMPATH\Boot.php(68): CodeIgniter\Boot::runCodeIgniter(Object(CodeIgniter\CodeIgniter))
10 FCPATH\index.php(59): CodeIgniter\Boot::bootWeb(Object(Config\Paths))
CRITICAL - 2025-10-09 15:14:52 --> [Caused by] mysqli_sql_exception: You have an error in your SQL syntax; check the manual that corresponds to your MariaDB server version for the right syntax to use near 'AND `e`.`status` != 'dropped'
ORDER BY `c`.`title` ASC' at line 4
in SYSTEMPATH\Database\MySQLi\Connection.php on line 327.
 1 SYSTEMPATH\Database\MySQLi\Connection.php(327): mysqli->query('SELECT `c`.*, `u`.`name` as `teacher_name`, `e`.`id` as `enrollment_id`, `e`.`status` as `enrollment_status`
FROM `courses` `c`
LEFT JOIN `users` `u` ON `u`.`id` = `c`.`teacher_id`
LEFT JOIN `enrollments` `e` ON `e`.`course_id` = `c`.`id` AND `e`.`student_id` =  AND `e`.`status` != \'dropped\'
ORDER BY `c`.`title` ASC', 0)
 2 SYSTEMPATH\Database\BaseConnection.php(729): CodeIgniter\Database\MySQLi\Connection->execute('SELECT `c`.*, `u`.`name` as `teacher_name`, `e`.`id` as `enrollment_id`, `e`.`status` as `enrollment_status`
FROM `courses` `c`
LEFT JOIN `users` `u` ON `u`.`id` = `c`.`teacher_id`
LEFT JOIN `enrollments` `e` ON `e`.`course_id` = `c`.`id` AND `e`.`student_id` =  AND `e`.`status` != \'dropped\'
ORDER BY `c`.`title` ASC')
 3 SYSTEMPATH\Database\BaseConnection.php(646): CodeIgniter\Database\BaseConnection->simpleQuery('SELECT `c`.*, `u`.`name` as `teacher_name`, `e`.`id` as `enrollment_id`, `e`.`status` as `enrollment_status`
FROM `courses` `c`
LEFT JOIN `users` `u` ON `u`.`id` = `c`.`teacher_id`
LEFT JOIN `enrollments` `e` ON `e`.`course_id` = `c`.`id` AND `e`.`student_id` =  AND `e`.`status` != \'dropped\'
ORDER BY `c`.`title` ASC')
 4 SYSTEMPATH\Database\BaseBuilder.php(1649): CodeIgniter\Database\BaseConnection->query('SELECT `c`.*, `u`.`name` as `teacher_name`, `e`.`id` as `enrollment_id`, `e`.`status` as `enrollment_status`
FROM `courses` `c`
LEFT JOIN `users` `u` ON `u`.`id` = `c`.`teacher_id`
LEFT JOIN `enrollments` `e` ON `e`.`course_id` = `c`.`id` AND `e`.`student_id` =  AND `e`.`status` != \'dropped\'
ORDER BY `c`.`title` ASC', [], false)
 5 APPPATH\Controllers\Student\Courses.php(35): CodeIgniter\Database\BaseBuilder->get()
 6 SYSTEMPATH\CodeIgniter.php(933): App\Controllers\Student\Courses->index()
 7 SYSTEMPATH\CodeIgniter.php(507): CodeIgniter\CodeIgniter->runController(Object(App\Controllers\Student\Courses))
 8 SYSTEMPATH\CodeIgniter.php(354): CodeIgniter\CodeIgniter->handleRequest(null, Object(Config\Cache), false)
 9 SYSTEMPATH\Boot.php(363): CodeIgniter\CodeIgniter->run()
10 SYSTEMPATH\Boot.php(68): CodeIgniter\Boot::runCodeIgniter(Object(CodeIgniter\CodeIgniter))
11 FCPATH\index.php(59): CodeIgniter\Boot::bootWeb(Object(Config\Paths))
WARNING - 2025-10-09 15:14:59 --> [DEPRECATED] Passing lowercase HTTP method "post" is deprecated. Use uppercase HTTP method like "POST". in SYSTEMPATH\Router\RouteCollection.php on line 1029.
 1 SYSTEMPATH\Router\RouteCollection.php(1029): trigger_error('Passing lowercase HTTP method "post" is deprecated. Use uppercase HTTP method like "POST".', 16384)
 2 APPPATH\Config\Routes.php(34): CodeIgniter\Router\RouteCollection->match([...], 'courses', 'Courses::store', [...])
 3 SYSTEMPATH\Router\RouteCollection.php(799): CodeIgniter\Router\RouteCollection->{closure}(Object(CodeIgniter\Router\RouteCollection))
 4 APPPATH\Config\Routes.php(41): CodeIgniter\Router\RouteCollection->group('admin', [...], Object(Closure))
 5 SYSTEMPATH\Router\RouteCollection.php(799): CodeIgniter\Router\RouteCollection->{closure}(Object(CodeIgniter\Router\RouteCollection))
 6 APPPATH\Config\Routes.php(54): CodeIgniter\Router\RouteCollection->group('', [...], Object(Closure))
 7 SYSTEMPATH\Router\RouteCollection.php(799): CodeIgniter\Router\RouteCollection->{closure}(Object(CodeIgniter\Router\RouteCollection))
 8 APPPATH\Config\Routes.php(55): CodeIgniter\Router\RouteCollection->group('', [...], Object(Closure))
 9 SYSTEMPATH\Router\RouteCollection.php(339): require('C:\\xampp\\htdocs\\ITE311-GOMEZ\\app\\Config\\Routes.php')
10 SYSTEMPATH\CodeIgniter.php(821): CodeIgniter\Router\RouteCollection->loadRoutes()
11 SYSTEMPATH\CodeIgniter.php(455): CodeIgniter\CodeIgniter->tryToRouteIt(null)
12 SYSTEMPATH\CodeIgniter.php(354): CodeIgniter\CodeIgniter->handleRequest(null, Object(Config\Cache), false)
13 SYSTEMPATH\Boot.php(363): CodeIgniter\CodeIgniter->run()
14 SYSTEMPATH\Boot.php(68): CodeIgniter\Boot::runCodeIgniter(Object(CodeIgniter\CodeIgniter))
15 FCPATH\index.php(59): CodeIgniter\Boot::bootWeb(Object(Config\Paths))
DEBUG - 2025-10-09 15:14:59 --> Session: Class initialized using 'CodeIgniter\Session\Handlers\FileHandler' driver.
ERROR - 2025-10-09 15:14:59 --> mysqli_sql_exception: You have an error in your SQL syntax; check the manual that corresponds to your MariaDB server version for the right syntax to use near 'AND `e`.`status` != 'dropped'
ORDER BY `c`.`title` ASC' at line 4 in C:\xampp\htdocs\ITE311-GOMEZ\system\Database\MySQLi\Connection.php:327
Stack trace:
#0 C:\xampp\htdocs\ITE311-GOMEZ\system\Database\MySQLi\Connection.php(327): mysqli->query('SELECT `c`.*, `...', 0)
#1 C:\xampp\htdocs\ITE311-GOMEZ\system\Database\BaseConnection.php(729): CodeIgniter\Database\MySQLi\Connection->execute('SELECT `c`.*, `...')
#2 C:\xampp\htdocs\ITE311-GOMEZ\system\Database\BaseConnection.php(646): CodeIgniter\Database\BaseConnection->simpleQuery('SELECT `c`.*, `...')
#3 C:\xampp\htdocs\ITE311-GOMEZ\system\Database\BaseBuilder.php(1649): CodeIgniter\Database\BaseConnection->query('SELECT `c`.*, `...', Array, false)
#4 C:\xampp\htdocs\ITE311-GOMEZ\app\Controllers\Student\Courses.php(35): CodeIgniter\Database\BaseBuilder->get()
#5 C:\xampp\htdocs\ITE311-GOMEZ\system\CodeIgniter.php(933): App\Controllers\Student\Courses->index()
#6 C:\xampp\htdocs\ITE311-GOMEZ\system\CodeIgniter.php(507): CodeIgniter\CodeIgniter->runController(Object(App\Controllers\Student\Courses))
#7 C:\xampp\htdocs\ITE311-GOMEZ\system\CodeIgniter.php(354): CodeIgniter\CodeIgniter->handleRequest(NULL, Object(Config\Cache), false)
#8 C:\xampp\htdocs\ITE311-GOMEZ\system\Boot.php(363): CodeIgniter\CodeIgniter->run()
#9 C:\xampp\htdocs\ITE311-GOMEZ\system\Boot.php(68): CodeIgniter\Boot::runCodeIgniter(Object(CodeIgniter\CodeIgniter))
#10 C:\xampp\htdocs\ITE311-GOMEZ\public\index.php(59): CodeIgniter\Boot::bootWeb(Object(Config\Paths))
#11 {main}
CRITICAL - 2025-10-09 15:14:59 --> CodeIgniter\Database\Exceptions\DatabaseException: You have an error in your SQL syntax; check the manual that corresponds to your MariaDB server version for the right syntax to use near 'AND `e`.`status` != 'dropped'
ORDER BY `c`.`title` ASC' at line 4
[Method: GET, Route: student/courses]
in SYSTEMPATH\Database\BaseConnection.php on line 684.
 1 SYSTEMPATH\Database\BaseBuilder.php(1649): CodeIgniter\Database\BaseConnection->query('SELECT `c`.*, `u`.`name` as `teacher_name`, `e`.`id` as `enrollment_id`, `e`.`status` as `enrollment_status`
FROM `courses` `c`
LEFT JOIN `users` `u` ON `u`.`id` = `c`.`teacher_id`
LEFT JOIN `enrollments` `e` ON `e`.`course_id` = `c`.`id` AND `e`.`student_id` =  AND `e`.`status` != \'dropped\'
ORDER BY `c`.`title` ASC', [], false)
 2 APPPATH\Controllers\Student\Courses.php(35): CodeIgniter\Database\BaseBuilder->get()
 3 SYSTEMPATH\CodeIgniter.php(933): App\Controllers\Student\Courses->index()
 4 SYSTEMPATH\CodeIgniter.php(507): CodeIgniter\CodeIgniter->runController(Object(App\Controllers\Student\Courses))
 5 SYSTEMPATH\CodeIgniter.php(354): CodeIgniter\CodeIgniter->handleRequest(null, Object(Config\Cache), false)
 6 SYSTEMPATH\Boot.php(363): CodeIgniter\CodeIgniter->run()
 7 SYSTEMPATH\Boot.php(68): CodeIgniter\Boot::runCodeIgniter(Object(CodeIgniter\CodeIgniter))
 8 FCPATH\index.php(59): CodeIgniter\Boot::bootWeb(Object(Config\Paths))
CRITICAL - 2025-10-09 15:14:59 --> [Caused by] CodeIgniter\Database\Exceptions\DatabaseException: You have an error in your SQL syntax; check the manual that corresponds to your MariaDB server version for the right syntax to use near 'AND `e`.`status` != 'dropped'
ORDER BY `c`.`title` ASC' at line 4
in SYSTEMPATH\Database\MySQLi\Connection.php on line 332.
 1 SYSTEMPATH\Database\BaseConnection.php(729): CodeIgniter\Database\MySQLi\Connection->execute('SELECT `c`.*, `u`.`name` as `teacher_name`, `e`.`id` as `enrollment_id`, `e`.`status` as `enrollment_status`
FROM `courses` `c`
LEFT JOIN `users` `u` ON `u`.`id` = `c`.`teacher_id`
LEFT JOIN `enrollments` `e` ON `e`.`course_id` = `c`.`id` AND `e`.`student_id` =  AND `e`.`status` != \'dropped\'
ORDER BY `c`.`title` ASC')
 2 SYSTEMPATH\Database\BaseConnection.php(646): CodeIgniter\Database\BaseConnection->simpleQuery('SELECT `c`.*, `u`.`name` as `teacher_name`, `e`.`id` as `enrollment_id`, `e`.`status` as `enrollment_status`
FROM `courses` `c`
LEFT JOIN `users` `u` ON `u`.`id` = `c`.`teacher_id`
LEFT JOIN `enrollments` `e` ON `e`.`course_id` = `c`.`id` AND `e`.`student_id` =  AND `e`.`status` != \'dropped\'
ORDER BY `c`.`title` ASC')
 3 SYSTEMPATH\Database\BaseBuilder.php(1649): CodeIgniter\Database\BaseConnection->query('SELECT `c`.*, `u`.`name` as `teacher_name`, `e`.`id` as `enrollment_id`, `e`.`status` as `enrollment_status`
FROM `courses` `c`
LEFT JOIN `users` `u` ON `u`.`id` = `c`.`teacher_id`
LEFT JOIN `enrollments` `e` ON `e`.`course_id` = `c`.`id` AND `e`.`student_id` =  AND `e`.`status` != \'dropped\'
ORDER BY `c`.`title` ASC', [], false)
 4 APPPATH\Controllers\Student\Courses.php(35): CodeIgniter\Database\BaseBuilder->get()
 5 SYSTEMPATH\CodeIgniter.php(933): App\Controllers\Student\Courses->index()
 6 SYSTEMPATH\CodeIgniter.php(507): CodeIgniter\CodeIgniter->runController(Object(App\Controllers\Student\Courses))
 7 SYSTEMPATH\CodeIgniter.php(354): CodeIgniter\CodeIgniter->handleRequest(null, Object(Config\Cache), false)
 8 SYSTEMPATH\Boot.php(363): CodeIgniter\CodeIgniter->run()
 9 SYSTEMPATH\Boot.php(68): CodeIgniter\Boot::runCodeIgniter(Object(CodeIgniter\CodeIgniter))
10 FCPATH\index.php(59): CodeIgniter\Boot::bootWeb(Object(Config\Paths))
CRITICAL - 2025-10-09 15:14:59 --> [Caused by] mysqli_sql_exception: You have an error in your SQL syntax; check the manual that corresponds to your MariaDB server version for the right syntax to use near 'AND `e`.`status` != 'dropped'
ORDER BY `c`.`title` ASC' at line 4
in SYSTEMPATH\Database\MySQLi\Connection.php on line 327.
 1 SYSTEMPATH\Database\MySQLi\Connection.php(327): mysqli->query('SELECT `c`.*, `u`.`name` as `teacher_name`, `e`.`id` as `enrollment_id`, `e`.`status` as `enrollment_status`
FROM `courses` `c`
LEFT JOIN `users` `u` ON `u`.`id` = `c`.`teacher_id`
LEFT JOIN `enrollments` `e` ON `e`.`course_id` = `c`.`id` AND `e`.`student_id` =  AND `e`.`status` != \'dropped\'
ORDER BY `c`.`title` ASC', 0)
 2 SYSTEMPATH\Database\BaseConnection.php(729): CodeIgniter\Database\MySQLi\Connection->execute('SELECT `c`.*, `u`.`name` as `teacher_name`, `e`.`id` as `enrollment_id`, `e`.`status` as `enrollment_status`
FROM `courses` `c`
LEFT JOIN `users` `u` ON `u`.`id` = `c`.`teacher_id`
LEFT JOIN `enrollments` `e` ON `e`.`course_id` = `c`.`id` AND `e`.`student_id` =  AND `e`.`status` != \'dropped\'
ORDER BY `c`.`title` ASC')
 3 SYSTEMPATH\Database\BaseConnection.php(646): CodeIgniter\Database\BaseConnection->simpleQuery('SELECT `c`.*, `u`.`name` as `teacher_name`, `e`.`id` as `enrollment_id`, `e`.`status` as `enrollment_status`
FROM `courses` `c`
LEFT JOIN `users` `u` ON `u`.`id` = `c`.`teacher_id`
LEFT JOIN `enrollments` `e` ON `e`.`course_id` = `c`.`id` AND `e`.`student_id` =  AND `e`.`status` != \'dropped\'
ORDER BY `c`.`title` ASC')
 4 SYSTEMPATH\Database\BaseBuilder.php(1649): CodeIgniter\Database\BaseConnection->query('SELECT `c`.*, `u`.`name` as `teacher_name`, `e`.`id` as `enrollment_id`, `e`.`status` as `enrollment_status`
FROM `courses` `c`
LEFT JOIN `users` `u` ON `u`.`id` = `c`.`teacher_id`
LEFT JOIN `enrollments` `e` ON `e`.`course_id` = `c`.`id` AND `e`.`student_id` =  AND `e`.`status` != \'dropped\'
ORDER BY `c`.`title` ASC', [], false)
 5 APPPATH\Controllers\Student\Courses.php(35): CodeIgniter\Database\BaseBuilder->get()
 6 SYSTEMPATH\CodeIgniter.php(933): App\Controllers\Student\Courses->index()
 7 SYSTEMPATH\CodeIgniter.php(507): CodeIgniter\CodeIgniter->runController(Object(App\Controllers\Student\Courses))
 8 SYSTEMPATH\CodeIgniter.php(354): CodeIgniter\CodeIgniter->handleRequest(null, Object(Config\Cache), false)
 9 SYSTEMPATH\Boot.php(363): CodeIgniter\CodeIgniter->run()
10 SYSTEMPATH\Boot.php(68): CodeIgniter\Boot::runCodeIgniter(Object(CodeIgniter\CodeIgniter))
11 FCPATH\index.php(59): CodeIgniter\Boot::bootWeb(Object(Config\Paths))
WARNING - 2025-10-09 15:15:33 --> [DEPRECATED] Passing lowercase HTTP method "post" is deprecated. Use uppercase HTTP method like "POST". in SYSTEMPATH\Router\RouteCollection.php on line 1029.
 1 SYSTEMPATH\Router\RouteCollection.php(1029): trigger_error('Passing lowercase HTTP method "post" is deprecated. Use uppercase HTTP method like "POST".', 16384)
 2 APPPATH\Config\Routes.php(34): CodeIgniter\Router\RouteCollection->match([...], 'courses', 'Courses::store', [...])
 3 SYSTEMPATH\Router\RouteCollection.php(799): CodeIgniter\Router\RouteCollection->{closure}(Object(CodeIgniter\Router\RouteCollection))
 4 APPPATH\Config\Routes.php(41): CodeIgniter\Router\RouteCollection->group('admin', [...], Object(Closure))
 5 SYSTEMPATH\Router\RouteCollection.php(799): CodeIgniter\Router\RouteCollection->{closure}(Object(CodeIgniter\Router\RouteCollection))
 6 APPPATH\Config\Routes.php(54): CodeIgniter\Router\RouteCollection->group('', [...], Object(Closure))
 7 SYSTEMPATH\Router\RouteCollection.php(799): CodeIgniter\Router\RouteCollection->{closure}(Object(CodeIgniter\Router\RouteCollection))
 8 APPPATH\Config\Routes.php(55): CodeIgniter\Router\RouteCollection->group('', [...], Object(Closure))
 9 SYSTEMPATH\Router\RouteCollection.php(339): require('C:\\xampp\\htdocs\\ITE311-GOMEZ\\app\\Config\\Routes.php')
10 SYSTEMPATH\CodeIgniter.php(821): CodeIgniter\Router\RouteCollection->loadRoutes()
11 SYSTEMPATH\CodeIgniter.php(455): CodeIgniter\CodeIgniter->tryToRouteIt(null)
12 SYSTEMPATH\CodeIgniter.php(354): CodeIgniter\CodeIgniter->handleRequest(null, Object(Config\Cache), false)
13 SYSTEMPATH\Boot.php(363): CodeIgniter\CodeIgniter->run()
14 SYSTEMPATH\Boot.php(68): CodeIgniter\Boot::runCodeIgniter(Object(CodeIgniter\CodeIgniter))
15 FCPATH\index.php(59): CodeIgniter\Boot::bootWeb(Object(Config\Paths))
DEBUG - 2025-10-09 15:15:33 --> Session: Class initialized using 'CodeIgniter\Session\Handlers\FileHandler' driver.
ERROR - 2025-10-09 15:15:33 --> mysqli_sql_exception: You have an error in your SQL syntax; check the manual that corresponds to your MariaDB server version for the right syntax to use near 'AND `e`.`status` != 'dropped'
ORDER BY `c`.`title` ASC' at line 4 in C:\xampp\htdocs\ITE311-GOMEZ\system\Database\MySQLi\Connection.php:327
Stack trace:
#0 C:\xampp\htdocs\ITE311-GOMEZ\system\Database\MySQLi\Connection.php(327): mysqli->query('SELECT `c`.*, `...', 0)
#1 C:\xampp\htdocs\ITE311-GOMEZ\system\Database\BaseConnection.php(729): CodeIgniter\Database\MySQLi\Connection->execute('SELECT `c`.*, `...')
#2 C:\xampp\htdocs\ITE311-GOMEZ\system\Database\BaseConnection.php(646): CodeIgniter\Database\BaseConnection->simpleQuery('SELECT `c`.*, `...')
#3 C:\xampp\htdocs\ITE311-GOMEZ\system\Database\BaseBuilder.php(1649): CodeIgniter\Database\BaseConnection->query('SELECT `c`.*, `...', Array, false)
#4 C:\xampp\htdocs\ITE311-GOMEZ\app\Controllers\Student\Courses.php(35): CodeIgniter\Database\BaseBuilder->get()
#5 C:\xampp\htdocs\ITE311-GOMEZ\system\CodeIgniter.php(933): App\Controllers\Student\Courses->index()
#6 C:\xampp\htdocs\ITE311-GOMEZ\system\CodeIgniter.php(507): CodeIgniter\CodeIgniter->runController(Object(App\Controllers\Student\Courses))
#7 C:\xampp\htdocs\ITE311-GOMEZ\system\CodeIgniter.php(354): CodeIgniter\CodeIgniter->handleRequest(NULL, Object(Config\Cache), false)
#8 C:\xampp\htdocs\ITE311-GOMEZ\system\Boot.php(363): CodeIgniter\CodeIgniter->run()
#9 C:\xampp\htdocs\ITE311-GOMEZ\system\Boot.php(68): CodeIgniter\Boot::runCodeIgniter(Object(CodeIgniter\CodeIgniter))
#10 C:\xampp\htdocs\ITE311-GOMEZ\public\index.php(59): CodeIgniter\Boot::bootWeb(Object(Config\Paths))
#11 {main}
CRITICAL - 2025-10-09 15:15:33 --> CodeIgniter\Database\Exceptions\DatabaseException: You have an error in your SQL syntax; check the manual that corresponds to your MariaDB server version for the right syntax to use near 'AND `e`.`status` != 'dropped'
ORDER BY `c`.`title` ASC' at line 4
[Method: GET, Route: student/courses]
in SYSTEMPATH\Database\BaseConnection.php on line 684.
 1 SYSTEMPATH\Database\BaseBuilder.php(1649): CodeIgniter\Database\BaseConnection->query('SELECT `c`.*, `u`.`name` as `teacher_name`, `e`.`id` as `enrollment_id`, `e`.`status` as `enrollment_status`
FROM `courses` `c`
LEFT JOIN `users` `u` ON `u`.`id` = `c`.`teacher_id`
LEFT JOIN `enrollments` `e` ON `e`.`course_id` = `c`.`id` AND `e`.`student_id` =  AND `e`.`status` != \'dropped\'
ORDER BY `c`.`title` ASC', [], false)
 2 APPPATH\Controllers\Student\Courses.php(35): CodeIgniter\Database\BaseBuilder->get()
 3 SYSTEMPATH\CodeIgniter.php(933): App\Controllers\Student\Courses->index()
 4 SYSTEMPATH\CodeIgniter.php(507): CodeIgniter\CodeIgniter->runController(Object(App\Controllers\Student\Courses))
 5 SYSTEMPATH\CodeIgniter.php(354): CodeIgniter\CodeIgniter->handleRequest(null, Object(Config\Cache), false)
 6 SYSTEMPATH\Boot.php(363): CodeIgniter\CodeIgniter->run()
 7 SYSTEMPATH\Boot.php(68): CodeIgniter\Boot::runCodeIgniter(Object(CodeIgniter\CodeIgniter))
 8 FCPATH\index.php(59): CodeIgniter\Boot::bootWeb(Object(Config\Paths))
CRITICAL - 2025-10-09 15:15:33 --> [Caused by] CodeIgniter\Database\Exceptions\DatabaseException: You have an error in your SQL syntax; check the manual that corresponds to your MariaDB server version for the right syntax to use near 'AND `e`.`status` != 'dropped'
ORDER BY `c`.`title` ASC' at line 4
in SYSTEMPATH\Database\MySQLi\Connection.php on line 332.
 1 SYSTEMPATH\Database\BaseConnection.php(729): CodeIgniter\Database\MySQLi\Connection->execute('SELECT `c`.*, `u`.`name` as `teacher_name`, `e`.`id` as `enrollment_id`, `e`.`status` as `enrollment_status`
FROM `courses` `c`
LEFT JOIN `users` `u` ON `u`.`id` = `c`.`teacher_id`
LEFT JOIN `enrollments` `e` ON `e`.`course_id` = `c`.`id` AND `e`.`student_id` =  AND `e`.`status` != \'dropped\'
ORDER BY `c`.`title` ASC')
 2 SYSTEMPATH\Database\BaseConnection.php(646): CodeIgniter\Database\BaseConnection->simpleQuery('SELECT `c`.*, `u`.`name` as `teacher_name`, `e`.`id` as `enrollment_id`, `e`.`status` as `enrollment_status`
FROM `courses` `c`
LEFT JOIN `users` `u` ON `u`.`id` = `c`.`teacher_id`
LEFT JOIN `enrollments` `e` ON `e`.`course_id` = `c`.`id` AND `e`.`student_id` =  AND `e`.`status` != \'dropped\'
ORDER BY `c`.`title` ASC')
 3 SYSTEMPATH\Database\BaseBuilder.php(1649): CodeIgniter\Database\BaseConnection->query('SELECT `c`.*, `u`.`name` as `teacher_name`, `e`.`id` as `enrollment_id`, `e`.`status` as `enrollment_status`
FROM `courses` `c`
LEFT JOIN `users` `u` ON `u`.`id` = `c`.`teacher_id`
LEFT JOIN `enrollments` `e` ON `e`.`course_id` = `c`.`id` AND `e`.`student_id` =  AND `e`.`status` != \'dropped\'
ORDER BY `c`.`title` ASC', [], false)
 4 APPPATH\Controllers\Student\Courses.php(35): CodeIgniter\Database\BaseBuilder->get()
 5 SYSTEMPATH\CodeIgniter.php(933): App\Controllers\Student\Courses->index()
 6 SYSTEMPATH\CodeIgniter.php(507): CodeIgniter\CodeIgniter->runController(Object(App\Controllers\Student\Courses))
 7 SYSTEMPATH\CodeIgniter.php(354): CodeIgniter\CodeIgniter->handleRequest(null, Object(Config\Cache), false)
 8 SYSTEMPATH\Boot.php(363): CodeIgniter\CodeIgniter->run()
 9 SYSTEMPATH\Boot.php(68): CodeIgniter\Boot::runCodeIgniter(Object(CodeIgniter\CodeIgniter))
10 FCPATH\index.php(59): CodeIgniter\Boot::bootWeb(Object(Config\Paths))
CRITICAL - 2025-10-09 15:15:33 --> [Caused by] mysqli_sql_exception: You have an error in your SQL syntax; check the manual that corresponds to your MariaDB server version for the right syntax to use near 'AND `e`.`status` != 'dropped'
ORDER BY `c`.`title` ASC' at line 4
in SYSTEMPATH\Database\MySQLi\Connection.php on line 327.
 1 SYSTEMPATH\Database\MySQLi\Connection.php(327): mysqli->query('SELECT `c`.*, `u`.`name` as `teacher_name`, `e`.`id` as `enrollment_id`, `e`.`status` as `enrollment_status`
FROM `courses` `c`
LEFT JOIN `users` `u` ON `u`.`id` = `c`.`teacher_id`
LEFT JOIN `enrollments` `e` ON `e`.`course_id` = `c`.`id` AND `e`.`student_id` =  AND `e`.`status` != \'dropped\'
ORDER BY `c`.`title` ASC', 0)
 2 SYSTEMPATH\Database\BaseConnection.php(729): CodeIgniter\Database\MySQLi\Connection->execute('SELECT `c`.*, `u`.`name` as `teacher_name`, `e`.`id` as `enrollment_id`, `e`.`status` as `enrollment_status`
FROM `courses` `c`
LEFT JOIN `users` `u` ON `u`.`id` = `c`.`teacher_id`
LEFT JOIN `enrollments` `e` ON `e`.`course_id` = `c`.`id` AND `e`.`student_id` =  AND `e`.`status` != \'dropped\'
ORDER BY `c`.`title` ASC')
 3 SYSTEMPATH\Database\BaseConnection.php(646): CodeIgniter\Database\BaseConnection->simpleQuery('SELECT `c`.*, `u`.`name` as `teacher_name`, `e`.`id` as `enrollment_id`, `e`.`status` as `enrollment_status`
FROM `courses` `c`
LEFT JOIN `users` `u` ON `u`.`id` = `c`.`teacher_id`
LEFT JOIN `enrollments` `e` ON `e`.`course_id` = `c`.`id` AND `e`.`student_id` =  AND `e`.`status` != \'dropped\'
ORDER BY `c`.`title` ASC')
 4 SYSTEMPATH\Database\BaseBuilder.php(1649): CodeIgniter\Database\BaseConnection->query('SELECT `c`.*, `u`.`name` as `teacher_name`, `e`.`id` as `enrollment_id`, `e`.`status` as `enrollment_status`
FROM `courses` `c`
LEFT JOIN `users` `u` ON `u`.`id` = `c`.`teacher_id`
LEFT JOIN `enrollments` `e` ON `e`.`course_id` = `c`.`id` AND `e`.`student_id` =  AND `e`.`status` != \'dropped\'
ORDER BY `c`.`title` ASC', [], false)
 5 APPPATH\Controllers\Student\Courses.php(35): CodeIgniter\Database\BaseBuilder->get()
 6 SYSTEMPATH\CodeIgniter.php(933): App\Controllers\Student\Courses->index()
 7 SYSTEMPATH\CodeIgniter.php(507): CodeIgniter\CodeIgniter->runController(Object(App\Controllers\Student\Courses))
 8 SYSTEMPATH\CodeIgniter.php(354): CodeIgniter\CodeIgniter->handleRequest(null, Object(Config\Cache), false)
 9 SYSTEMPATH\Boot.php(363): CodeIgniter\CodeIgniter->run()
10 SYSTEMPATH\Boot.php(68): CodeIgniter\Boot::runCodeIgniter(Object(CodeIgniter\CodeIgniter))
11 FCPATH\index.php(59): CodeIgniter\Boot::bootWeb(Object(Config\Paths))
WARNING - 2025-10-09 15:16:02 --> [DEPRECATED] Passing lowercase HTTP method "post" is deprecated. Use uppercase HTTP method like "POST". in SYSTEMPATH\Router\RouteCollection.php on line 1029.
 1 SYSTEMPATH\Router\RouteCollection.php(1029): trigger_error('Passing lowercase HTTP method "post" is deprecated. Use uppercase HTTP method like "POST".', 16384)
 2 APPPATH\Config\Routes.php(34): CodeIgniter\Router\RouteCollection->match([...], 'courses', 'Courses::store', [...])
 3 SYSTEMPATH\Router\RouteCollection.php(799): CodeIgniter\Router\RouteCollection->{closure}(Object(CodeIgniter\Router\RouteCollection))
 4 APPPATH\Config\Routes.php(41): CodeIgniter\Router\RouteCollection->group('admin', [...], Object(Closure))
 5 SYSTEMPATH\Router\RouteCollection.php(799): CodeIgniter\Router\RouteCollection->{closure}(Object(CodeIgniter\Router\RouteCollection))
 6 APPPATH\Config\Routes.php(54): CodeIgniter\Router\RouteCollection->group('', [...], Object(Closure))
 7 SYSTEMPATH\Router\RouteCollection.php(799): CodeIgniter\Router\RouteCollection->{closure}(Object(CodeIgniter\Router\RouteCollection))
 8 APPPATH\Config\Routes.php(55): CodeIgniter\Router\RouteCollection->group('', [...], Object(Closure))
 9 SYSTEMPATH\Router\RouteCollection.php(339): require('C:\\xampp\\htdocs\\ITE311-GOMEZ\\app\\Config\\Routes.php')
10 SYSTEMPATH\CLI\Console.php(41): CodeIgniter\Router\RouteCollection->loadRoutes()
11 SYSTEMPATH\Boot.php(388): CodeIgniter\CLI\Console->run()
12 SYSTEMPATH\Boot.php(133): CodeIgniter\Boot::runCommand(Object(CodeIgniter\CLI\Console))
13 ROOTPATH\spark(87): CodeIgniter\Boot::bootSpark(Object(Config\Paths))
WARNING - 2025-10-09 15:16:19 --> [DEPRECATED] Passing lowercase HTTP method "post" is deprecated. Use uppercase HTTP method like "POST". in SYSTEMPATH\Router\RouteCollection.php on line 1029.
 1 SYSTEMPATH\Router\RouteCollection.php(1029): trigger_error('Passing lowercase HTTP method "post" is deprecated. Use uppercase HTTP method like "POST".', 16384)
 2 APPPATH\Config\Routes.php(34): CodeIgniter\Router\RouteCollection->match([...], 'courses', 'Courses::store', [...])
 3 SYSTEMPATH\Router\RouteCollection.php(799): CodeIgniter\Router\RouteCollection->{closure}(Object(CodeIgniter\Router\RouteCollection))
 4 APPPATH\Config\Routes.php(41): CodeIgniter\Router\RouteCollection->group('admin', [...], Object(Closure))
 5 SYSTEMPATH\Router\RouteCollection.php(799): CodeIgniter\Router\RouteCollection->{closure}(Object(CodeIgniter\Router\RouteCollection))
 6 APPPATH\Config\Routes.php(54): CodeIgniter\Router\RouteCollection->group('', [...], Object(Closure))
 7 SYSTEMPATH\Router\RouteCollection.php(799): CodeIgniter\Router\RouteCollection->{closure}(Object(CodeIgniter\Router\RouteCollection))
 8 APPPATH\Config\Routes.php(55): CodeIgniter\Router\RouteCollection->group('', [...], Object(Closure))
 9 SYSTEMPATH\Router\RouteCollection.php(339): require('C:\\xampp\\htdocs\\ITE311-GOMEZ\\app\\Config\\Routes.php')
10 SYSTEMPATH\CodeIgniter.php(821): CodeIgniter\Router\RouteCollection->loadRoutes()
11 SYSTEMPATH\CodeIgniter.php(455): CodeIgniter\CodeIgniter->tryToRouteIt(null)
12 SYSTEMPATH\CodeIgniter.php(354): CodeIgniter\CodeIgniter->handleRequest(null, Object(Config\Cache), false)
13 SYSTEMPATH\Boot.php(363): CodeIgniter\CodeIgniter->run()
14 SYSTEMPATH\Boot.php(68): CodeIgniter\Boot::runCodeIgniter(Object(CodeIgniter\CodeIgniter))
15 FCPATH\index.php(59): CodeIgniter\Boot::bootWeb(Object(Config\Paths))
DEBUG - 2025-10-09 15:16:19 --> Session: Class initialized using 'CodeIgniter\Session\Handlers\FileHandler' driver.
ERROR - 2025-10-09 15:16:19 --> mysqli_sql_exception: You have an error in your SQL syntax; check the manual that corresponds to your MariaDB server version for the right syntax to use near 'AND `e`.`status` != 'dropped'
ORDER BY `c`.`title` ASC' at line 4 in C:\xampp\htdocs\ITE311-GOMEZ\system\Database\MySQLi\Connection.php:327
Stack trace:
#0 C:\xampp\htdocs\ITE311-GOMEZ\system\Database\MySQLi\Connection.php(327): mysqli->query('SELECT `c`.*, `...', 0)
#1 C:\xampp\htdocs\ITE311-GOMEZ\system\Database\BaseConnection.php(729): CodeIgniter\Database\MySQLi\Connection->execute('SELECT `c`.*, `...')
#2 C:\xampp\htdocs\ITE311-GOMEZ\system\Database\BaseConnection.php(646): CodeIgniter\Database\BaseConnection->simpleQuery('SELECT `c`.*, `...')
#3 C:\xampp\htdocs\ITE311-GOMEZ\system\Database\BaseBuilder.php(1649): CodeIgniter\Database\BaseConnection->query('SELECT `c`.*, `...', Array, false)
#4 C:\xampp\htdocs\ITE311-GOMEZ\app\Controllers\Student\Courses.php(35): CodeIgniter\Database\BaseBuilder->get()
#5 C:\xampp\htdocs\ITE311-GOMEZ\system\CodeIgniter.php(933): App\Controllers\Student\Courses->index()
#6 C:\xampp\htdocs\ITE311-GOMEZ\system\CodeIgniter.php(507): CodeIgniter\CodeIgniter->runController(Object(App\Controllers\Student\Courses))
#7 C:\xampp\htdocs\ITE311-GOMEZ\system\CodeIgniter.php(354): CodeIgniter\CodeIgniter->handleRequest(NULL, Object(Config\Cache), false)
#8 C:\xampp\htdocs\ITE311-GOMEZ\system\Boot.php(363): CodeIgniter\CodeIgniter->run()
#9 C:\xampp\htdocs\ITE311-GOMEZ\system\Boot.php(68): CodeIgniter\Boot::runCodeIgniter(Object(CodeIgniter\CodeIgniter))
#10 C:\xampp\htdocs\ITE311-GOMEZ\public\index.php(59): CodeIgniter\Boot::bootWeb(Object(Config\Paths))
#11 {main}
CRITICAL - 2025-10-09 15:16:19 --> CodeIgniter\Database\Exceptions\DatabaseException: You have an error in your SQL syntax; check the manual that corresponds to your MariaDB server version for the right syntax to use near 'AND `e`.`status` != 'dropped'
ORDER BY `c`.`title` ASC' at line 4
[Method: GET, Route: student/courses]
in SYSTEMPATH\Database\BaseConnection.php on line 684.
 1 SYSTEMPATH\Database\BaseBuilder.php(1649): CodeIgniter\Database\BaseConnection->query('SELECT `c`.*, `u`.`name` as `teacher_name`, `e`.`id` as `enrollment_id`, `e`.`status` as `enrollment_status`
FROM `courses` `c`
LEFT JOIN `users` `u` ON `u`.`id` = `c`.`teacher_id`
LEFT JOIN `enrollments` `e` ON `e`.`course_id` = `c`.`id` AND `e`.`student_id` =  AND `e`.`status` != \'dropped\'
ORDER BY `c`.`title` ASC', [], false)
 2 APPPATH\Controllers\Student\Courses.php(35): CodeIgniter\Database\BaseBuilder->get()
 3 SYSTEMPATH\CodeIgniter.php(933): App\Controllers\Student\Courses->index()
 4 SYSTEMPATH\CodeIgniter.php(507): CodeIgniter\CodeIgniter->runController(Object(App\Controllers\Student\Courses))
 5 SYSTEMPATH\CodeIgniter.php(354): CodeIgniter\CodeIgniter->handleRequest(null, Object(Config\Cache), false)
 6 SYSTEMPATH\Boot.php(363): CodeIgniter\CodeIgniter->run()
 7 SYSTEMPATH\Boot.php(68): CodeIgniter\Boot::runCodeIgniter(Object(CodeIgniter\CodeIgniter))
 8 FCPATH\index.php(59): CodeIgniter\Boot::bootWeb(Object(Config\Paths))
CRITICAL - 2025-10-09 15:16:19 --> [Caused by] CodeIgniter\Database\Exceptions\DatabaseException: You have an error in your SQL syntax; check the manual that corresponds to your MariaDB server version for the right syntax to use near 'AND `e`.`status` != 'dropped'
ORDER BY `c`.`title` ASC' at line 4
in SYSTEMPATH\Database\MySQLi\Connection.php on line 332.
 1 SYSTEMPATH\Database\BaseConnection.php(729): CodeIgniter\Database\MySQLi\Connection->execute('SELECT `c`.*, `u`.`name` as `teacher_name`, `e`.`id` as `enrollment_id`, `e`.`status` as `enrollment_status`
FROM `courses` `c`
LEFT JOIN `users` `u` ON `u`.`id` = `c`.`teacher_id`
LEFT JOIN `enrollments` `e` ON `e`.`course_id` = `c`.`id` AND `e`.`student_id` =  AND `e`.`status` != \'dropped\'
ORDER BY `c`.`title` ASC')
 2 SYSTEMPATH\Database\BaseConnection.php(646): CodeIgniter\Database\BaseConnection->simpleQuery('SELECT `c`.*, `u`.`name` as `teacher_name`, `e`.`id` as `enrollment_id`, `e`.`status` as `enrollment_status`
FROM `courses` `c`
LEFT JOIN `users` `u` ON `u`.`id` = `c`.`teacher_id`
LEFT JOIN `enrollments` `e` ON `e`.`course_id` = `c`.`id` AND `e`.`student_id` =  AND `e`.`status` != \'dropped\'
ORDER BY `c`.`title` ASC')
 3 SYSTEMPATH\Database\BaseBuilder.php(1649): CodeIgniter\Database\BaseConnection->query('SELECT `c`.*, `u`.`name` as `teacher_name`, `e`.`id` as `enrollment_id`, `e`.`status` as `enrollment_status`
FROM `courses` `c`
LEFT JOIN `users` `u` ON `u`.`id` = `c`.`teacher_id`
LEFT JOIN `enrollments` `e` ON `e`.`course_id` = `c`.`id` AND `e`.`student_id` =  AND `e`.`status` != \'dropped\'
ORDER BY `c`.`title` ASC', [], false)
 4 APPPATH\Controllers\Student\Courses.php(35): CodeIgniter\Database\BaseBuilder->get()
 5 SYSTEMPATH\CodeIgniter.php(933): App\Controllers\Student\Courses->index()
 6 SYSTEMPATH\CodeIgniter.php(507): CodeIgniter\CodeIgniter->runController(Object(App\Controllers\Student\Courses))
 7 SYSTEMPATH\CodeIgniter.php(354): CodeIgniter\CodeIgniter->handleRequest(null, Object(Config\Cache), false)
 8 SYSTEMPATH\Boot.php(363): CodeIgniter\CodeIgniter->run()
 9 SYSTEMPATH\Boot.php(68): CodeIgniter\Boot::runCodeIgniter(Object(CodeIgniter\CodeIgniter))
10 FCPATH\index.php(59): CodeIgniter\Boot::bootWeb(Object(Config\Paths))
CRITICAL - 2025-10-09 15:16:19 --> [Caused by] mysqli_sql_exception: You have an error in your SQL syntax; check the manual that corresponds to your MariaDB server version for the right syntax to use near 'AND `e`.`status` != 'dropped'
ORDER BY `c`.`title` ASC' at line 4
in SYSTEMPATH\Database\MySQLi\Connection.php on line 327.
 1 SYSTEMPATH\Database\MySQLi\Connection.php(327): mysqli->query('SELECT `c`.*, `u`.`name` as `teacher_name`, `e`.`id` as `enrollment_id`, `e`.`status` as `enrollment_status`
FROM `courses` `c`
LEFT JOIN `users` `u` ON `u`.`id` = `c`.`teacher_id`
LEFT JOIN `enrollments` `e` ON `e`.`course_id` = `c`.`id` AND `e`.`student_id` =  AND `e`.`status` != \'dropped\'
ORDER BY `c`.`title` ASC', 0)
 2 SYSTEMPATH\Database\BaseConnection.php(729): CodeIgniter\Database\MySQLi\Connection->execute('SELECT `c`.*, `u`.`name` as `teacher_name`, `e`.`id` as `enrollment_id`, `e`.`status` as `enrollment_status`
FROM `courses` `c`
LEFT JOIN `users` `u` ON `u`.`id` = `c`.`teacher_id`
LEFT JOIN `enrollments` `e` ON `e`.`course_id` = `c`.`id` AND `e`.`student_id` =  AND `e`.`status` != \'dropped\'
ORDER BY `c`.`title` ASC')
 3 SYSTEMPATH\Database\BaseConnection.php(646): CodeIgniter\Database\BaseConnection->simpleQuery('SELECT `c`.*, `u`.`name` as `teacher_name`, `e`.`id` as `enrollment_id`, `e`.`status` as `enrollment_status`
FROM `courses` `c`
LEFT JOIN `users` `u` ON `u`.`id` = `c`.`teacher_id`
LEFT JOIN `enrollments` `e` ON `e`.`course_id` = `c`.`id` AND `e`.`student_id` =  AND `e`.`status` != \'dropped\'
ORDER BY `c`.`title` ASC')
 4 SYSTEMPATH\Database\BaseBuilder.php(1649): CodeIgniter\Database\BaseConnection->query('SELECT `c`.*, `u`.`name` as `teacher_name`, `e`.`id` as `enrollment_id`, `e`.`status` as `enrollment_status`
FROM `courses` `c`
LEFT JOIN `users` `u` ON `u`.`id` = `c`.`teacher_id`
LEFT JOIN `enrollments` `e` ON `e`.`course_id` = `c`.`id` AND `e`.`student_id` =  AND `e`.`status` != \'dropped\'
ORDER BY `c`.`title` ASC', [], false)
 5 APPPATH\Controllers\Student\Courses.php(35): CodeIgniter\Database\BaseBuilder->get()
 6 SYSTEMPATH\CodeIgniter.php(933): App\Controllers\Student\Courses->index()
 7 SYSTEMPATH\CodeIgniter.php(507): CodeIgniter\CodeIgniter->runController(Object(App\Controllers\Student\Courses))
 8 SYSTEMPATH\CodeIgniter.php(354): CodeIgniter\CodeIgniter->handleRequest(null, Object(Config\Cache), false)
 9 SYSTEMPATH\Boot.php(363): CodeIgniter\CodeIgniter->run()
10 SYSTEMPATH\Boot.php(68): CodeIgniter\Boot::runCodeIgniter(Object(CodeIgniter\CodeIgniter))
11 FCPATH\index.php(59): CodeIgniter\Boot::bootWeb(Object(Config\Paths))
WARNING - 2025-10-09 15:18:35 --> [DEPRECATED] Passing lowercase HTTP method "post" is deprecated. Use uppercase HTTP method like "POST". in SYSTEMPATH\Router\RouteCollection.php on line 1029.
 1 SYSTEMPATH\Router\RouteCollection.php(1029): trigger_error('Passing lowercase HTTP method "post" is deprecated. Use uppercase HTTP method like "POST".', 16384)
 2 APPPATH\Config\Routes.php(34): CodeIgniter\Router\RouteCollection->match([...], 'courses', 'Courses::store', [...])
 3 SYSTEMPATH\Router\RouteCollection.php(799): CodeIgniter\Router\RouteCollection->{closure}(Object(CodeIgniter\Router\RouteCollection))
 4 APPPATH\Config\Routes.php(41): CodeIgniter\Router\RouteCollection->group('admin', [...], Object(Closure))
 5 SYSTEMPATH\Router\RouteCollection.php(799): CodeIgniter\Router\RouteCollection->{closure}(Object(CodeIgniter\Router\RouteCollection))
 6 APPPATH\Config\Routes.php(54): CodeIgniter\Router\RouteCollection->group('', [...], Object(Closure))
 7 SYSTEMPATH\Router\RouteCollection.php(799): CodeIgniter\Router\RouteCollection->{closure}(Object(CodeIgniter\Router\RouteCollection))
 8 APPPATH\Config\Routes.php(55): CodeIgniter\Router\RouteCollection->group('', [...], Object(Closure))
 9 SYSTEMPATH\Router\RouteCollection.php(339): require('C:\\xampp\\htdocs\\ITE311-GOMEZ\\app\\Config\\Routes.php')
10 SYSTEMPATH\CodeIgniter.php(821): CodeIgniter\Router\RouteCollection->loadRoutes()
11 SYSTEMPATH\CodeIgniter.php(455): CodeIgniter\CodeIgniter->tryToRouteIt(null)
12 SYSTEMPATH\CodeIgniter.php(354): CodeIgniter\CodeIgniter->handleRequest(null, Object(Config\Cache), false)
13 SYSTEMPATH\Boot.php(363): CodeIgniter\CodeIgniter->run()
14 SYSTEMPATH\Boot.php(68): CodeIgniter\Boot::runCodeIgniter(Object(CodeIgniter\CodeIgniter))
15 FCPATH\index.php(59): CodeIgniter\Boot::bootWeb(Object(Config\Paths))
DEBUG - 2025-10-09 15:18:35 --> Session: Class initialized using 'CodeIgniter\Session\Handlers\FileHandler' driver.
ERROR - 2025-10-09 15:18:35 --> mysqli_sql_exception: Unknown column 'status' in 'where clause' in C:\xampp\htdocs\ITE311-GOMEZ\system\Database\MySQLi\Connection.php:327
Stack trace:
#0 C:\xampp\htdocs\ITE311-GOMEZ\system\Database\MySQLi\Connection.php(327): mysqli->query('SELECT *\nFROM `...', 0)
#1 C:\xampp\htdocs\ITE311-GOMEZ\system\Database\BaseConnection.php(729): CodeIgniter\Database\MySQLi\Connection->execute('SELECT *\nFROM `...')
#2 C:\xampp\htdocs\ITE311-GOMEZ\system\Database\BaseConnection.php(646): CodeIgniter\Database\BaseConnection->simpleQuery('SELECT *\nFROM `...')
#3 C:\xampp\htdocs\ITE311-GOMEZ\system\Database\BaseBuilder.php(1649): CodeIgniter\Database\BaseConnection->query('SELECT *\nFROM `...', Array, false)
#4 C:\xampp\htdocs\ITE311-GOMEZ\system\Model.php(286): CodeIgniter\Database\BaseBuilder->get()
#5 C:\xampp\htdocs\ITE311-GOMEZ\system\BaseModel.php(677): CodeIgniter\Model->doFindAll(0, 0)
#6 C:\xampp\htdocs\ITE311-GOMEZ\app\Controllers\Student\Courses.php(43): CodeIgniter\BaseModel->findAll()
#7 C:\xampp\htdocs\ITE311-GOMEZ\system\CodeIgniter.php(933): App\Controllers\Student\Courses->index()
#8 C:\xampp\htdocs\ITE311-GOMEZ\system\CodeIgniter.php(507): CodeIgniter\CodeIgniter->runController(Object(App\Controllers\Student\Courses))
#9 C:\xampp\htdocs\ITE311-GOMEZ\system\CodeIgniter.php(354): CodeIgniter\CodeIgniter->handleRequest(NULL, Object(Config\Cache), false)
#10 C:\xampp\htdocs\ITE311-GOMEZ\system\Boot.php(363): CodeIgniter\CodeIgniter->run()
#11 C:\xampp\htdocs\ITE311-GOMEZ\system\Boot.php(68): CodeIgniter\Boot::runCodeIgniter(Object(CodeIgniter\CodeIgniter))
#12 C:\xampp\htdocs\ITE311-GOMEZ\public\index.php(59): CodeIgniter\Boot::bootWeb(Object(Config\Paths))
#13 {main}
CRITICAL - 2025-10-09 15:18:35 --> CodeIgniter\Database\Exceptions\DatabaseException: Unknown column 'status' in 'where clause'
[Method: GET, Route: student/courses]
in SYSTEMPATH\Database\BaseConnection.php on line 684.
 1 SYSTEMPATH\Database\BaseBuilder.php(1649): CodeIgniter\Database\BaseConnection->query('SELECT *
FROM `enrollments`
WHERE `student_id` IS NULL
AND `status` != :status:', [...], false)
 2 SYSTEMPATH\Model.php(286): CodeIgniter\Database\BaseBuilder->get()
 3 SYSTEMPATH\BaseModel.php(677): CodeIgniter\Model->doFindAll(0, 0)
 4 APPPATH\Controllers\Student\Courses.php(43): CodeIgniter\BaseModel->findAll()
 5 SYSTEMPATH\CodeIgniter.php(933): App\Controllers\Student\Courses->index()
 6 SYSTEMPATH\CodeIgniter.php(507): CodeIgniter\CodeIgniter->runController(Object(App\Controllers\Student\Courses))
 7 SYSTEMPATH\CodeIgniter.php(354): CodeIgniter\CodeIgniter->handleRequest(null, Object(Config\Cache), false)
 8 SYSTEMPATH\Boot.php(363): CodeIgniter\CodeIgniter->run()
 9 SYSTEMPATH\Boot.php(68): CodeIgniter\Boot::runCodeIgniter(Object(CodeIgniter\CodeIgniter))
10 FCPATH\index.php(59): CodeIgniter\Boot::bootWeb(Object(Config\Paths))
CRITICAL - 2025-10-09 15:18:35 --> [Caused by] CodeIgniter\Database\Exceptions\DatabaseException: Unknown column 'status' in 'where clause'
in SYSTEMPATH\Database\MySQLi\Connection.php on line 332.
 1 SYSTEMPATH\Database\BaseConnection.php(729): CodeIgniter\Database\MySQLi\Connection->execute('SELECT *
FROM `enrollments`
WHERE `student_id` IS NULL
AND `status` != \'dropped\'')
 2 SYSTEMPATH\Database\BaseConnection.php(646): CodeIgniter\Database\BaseConnection->simpleQuery('SELECT *
FROM `enrollments`
WHERE `student_id` IS NULL
AND `status` != \'dropped\'')
 3 SYSTEMPATH\Database\BaseBuilder.php(1649): CodeIgniter\Database\BaseConnection->query('SELECT *
FROM `enrollments`
WHERE `student_id` IS NULL
AND `status` != :status:', [...], false)
 4 SYSTEMPATH\Model.php(286): CodeIgniter\Database\BaseBuilder->get()
 5 SYSTEMPATH\BaseModel.php(677): CodeIgniter\Model->doFindAll(0, 0)
 6 APPPATH\Controllers\Student\Courses.php(43): CodeIgniter\BaseModel->findAll()
 7 SYSTEMPATH\CodeIgniter.php(933): App\Controllers\Student\Courses->index()
 8 SYSTEMPATH\CodeIgniter.php(507): CodeIgniter\CodeIgniter->runController(Object(App\Controllers\Student\Courses))
 9 SYSTEMPATH\CodeIgniter.php(354): CodeIgniter\CodeIgniter->handleRequest(null, Object(Config\Cache), false)
10 SYSTEMPATH\Boot.php(363): CodeIgniter\CodeIgniter->run()
11 SYSTEMPATH\Boot.php(68): CodeIgniter\Boot::runCodeIgniter(Object(CodeIgniter\CodeIgniter))
12 FCPATH\index.php(59): CodeIgniter\Boot::bootWeb(Object(Config\Paths))
CRITICAL - 2025-10-09 15:18:35 --> [Caused by] mysqli_sql_exception: Unknown column 'status' in 'where clause'
in SYSTEMPATH\Database\MySQLi\Connection.php on line 327.
 1 SYSTEMPATH\Database\MySQLi\Connection.php(327): mysqli->query('SELECT *
FROM `enrollments`
WHERE `student_id` IS NULL
AND `status` != \'dropped\'', 0)
 2 SYSTEMPATH\Database\BaseConnection.php(729): CodeIgniter\Database\MySQLi\Connection->execute('SELECT *
FROM `enrollments`
WHERE `student_id` IS NULL
AND `status` != \'dropped\'')
 3 SYSTEMPATH\Database\BaseConnection.php(646): CodeIgniter\Database\BaseConnection->simpleQuery('SELECT *
FROM `enrollments`
WHERE `student_id` IS NULL
AND `status` != \'dropped\'')
 4 SYSTEMPATH\Database\BaseBuilder.php(1649): CodeIgniter\Database\BaseConnection->query('SELECT *
FROM `enrollments`
WHERE `student_id` IS NULL
AND `status` != :status:', [...], false)
 5 SYSTEMPATH\Model.php(286): CodeIgniter\Database\BaseBuilder->get()
 6 SYSTEMPATH\BaseModel.php(677): CodeIgniter\Model->doFindAll(0, 0)
 7 APPPATH\Controllers\Student\Courses.php(43): CodeIgniter\BaseModel->findAll()
 8 SYSTEMPATH\CodeIgniter.php(933): App\Controllers\Student\Courses->index()
 9 SYSTEMPATH\CodeIgniter.php(507): CodeIgniter\CodeIgniter->runController(Object(App\Controllers\Student\Courses))
10 SYSTEMPATH\CodeIgniter.php(354): CodeIgniter\CodeIgniter->handleRequest(null, Object(Config\Cache), false)
11 SYSTEMPATH\Boot.php(363): CodeIgniter\CodeIgniter->run()
12 SYSTEMPATH\Boot.php(68): CodeIgniter\Boot::runCodeIgniter(Object(CodeIgniter\CodeIgniter))
13 FCPATH\index.php(59): CodeIgniter\Boot::bootWeb(Object(Config\Paths))
WARNING - 2025-10-09 15:19:06 --> [DEPRECATED] Passing lowercase HTTP method "post" is deprecated. Use uppercase HTTP method like "POST". in SYSTEMPATH\Router\RouteCollection.php on line 1029.
 1 SYSTEMPATH\Router\RouteCollection.php(1029): trigger_error('Passing lowercase HTTP method "post" is deprecated. Use uppercase HTTP method like "POST".', 16384)
 2 APPPATH\Config\Routes.php(34): CodeIgniter\Router\RouteCollection->match([...], 'courses', 'Courses::store', [...])
 3 SYSTEMPATH\Router\RouteCollection.php(799): CodeIgniter\Router\RouteCollection->{closure}(Object(CodeIgniter\Router\RouteCollection))
 4 APPPATH\Config\Routes.php(41): CodeIgniter\Router\RouteCollection->group('admin', [...], Object(Closure))
 5 SYSTEMPATH\Router\RouteCollection.php(799): CodeIgniter\Router\RouteCollection->{closure}(Object(CodeIgniter\Router\RouteCollection))
 6 APPPATH\Config\Routes.php(54): CodeIgniter\Router\RouteCollection->group('', [...], Object(Closure))
 7 SYSTEMPATH\Router\RouteCollection.php(799): CodeIgniter\Router\RouteCollection->{closure}(Object(CodeIgniter\Router\RouteCollection))
 8 APPPATH\Config\Routes.php(55): CodeIgniter\Router\RouteCollection->group('', [...], Object(Closure))
 9 SYSTEMPATH\Router\RouteCollection.php(339): require('C:\\xampp\\htdocs\\ITE311-GOMEZ\\app\\Config\\Routes.php')
10 SYSTEMPATH\CLI\Console.php(41): CodeIgniter\Router\RouteCollection->loadRoutes()
11 SYSTEMPATH\Boot.php(388): CodeIgniter\CLI\Console->run()
12 SYSTEMPATH\Boot.php(133): CodeIgniter\Boot::runCommand(Object(CodeIgniter\CLI\Console))
13 ROOTPATH\spark(87): CodeIgniter\Boot::bootSpark(Object(Config\Paths))
WARNING - 2025-10-09 15:19:30 --> [DEPRECATED] Passing lowercase HTTP method "post" is deprecated. Use uppercase HTTP method like "POST". in SYSTEMPATH\Router\RouteCollection.php on line 1029.
 1 SYSTEMPATH\Router\RouteCollection.php(1029): trigger_error('Passing lowercase HTTP method "post" is deprecated. Use uppercase HTTP method like "POST".', 16384)
 2 APPPATH\Config\Routes.php(34): CodeIgniter\Router\RouteCollection->match([...], 'courses', 'Courses::store', [...])
 3 SYSTEMPATH\Router\RouteCollection.php(799): CodeIgniter\Router\RouteCollection->{closure}(Object(CodeIgniter\Router\RouteCollection))
 4 APPPATH\Config\Routes.php(41): CodeIgniter\Router\RouteCollection->group('admin', [...], Object(Closure))
 5 SYSTEMPATH\Router\RouteCollection.php(799): CodeIgniter\Router\RouteCollection->{closure}(Object(CodeIgniter\Router\RouteCollection))
 6 APPPATH\Config\Routes.php(54): CodeIgniter\Router\RouteCollection->group('', [...], Object(Closure))
 7 SYSTEMPATH\Router\RouteCollection.php(799): CodeIgniter\Router\RouteCollection->{closure}(Object(CodeIgniter\Router\RouteCollection))
 8 APPPATH\Config\Routes.php(55): CodeIgniter\Router\RouteCollection->group('', [...], Object(Closure))
 9 SYSTEMPATH\Router\RouteCollection.php(339): require('C:\\xampp\\htdocs\\ITE311-GOMEZ\\app\\Config\\Routes.php')
10 SYSTEMPATH\CodeIgniter.php(821): CodeIgniter\Router\RouteCollection->loadRoutes()
11 SYSTEMPATH\CodeIgniter.php(455): CodeIgniter\CodeIgniter->tryToRouteIt(null)
12 SYSTEMPATH\CodeIgniter.php(354): CodeIgniter\CodeIgniter->handleRequest(null, Object(Config\Cache), false)
13 SYSTEMPATH\Boot.php(363): CodeIgniter\CodeIgniter->run()
14 SYSTEMPATH\Boot.php(68): CodeIgniter\Boot::runCodeIgniter(Object(CodeIgniter\CodeIgniter))
15 FCPATH\index.php(59): CodeIgniter\Boot::bootWeb(Object(Config\Paths))
DEBUG - 2025-10-09 15:19:30 --> Session: Class initialized using 'CodeIgniter\Session\Handlers\FileHandler' driver.
CRITICAL - 2025-10-09 15:19:30 --> ParseError: syntax error, unexpected token "else"
[Method: GET, Route: student/courses]
in APPPATH\Views\student\courses\index.php on line 68.
 1 SYSTEMPATH\View\View.php(229): CodeIgniter\View\View->CodeIgniter\View\{closure}()
 2 SYSTEMPATH\Common.php(1167): CodeIgniter\View\View->render('student/courses/index', [], true)
 3 APPPATH\Controllers\BaseController.php(182): view('student/courses/index', [...])
 4 APPPATH\Controllers\Student\Courses.php(61): App\Controllers\BaseController->render('student/courses/index', [...])
 5 SYSTEMPATH\CodeIgniter.php(933): App\Controllers\Student\Courses->index()
 6 SYSTEMPATH\CodeIgniter.php(507): CodeIgniter\CodeIgniter->runController(Object(App\Controllers\Student\Courses))
 7 SYSTEMPATH\CodeIgniter.php(354): CodeIgniter\CodeIgniter->handleRequest(null, Object(Config\Cache), false)
 8 SYSTEMPATH\Boot.php(363): CodeIgniter\CodeIgniter->run()
 9 SYSTEMPATH\Boot.php(68): CodeIgniter\Boot::runCodeIgniter(Object(CodeIgniter\CodeIgniter))
10 FCPATH\index.php(59): CodeIgniter\Boot::bootWeb(Object(Config\Paths))
WARNING - 2025-10-09 15:19:59 --> [DEPRECATED] Passing lowercase HTTP method "post" is deprecated. Use uppercase HTTP method like "POST". in SYSTEMPATH\Router\RouteCollection.php on line 1029.
 1 SYSTEMPATH\Router\RouteCollection.php(1029): trigger_error('Passing lowercase HTTP method "post" is deprecated. Use uppercase HTTP method like "POST".', 16384)
 2 APPPATH\Config\Routes.php(34): CodeIgniter\Router\RouteCollection->match([...], 'courses', 'Courses::store', [...])
 3 SYSTEMPATH\Router\RouteCollection.php(799): CodeIgniter\Router\RouteCollection->{closure}(Object(CodeIgniter\Router\RouteCollection))
 4 APPPATH\Config\Routes.php(41): CodeIgniter\Router\RouteCollection->group('admin', [...], Object(Closure))
 5 SYSTEMPATH\Router\RouteCollection.php(799): CodeIgniter\Router\RouteCollection->{closure}(Object(CodeIgniter\Router\RouteCollection))
 6 APPPATH\Config\Routes.php(54): CodeIgniter\Router\RouteCollection->group('', [...], Object(Closure))
 7 SYSTEMPATH\Router\RouteCollection.php(799): CodeIgniter\Router\RouteCollection->{closure}(Object(CodeIgniter\Router\RouteCollection))
 8 APPPATH\Config\Routes.php(55): CodeIgniter\Router\RouteCollection->group('', [...], Object(Closure))
 9 SYSTEMPATH\Router\RouteCollection.php(339): require('C:\\xampp\\htdocs\\ITE311-GOMEZ\\app\\Config\\Routes.php')
10 SYSTEMPATH\CodeIgniter.php(821): CodeIgniter\Router\RouteCollection->loadRoutes()
11 SYSTEMPATH\CodeIgniter.php(455): CodeIgniter\CodeIgniter->tryToRouteIt(null)
12 SYSTEMPATH\CodeIgniter.php(354): CodeIgniter\CodeIgniter->handleRequest(null, Object(Config\Cache), false)
13 SYSTEMPATH\Boot.php(363): CodeIgniter\CodeIgniter->run()
14 SYSTEMPATH\Boot.php(68): CodeIgniter\Boot::runCodeIgniter(Object(CodeIgniter\CodeIgniter))
15 FCPATH\index.php(59): CodeIgniter\Boot::bootWeb(Object(Config\Paths))
DEBUG - 2025-10-09 15:19:59 --> Session: Class initialized using 'CodeIgniter\Session\Handlers\FileHandler' driver.
WARNING - 2025-10-09 15:20:01 --> [DEPRECATED] Passing lowercase HTTP method "post" is deprecated. Use uppercase HTTP method like "POST". in SYSTEMPATH\Router\RouteCollection.php on line 1029.
 1 SYSTEMPATH\Router\RouteCollection.php(1029): trigger_error('Passing lowercase HTTP method "post" is deprecated. Use uppercase HTTP method like "POST".', 16384)
 2 APPPATH\Config\Routes.php(34): CodeIgniter\Router\RouteCollection->match([...], 'courses', 'Courses::store', [...])
 3 SYSTEMPATH\Router\RouteCollection.php(799): CodeIgniter\Router\RouteCollection->{closure}(Object(CodeIgniter\Router\RouteCollection))
 4 APPPATH\Config\Routes.php(41): CodeIgniter\Router\RouteCollection->group('admin', [...], Object(Closure))
 5 SYSTEMPATH\Router\RouteCollection.php(799): CodeIgniter\Router\RouteCollection->{closure}(Object(CodeIgniter\Router\RouteCollection))
 6 APPPATH\Config\Routes.php(54): CodeIgniter\Router\RouteCollection->group('', [...], Object(Closure))
 7 SYSTEMPATH\Router\RouteCollection.php(799): CodeIgniter\Router\RouteCollection->{closure}(Object(CodeIgniter\Router\RouteCollection))
 8 APPPATH\Config\Routes.php(55): CodeIgniter\Router\RouteCollection->group('', [...], Object(Closure))
 9 SYSTEMPATH\Router\RouteCollection.php(339): require('C:\\xampp\\htdocs\\ITE311-GOMEZ\\app\\Config\\Routes.php')
10 SYSTEMPATH\CodeIgniter.php(821): CodeIgniter\Router\RouteCollection->loadRoutes()
11 SYSTEMPATH\CodeIgniter.php(455): CodeIgniter\CodeIgniter->tryToRouteIt(null)
12 SYSTEMPATH\CodeIgniter.php(354): CodeIgniter\CodeIgniter->handleRequest(null, Object(Config\Cache), false)
13 SYSTEMPATH\Boot.php(363): CodeIgniter\CodeIgniter->run()
14 SYSTEMPATH\Boot.php(68): CodeIgniter\Boot::runCodeIgniter(Object(CodeIgniter\CodeIgniter))
15 FCPATH\index.php(59): CodeIgniter\Boot::bootWeb(Object(Config\Paths))
DEBUG - 2025-10-09 15:20:01 --> Session: Class initialized using 'CodeIgniter\Session\Handlers\FileHandler' driver.
WARNING - 2025-10-09 15:20:02 --> [DEPRECATED] Passing lowercase HTTP method "post" is deprecated. Use uppercase HTTP method like "POST". in SYSTEMPATH\Router\RouteCollection.php on line 1029.
 1 SYSTEMPATH\Router\RouteCollection.php(1029): trigger_error('Passing lowercase HTTP method "post" is deprecated. Use uppercase HTTP method like "POST".', 16384)
 2 APPPATH\Config\Routes.php(34): CodeIgniter\Router\RouteCollection->match([...], 'courses', 'Courses::store', [...])
 3 SYSTEMPATH\Router\RouteCollection.php(799): CodeIgniter\Router\RouteCollection->{closure}(Object(CodeIgniter\Router\RouteCollection))
 4 APPPATH\Config\Routes.php(41): CodeIgniter\Router\RouteCollection->group('admin', [...], Object(Closure))
 5 SYSTEMPATH\Router\RouteCollection.php(799): CodeIgniter\Router\RouteCollection->{closure}(Object(CodeIgniter\Router\RouteCollection))
 6 APPPATH\Config\Routes.php(54): CodeIgniter\Router\RouteCollection->group('', [...], Object(Closure))
 7 SYSTEMPATH\Router\RouteCollection.php(799): CodeIgniter\Router\RouteCollection->{closure}(Object(CodeIgniter\Router\RouteCollection))
 8 APPPATH\Config\Routes.php(55): CodeIgniter\Router\RouteCollection->group('', [...], Object(Closure))
 9 SYSTEMPATH\Router\RouteCollection.php(339): require('C:\\xampp\\htdocs\\ITE311-GOMEZ\\app\\Config\\Routes.php')
10 SYSTEMPATH\CodeIgniter.php(821): CodeIgniter\Router\RouteCollection->loadRoutes()
11 SYSTEMPATH\CodeIgniter.php(455): CodeIgniter\CodeIgniter->tryToRouteIt(null)
12 SYSTEMPATH\CodeIgniter.php(354): CodeIgniter\CodeIgniter->handleRequest(null, Object(Config\Cache), false)
13 SYSTEMPATH\Boot.php(363): CodeIgniter\CodeIgniter->run()
14 SYSTEMPATH\Boot.php(68): CodeIgniter\Boot::runCodeIgniter(Object(CodeIgniter\CodeIgniter))
15 FCPATH\index.php(59): CodeIgniter\Boot::bootWeb(Object(Config\Paths))
DEBUG - 2025-10-09 15:20:02 --> Session: Class initialized using 'CodeIgniter\Session\Handlers\FileHandler' driver.
WARNING - 2025-10-09 15:20:03 --> [DEPRECATED] Passing lowercase HTTP method "post" is deprecated. Use uppercase HTTP method like "POST". in SYSTEMPATH\Router\RouteCollection.php on line 1029.
 1 SYSTEMPATH\Router\RouteCollection.php(1029): trigger_error('Passing lowercase HTTP method "post" is deprecated. Use uppercase HTTP method like "POST".', 16384)
 2 APPPATH\Config\Routes.php(34): CodeIgniter\Router\RouteCollection->match([...], 'courses', 'Courses::store', [...])
 3 SYSTEMPATH\Router\RouteCollection.php(799): CodeIgniter\Router\RouteCollection->{closure}(Object(CodeIgniter\Router\RouteCollection))
 4 APPPATH\Config\Routes.php(41): CodeIgniter\Router\RouteCollection->group('admin', [...], Object(Closure))
 5 SYSTEMPATH\Router\RouteCollection.php(799): CodeIgniter\Router\RouteCollection->{closure}(Object(CodeIgniter\Router\RouteCollection))
 6 APPPATH\Config\Routes.php(54): CodeIgniter\Router\RouteCollection->group('', [...], Object(Closure))
 7 SYSTEMPATH\Router\RouteCollection.php(799): CodeIgniter\Router\RouteCollection->{closure}(Object(CodeIgniter\Router\RouteCollection))
 8 APPPATH\Config\Routes.php(55): CodeIgniter\Router\RouteCollection->group('', [...], Object(Closure))
 9 SYSTEMPATH\Router\RouteCollection.php(339): require('C:\\xampp\\htdocs\\ITE311-GOMEZ\\app\\Config\\Routes.php')
10 SYSTEMPATH\CodeIgniter.php(821): CodeIgniter\Router\RouteCollection->loadRoutes()
11 SYSTEMPATH\CodeIgniter.php(455): CodeIgniter\CodeIgniter->tryToRouteIt(null)
12 SYSTEMPATH\CodeIgniter.php(354): CodeIgniter\CodeIgniter->handleRequest(null, Object(Config\Cache), false)
13 SYSTEMPATH\Boot.php(363): CodeIgniter\CodeIgniter->run()
14 SYSTEMPATH\Boot.php(68): CodeIgniter\Boot::runCodeIgniter(Object(CodeIgniter\CodeIgniter))
15 FCPATH\index.php(59): CodeIgniter\Boot::bootWeb(Object(Config\Paths))
DEBUG - 2025-10-09 15:20:03 --> Session: Class initialized using 'CodeIgniter\Session\Handlers\FileHandler' driver.
WARNING - 2025-10-09 15:20:05 --> [DEPRECATED] Passing lowercase HTTP method "post" is deprecated. Use uppercase HTTP method like "POST". in SYSTEMPATH\Router\RouteCollection.php on line 1029.
 1 SYSTEMPATH\Router\RouteCollection.php(1029): trigger_error('Passing lowercase HTTP method "post" is deprecated. Use uppercase HTTP method like "POST".', 16384)
 2 APPPATH\Config\Routes.php(34): CodeIgniter\Router\RouteCollection->match([...], 'courses', 'Courses::store', [...])
 3 SYSTEMPATH\Router\RouteCollection.php(799): CodeIgniter\Router\RouteCollection->{closure}(Object(CodeIgniter\Router\RouteCollection))
 4 APPPATH\Config\Routes.php(41): CodeIgniter\Router\RouteCollection->group('admin', [...], Object(Closure))
 5 SYSTEMPATH\Router\RouteCollection.php(799): CodeIgniter\Router\RouteCollection->{closure}(Object(CodeIgniter\Router\RouteCollection))
 6 APPPATH\Config\Routes.php(54): CodeIgniter\Router\RouteCollection->group('', [...], Object(Closure))
 7 SYSTEMPATH\Router\RouteCollection.php(799): CodeIgniter\Router\RouteCollection->{closure}(Object(CodeIgniter\Router\RouteCollection))
 8 APPPATH\Config\Routes.php(55): CodeIgniter\Router\RouteCollection->group('', [...], Object(Closure))
 9 SYSTEMPATH\Router\RouteCollection.php(339): require('C:\\xampp\\htdocs\\ITE311-GOMEZ\\app\\Config\\Routes.php')
10 SYSTEMPATH\CodeIgniter.php(821): CodeIgniter\Router\RouteCollection->loadRoutes()
11 SYSTEMPATH\CodeIgniter.php(455): CodeIgniter\CodeIgniter->tryToRouteIt(null)
12 SYSTEMPATH\CodeIgniter.php(354): CodeIgniter\CodeIgniter->handleRequest(null, Object(Config\Cache), false)
13 SYSTEMPATH\Boot.php(363): CodeIgniter\CodeIgniter->run()
14 SYSTEMPATH\Boot.php(68): CodeIgniter\Boot::runCodeIgniter(Object(CodeIgniter\CodeIgniter))
15 FCPATH\index.php(59): CodeIgniter\Boot::bootWeb(Object(Config\Paths))
DEBUG - 2025-10-09 15:20:05 --> Session: Class initialized using 'CodeIgniter\Session\Handlers\FileHandler' driver.
WARNING - 2025-10-09 15:20:12 --> [DEPRECATED] Passing lowercase HTTP method "post" is deprecated. Use uppercase HTTP method like "POST". in SYSTEMPATH\Router\RouteCollection.php on line 1029.
 1 SYSTEMPATH\Router\RouteCollection.php(1029): trigger_error('Passing lowercase HTTP method "post" is deprecated. Use uppercase HTTP method like "POST".', 16384)
 2 APPPATH\Config\Routes.php(34): CodeIgniter\Router\RouteCollection->match([...], 'courses', 'Courses::store', [...])
 3 SYSTEMPATH\Router\RouteCollection.php(799): CodeIgniter\Router\RouteCollection->{closure}(Object(CodeIgniter\Router\RouteCollection))
 4 APPPATH\Config\Routes.php(41): CodeIgniter\Router\RouteCollection->group('admin', [...], Object(Closure))
 5 SYSTEMPATH\Router\RouteCollection.php(799): CodeIgniter\Router\RouteCollection->{closure}(Object(CodeIgniter\Router\RouteCollection))
 6 APPPATH\Config\Routes.php(54): CodeIgniter\Router\RouteCollection->group('', [...], Object(Closure))
 7 SYSTEMPATH\Router\RouteCollection.php(799): CodeIgniter\Router\RouteCollection->{closure}(Object(CodeIgniter\Router\RouteCollection))
 8 APPPATH\Config\Routes.php(55): CodeIgniter\Router\RouteCollection->group('', [...], Object(Closure))
 9 SYSTEMPATH\Router\RouteCollection.php(339): require('C:\\xampp\\htdocs\\ITE311-GOMEZ\\app\\Config\\Routes.php')
10 SYSTEMPATH\CodeIgniter.php(821): CodeIgniter\Router\RouteCollection->loadRoutes()
11 SYSTEMPATH\CodeIgniter.php(455): CodeIgniter\CodeIgniter->tryToRouteIt(null)
12 SYSTEMPATH\CodeIgniter.php(354): CodeIgniter\CodeIgniter->handleRequest(null, Object(Config\Cache), false)
13 SYSTEMPATH\Boot.php(363): CodeIgniter\CodeIgniter->run()
14 SYSTEMPATH\Boot.php(68): CodeIgniter\Boot::runCodeIgniter(Object(CodeIgniter\CodeIgniter))
15 FCPATH\index.php(59): CodeIgniter\Boot::bootWeb(Object(Config\Paths))
DEBUG - 2025-10-09 15:20:12 --> Session: Class initialized using 'CodeIgniter\Session\Handlers\FileHandler' driver.
WARNING - 2025-10-09 15:20:12 --> [DEPRECATED] Passing lowercase HTTP method "post" is deprecated. Use uppercase HTTP method like "POST". in SYSTEMPATH\Router\RouteCollection.php on line 1029.
 1 SYSTEMPATH\Router\RouteCollection.php(1029): trigger_error('Passing lowercase HTTP method "post" is deprecated. Use uppercase HTTP method like "POST".', 16384)
 2 APPPATH\Config\Routes.php(34): CodeIgniter\Router\RouteCollection->match([...], 'courses', 'Courses::store', [...])
 3 SYSTEMPATH\Router\RouteCollection.php(799): CodeIgniter\Router\RouteCollection->{closure}(Object(CodeIgniter\Router\RouteCollection))
 4 APPPATH\Config\Routes.php(41): CodeIgniter\Router\RouteCollection->group('admin', [...], Object(Closure))
 5 SYSTEMPATH\Router\RouteCollection.php(799): CodeIgniter\Router\RouteCollection->{closure}(Object(CodeIgniter\Router\RouteCollection))
 6 APPPATH\Config\Routes.php(54): CodeIgniter\Router\RouteCollection->group('', [...], Object(Closure))
 7 SYSTEMPATH\Router\RouteCollection.php(799): CodeIgniter\Router\RouteCollection->{closure}(Object(CodeIgniter\Router\RouteCollection))
 8 APPPATH\Config\Routes.php(55): CodeIgniter\Router\RouteCollection->group('', [...], Object(Closure))
 9 SYSTEMPATH\Router\RouteCollection.php(339): require('C:\\xampp\\htdocs\\ITE311-GOMEZ\\app\\Config\\Routes.php')
10 SYSTEMPATH\CodeIgniter.php(821): CodeIgniter\Router\RouteCollection->loadRoutes()
11 SYSTEMPATH\CodeIgniter.php(455): CodeIgniter\CodeIgniter->tryToRouteIt(null)
12 SYSTEMPATH\CodeIgniter.php(354): CodeIgniter\CodeIgniter->handleRequest(null, Object(Config\Cache), false)
13 SYSTEMPATH\Boot.php(363): CodeIgniter\CodeIgniter->run()
14 SYSTEMPATH\Boot.php(68): CodeIgniter\Boot::runCodeIgniter(Object(CodeIgniter\CodeIgniter))
15 FCPATH\index.php(59): CodeIgniter\Boot::bootWeb(Object(Config\Paths))
DEBUG - 2025-10-09 15:20:12 --> Session: Class initialized using 'CodeIgniter\Session\Handlers\FileHandler' driver.
WARNING - 2025-10-09 15:20:14 --> [DEPRECATED] Passing lowercase HTTP method "post" is deprecated. Use uppercase HTTP method like "POST". in SYSTEMPATH\Router\RouteCollection.php on line 1029.
 1 SYSTEMPATH\Router\RouteCollection.php(1029): trigger_error('Passing lowercase HTTP method "post" is deprecated. Use uppercase HTTP method like "POST".', 16384)
 2 APPPATH\Config\Routes.php(34): CodeIgniter\Router\RouteCollection->match([...], 'courses', 'Courses::store', [...])
 3 SYSTEMPATH\Router\RouteCollection.php(799): CodeIgniter\Router\RouteCollection->{closure}(Object(CodeIgniter\Router\RouteCollection))
 4 APPPATH\Config\Routes.php(41): CodeIgniter\Router\RouteCollection->group('admin', [...], Object(Closure))
 5 SYSTEMPATH\Router\RouteCollection.php(799): CodeIgniter\Router\RouteCollection->{closure}(Object(CodeIgniter\Router\RouteCollection))
 6 APPPATH\Config\Routes.php(54): CodeIgniter\Router\RouteCollection->group('', [...], Object(Closure))
 7 SYSTEMPATH\Router\RouteCollection.php(799): CodeIgniter\Router\RouteCollection->{closure}(Object(CodeIgniter\Router\RouteCollection))
 8 APPPATH\Config\Routes.php(55): CodeIgniter\Router\RouteCollection->group('', [...], Object(Closure))
 9 SYSTEMPATH\Router\RouteCollection.php(339): require('C:\\xampp\\htdocs\\ITE311-GOMEZ\\app\\Config\\Routes.php')
10 SYSTEMPATH\CodeIgniter.php(821): CodeIgniter\Router\RouteCollection->loadRoutes()
11 SYSTEMPATH\CodeIgniter.php(455): CodeIgniter\CodeIgniter->tryToRouteIt(null)
12 SYSTEMPATH\CodeIgniter.php(354): CodeIgniter\CodeIgniter->handleRequest(null, Object(Config\Cache), false)
13 SYSTEMPATH\Boot.php(363): CodeIgniter\CodeIgniter->run()
14 SYSTEMPATH\Boot.php(68): CodeIgniter\Boot::runCodeIgniter(Object(CodeIgniter\CodeIgniter))
15 FCPATH\index.php(59): CodeIgniter\Boot::bootWeb(Object(Config\Paths))
DEBUG - 2025-10-09 15:20:14 --> Session: Class initialized using 'CodeIgniter\Session\Handlers\FileHandler' driver.
WARNING - 2025-10-09 15:20:15 --> [DEPRECATED] Passing lowercase HTTP method "post" is deprecated. Use uppercase HTTP method like "POST". in SYSTEMPATH\Router\RouteCollection.php on line 1029.
 1 SYSTEMPATH\Router\RouteCollection.php(1029): trigger_error('Passing lowercase HTTP method "post" is deprecated. Use uppercase HTTP method like "POST".', 16384)
 2 APPPATH\Config\Routes.php(34): CodeIgniter\Router\RouteCollection->match([...], 'courses', 'Courses::store', [...])
 3 SYSTEMPATH\Router\RouteCollection.php(799): CodeIgniter\Router\RouteCollection->{closure}(Object(CodeIgniter\Router\RouteCollection))
 4 APPPATH\Config\Routes.php(41): CodeIgniter\Router\RouteCollection->group('admin', [...], Object(Closure))
 5 SYSTEMPATH\Router\RouteCollection.php(799): CodeIgniter\Router\RouteCollection->{closure}(Object(CodeIgniter\Router\RouteCollection))
 6 APPPATH\Config\Routes.php(54): CodeIgniter\Router\RouteCollection->group('', [...], Object(Closure))
 7 SYSTEMPATH\Router\RouteCollection.php(799): CodeIgniter\Router\RouteCollection->{closure}(Object(CodeIgniter\Router\RouteCollection))
 8 APPPATH\Config\Routes.php(55): CodeIgniter\Router\RouteCollection->group('', [...], Object(Closure))
 9 SYSTEMPATH\Router\RouteCollection.php(339): require('C:\\xampp\\htdocs\\ITE311-GOMEZ\\app\\Config\\Routes.php')
10 SYSTEMPATH\CodeIgniter.php(821): CodeIgniter\Router\RouteCollection->loadRoutes()
11 SYSTEMPATH\CodeIgniter.php(455): CodeIgniter\CodeIgniter->tryToRouteIt(null)
12 SYSTEMPATH\CodeIgniter.php(354): CodeIgniter\CodeIgniter->handleRequest(null, Object(Config\Cache), false)
13 SYSTEMPATH\Boot.php(363): CodeIgniter\CodeIgniter->run()
14 SYSTEMPATH\Boot.php(68): CodeIgniter\Boot::runCodeIgniter(Object(CodeIgniter\CodeIgniter))
15 FCPATH\index.php(59): CodeIgniter\Boot::bootWeb(Object(Config\Paths))
DEBUG - 2025-10-09 15:20:15 --> Session: Class initialized using 'CodeIgniter\Session\Handlers\FileHandler' driver.
WARNING - 2025-10-09 15:20:20 --> [DEPRECATED] Passing lowercase HTTP method "post" is deprecated. Use uppercase HTTP method like "POST". in SYSTEMPATH\Router\RouteCollection.php on line 1029.
 1 SYSTEMPATH\Router\RouteCollection.php(1029): trigger_error('Passing lowercase HTTP method "post" is deprecated. Use uppercase HTTP method like "POST".', 16384)
 2 APPPATH\Config\Routes.php(34): CodeIgniter\Router\RouteCollection->match([...], 'courses', 'Courses::store', [...])
 3 SYSTEMPATH\Router\RouteCollection.php(799): CodeIgniter\Router\RouteCollection->{closure}(Object(CodeIgniter\Router\RouteCollection))
 4 APPPATH\Config\Routes.php(41): CodeIgniter\Router\RouteCollection->group('admin', [...], Object(Closure))
 5 SYSTEMPATH\Router\RouteCollection.php(799): CodeIgniter\Router\RouteCollection->{closure}(Object(CodeIgniter\Router\RouteCollection))
 6 APPPATH\Config\Routes.php(54): CodeIgniter\Router\RouteCollection->group('', [...], Object(Closure))
 7 SYSTEMPATH\Router\RouteCollection.php(799): CodeIgniter\Router\RouteCollection->{closure}(Object(CodeIgniter\Router\RouteCollection))
 8 APPPATH\Config\Routes.php(55): CodeIgniter\Router\RouteCollection->group('', [...], Object(Closure))
 9 SYSTEMPATH\Router\RouteCollection.php(339): require('C:\\xampp\\htdocs\\ITE311-GOMEZ\\app\\Config\\Routes.php')
10 SYSTEMPATH\CodeIgniter.php(821): CodeIgniter\Router\RouteCollection->loadRoutes()
11 SYSTEMPATH\CodeIgniter.php(455): CodeIgniter\CodeIgniter->tryToRouteIt(null)
12 SYSTEMPATH\CodeIgniter.php(354): CodeIgniter\CodeIgniter->handleRequest(null, Object(Config\Cache), false)
13 SYSTEMPATH\Boot.php(363): CodeIgniter\CodeIgniter->run()
14 SYSTEMPATH\Boot.php(68): CodeIgniter\Boot::runCodeIgniter(Object(CodeIgniter\CodeIgniter))
15 FCPATH\index.php(59): CodeIgniter\Boot::bootWeb(Object(Config\Paths))
DEBUG - 2025-10-09 15:20:20 --> Session: Class initialized using 'CodeIgniter\Session\Handlers\FileHandler' driver.
WARNING - 2025-10-09 15:20:20 --> [DEPRECATED] Passing lowercase HTTP method "post" is deprecated. Use uppercase HTTP method like "POST". in SYSTEMPATH\Router\RouteCollection.php on line 1029.
 1 SYSTEMPATH\Router\RouteCollection.php(1029): trigger_error('Passing lowercase HTTP method "post" is deprecated. Use uppercase HTTP method like "POST".', 16384)
 2 APPPATH\Config\Routes.php(34): CodeIgniter\Router\RouteCollection->match([...], 'courses', 'Courses::store', [...])
 3 SYSTEMPATH\Router\RouteCollection.php(799): CodeIgniter\Router\RouteCollection->{closure}(Object(CodeIgniter\Router\RouteCollection))
 4 APPPATH\Config\Routes.php(41): CodeIgniter\Router\RouteCollection->group('admin', [...], Object(Closure))
 5 SYSTEMPATH\Router\RouteCollection.php(799): CodeIgniter\Router\RouteCollection->{closure}(Object(CodeIgniter\Router\RouteCollection))
 6 APPPATH\Config\Routes.php(54): CodeIgniter\Router\RouteCollection->group('', [...], Object(Closure))
 7 SYSTEMPATH\Router\RouteCollection.php(799): CodeIgniter\Router\RouteCollection->{closure}(Object(CodeIgniter\Router\RouteCollection))
 8 APPPATH\Config\Routes.php(55): CodeIgniter\Router\RouteCollection->group('', [...], Object(Closure))
 9 SYSTEMPATH\Router\RouteCollection.php(339): require('C:\\xampp\\htdocs\\ITE311-GOMEZ\\app\\Config\\Routes.php')
10 SYSTEMPATH\CodeIgniter.php(821): CodeIgniter\Router\RouteCollection->loadRoutes()
11 SYSTEMPATH\CodeIgniter.php(455): CodeIgniter\CodeIgniter->tryToRouteIt(null)
12 SYSTEMPATH\CodeIgniter.php(354): CodeIgniter\CodeIgniter->handleRequest(null, Object(Config\Cache), false)
13 SYSTEMPATH\Boot.php(363): CodeIgniter\CodeIgniter->run()
14 SYSTEMPATH\Boot.php(68): CodeIgniter\Boot::runCodeIgniter(Object(CodeIgniter\CodeIgniter))
15 FCPATH\index.php(59): CodeIgniter\Boot::bootWeb(Object(Config\Paths))
DEBUG - 2025-10-09 15:20:20 --> Session: Class initialized using 'CodeIgniter\Session\Handlers\FileHandler' driver.
WARNING - 2025-10-09 15:20:35 --> [DEPRECATED] Passing lowercase HTTP method "post" is deprecated. Use uppercase HTTP method like "POST". in SYSTEMPATH\Router\RouteCollection.php on line 1029.
 1 SYSTEMPATH\Router\RouteCollection.php(1029): trigger_error('Passing lowercase HTTP method "post" is deprecated. Use uppercase HTTP method like "POST".', 16384)
 2 APPPATH\Config\Routes.php(34): CodeIgniter\Router\RouteCollection->match([...], 'courses', 'Courses::store', [...])
 3 SYSTEMPATH\Router\RouteCollection.php(799): CodeIgniter\Router\RouteCollection->{closure}(Object(CodeIgniter\Router\RouteCollection))
 4 APPPATH\Config\Routes.php(41): CodeIgniter\Router\RouteCollection->group('admin', [...], Object(Closure))
 5 SYSTEMPATH\Router\RouteCollection.php(799): CodeIgniter\Router\RouteCollection->{closure}(Object(CodeIgniter\Router\RouteCollection))
 6 APPPATH\Config\Routes.php(54): CodeIgniter\Router\RouteCollection->group('', [...], Object(Closure))
 7 SYSTEMPATH\Router\RouteCollection.php(799): CodeIgniter\Router\RouteCollection->{closure}(Object(CodeIgniter\Router\RouteCollection))
 8 APPPATH\Config\Routes.php(55): CodeIgniter\Router\RouteCollection->group('', [...], Object(Closure))
 9 SYSTEMPATH\Router\RouteCollection.php(339): require('C:\\xampp\\htdocs\\ITE311-GOMEZ\\app\\Config\\Routes.php')
10 SYSTEMPATH\CodeIgniter.php(821): CodeIgniter\Router\RouteCollection->loadRoutes()
11 SYSTEMPATH\CodeIgniter.php(455): CodeIgniter\CodeIgniter->tryToRouteIt(null)
12 SYSTEMPATH\CodeIgniter.php(354): CodeIgniter\CodeIgniter->handleRequest(null, Object(Config\Cache), false)
13 SYSTEMPATH\Boot.php(363): CodeIgniter\CodeIgniter->run()
14 SYSTEMPATH\Boot.php(68): CodeIgniter\Boot::runCodeIgniter(Object(CodeIgniter\CodeIgniter))
15 FCPATH\index.php(59): CodeIgniter\Boot::bootWeb(Object(Config\Paths))
DEBUG - 2025-10-09 15:20:35 --> Session: Class initialized using 'CodeIgniter\Session\Handlers\FileHandler' driver.
WARNING - 2025-10-09 15:20:37 --> [DEPRECATED] Passing lowercase HTTP method "post" is deprecated. Use uppercase HTTP method like "POST". in SYSTEMPATH\Router\RouteCollection.php on line 1029.
 1 SYSTEMPATH\Router\RouteCollection.php(1029): trigger_error('Passing lowercase HTTP method "post" is deprecated. Use uppercase HTTP method like "POST".', 16384)
 2 APPPATH\Config\Routes.php(34): CodeIgniter\Router\RouteCollection->match([...], 'courses', 'Courses::store', [...])
 3 SYSTEMPATH\Router\RouteCollection.php(799): CodeIgniter\Router\RouteCollection->{closure}(Object(CodeIgniter\Router\RouteCollection))
 4 APPPATH\Config\Routes.php(41): CodeIgniter\Router\RouteCollection->group('admin', [...], Object(Closure))
 5 SYSTEMPATH\Router\RouteCollection.php(799): CodeIgniter\Router\RouteCollection->{closure}(Object(CodeIgniter\Router\RouteCollection))
 6 APPPATH\Config\Routes.php(54): CodeIgniter\Router\RouteCollection->group('', [...], Object(Closure))
 7 SYSTEMPATH\Router\RouteCollection.php(799): CodeIgniter\Router\RouteCollection->{closure}(Object(CodeIgniter\Router\RouteCollection))
 8 APPPATH\Config\Routes.php(55): CodeIgniter\Router\RouteCollection->group('', [...], Object(Closure))
 9 SYSTEMPATH\Router\RouteCollection.php(339): require('C:\\xampp\\htdocs\\ITE311-GOMEZ\\app\\Config\\Routes.php')
10 SYSTEMPATH\CodeIgniter.php(821): CodeIgniter\Router\RouteCollection->loadRoutes()
11 SYSTEMPATH\CodeIgniter.php(455): CodeIgniter\CodeIgniter->tryToRouteIt(null)
12 SYSTEMPATH\CodeIgniter.php(354): CodeIgniter\CodeIgniter->handleRequest(null, Object(Config\Cache), false)
13 SYSTEMPATH\Boot.php(363): CodeIgniter\CodeIgniter->run()
14 SYSTEMPATH\Boot.php(68): CodeIgniter\Boot::runCodeIgniter(Object(CodeIgniter\CodeIgniter))
15 FCPATH\index.php(59): CodeIgniter\Boot::bootWeb(Object(Config\Paths))
DEBUG - 2025-10-09 15:20:37 --> Session: Class initialized using 'CodeIgniter\Session\Handlers\FileHandler' driver.
WARNING - 2025-10-09 15:20:37 --> [DEPRECATED] Passing lowercase HTTP method "post" is deprecated. Use uppercase HTTP method like "POST". in SYSTEMPATH\Router\RouteCollection.php on line 1029.
 1 SYSTEMPATH\Router\RouteCollection.php(1029): trigger_error('Passing lowercase HTTP method "post" is deprecated. Use uppercase HTTP method like "POST".', 16384)
 2 APPPATH\Config\Routes.php(34): CodeIgniter\Router\RouteCollection->match([...], 'courses', 'Courses::store', [...])
 3 SYSTEMPATH\Router\RouteCollection.php(799): CodeIgniter\Router\RouteCollection->{closure}(Object(CodeIgniter\Router\RouteCollection))
 4 APPPATH\Config\Routes.php(41): CodeIgniter\Router\RouteCollection->group('admin', [...], Object(Closure))
 5 SYSTEMPATH\Router\RouteCollection.php(799): CodeIgniter\Router\RouteCollection->{closure}(Object(CodeIgniter\Router\RouteCollection))
 6 APPPATH\Config\Routes.php(54): CodeIgniter\Router\RouteCollection->group('', [...], Object(Closure))
 7 SYSTEMPATH\Router\RouteCollection.php(799): CodeIgniter\Router\RouteCollection->{closure}(Object(CodeIgniter\Router\RouteCollection))
 8 APPPATH\Config\Routes.php(55): CodeIgniter\Router\RouteCollection->group('', [...], Object(Closure))
 9 SYSTEMPATH\Router\RouteCollection.php(339): require('C:\\xampp\\htdocs\\ITE311-GOMEZ\\app\\Config\\Routes.php')
10 SYSTEMPATH\CodeIgniter.php(821): CodeIgniter\Router\RouteCollection->loadRoutes()
11 SYSTEMPATH\CodeIgniter.php(455): CodeIgniter\CodeIgniter->tryToRouteIt(null)
12 SYSTEMPATH\CodeIgniter.php(354): CodeIgniter\CodeIgniter->handleRequest(null, Object(Config\Cache), false)
13 SYSTEMPATH\Boot.php(363): CodeIgniter\CodeIgniter->run()
14 SYSTEMPATH\Boot.php(68): CodeIgniter\Boot::runCodeIgniter(Object(CodeIgniter\CodeIgniter))
15 FCPATH\index.php(59): CodeIgniter\Boot::bootWeb(Object(Config\Paths))
DEBUG - 2025-10-09 15:20:37 --> Session: Class initialized using 'CodeIgniter\Session\Handlers\FileHandler' driver.
WARNING - 2025-10-09 15:21:28 --> [DEPRECATED] Passing lowercase HTTP method "post" is deprecated. Use uppercase HTTP method like "POST". in SYSTEMPATH\Router\RouteCollection.php on line 1029.
 1 SYSTEMPATH\Router\RouteCollection.php(1029): trigger_error('Passing lowercase HTTP method "post" is deprecated. Use uppercase HTTP method like "POST".', 16384)
 2 APPPATH\Config\Routes.php(34): CodeIgniter\Router\RouteCollection->match([...], 'courses', 'Courses::store', [...])
 3 SYSTEMPATH\Router\RouteCollection.php(799): CodeIgniter\Router\RouteCollection->{closure}(Object(CodeIgniter\Router\RouteCollection))
 4 APPPATH\Config\Routes.php(41): CodeIgniter\Router\RouteCollection->group('admin', [...], Object(Closure))
 5 SYSTEMPATH\Router\RouteCollection.php(799): CodeIgniter\Router\RouteCollection->{closure}(Object(CodeIgniter\Router\RouteCollection))
 6 APPPATH\Config\Routes.php(54): CodeIgniter\Router\RouteCollection->group('', [...], Object(Closure))
 7 SYSTEMPATH\Router\RouteCollection.php(799): CodeIgniter\Router\RouteCollection->{closure}(Object(CodeIgniter\Router\RouteCollection))
 8 APPPATH\Config\Routes.php(55): CodeIgniter\Router\RouteCollection->group('', [...], Object(Closure))
 9 SYSTEMPATH\Router\RouteCollection.php(339): require('C:\\xampp\\htdocs\\ITE311-GOMEZ\\app\\Config\\Routes.php')
10 SYSTEMPATH\CLI\Console.php(41): CodeIgniter\Router\RouteCollection->loadRoutes()
11 SYSTEMPATH\Boot.php(388): CodeIgniter\CLI\Console->run()
12 SYSTEMPATH\Boot.php(133): CodeIgniter\Boot::runCommand(Object(CodeIgniter\CLI\Console))
13 ROOTPATH\spark(87): CodeIgniter\Boot::bootSpark(Object(Config\Paths))
WARNING - 2025-10-09 15:21:32 --> [DEPRECATED] Passing lowercase HTTP method "post" is deprecated. Use uppercase HTTP method like "POST". in SYSTEMPATH\Router\RouteCollection.php on line 1029.
 1 SYSTEMPATH\Router\RouteCollection.php(1029): trigger_error('Passing lowercase HTTP method "post" is deprecated. Use uppercase HTTP method like "POST".', 16384)
 2 APPPATH\Config\Routes.php(34): CodeIgniter\Router\RouteCollection->match([...], 'courses', 'Courses::store', [...])
 3 SYSTEMPATH\Router\RouteCollection.php(799): CodeIgniter\Router\RouteCollection->{closure}(Object(CodeIgniter\Router\RouteCollection))
 4 APPPATH\Config\Routes.php(41): CodeIgniter\Router\RouteCollection->group('admin', [...], Object(Closure))
 5 SYSTEMPATH\Router\RouteCollection.php(799): CodeIgniter\Router\RouteCollection->{closure}(Object(CodeIgniter\Router\RouteCollection))
 6 APPPATH\Config\Routes.php(54): CodeIgniter\Router\RouteCollection->group('', [...], Object(Closure))
 7 SYSTEMPATH\Router\RouteCollection.php(799): CodeIgniter\Router\RouteCollection->{closure}(Object(CodeIgniter\Router\RouteCollection))
 8 APPPATH\Config\Routes.php(55): CodeIgniter\Router\RouteCollection->group('', [...], Object(Closure))
 9 SYSTEMPATH\Router\RouteCollection.php(339): require('C:\\xampp\\htdocs\\ITE311-GOMEZ\\app\\Config\\Routes.php')
10 SYSTEMPATH\CodeIgniter.php(821): CodeIgniter\Router\RouteCollection->loadRoutes()
11 SYSTEMPATH\CodeIgniter.php(455): CodeIgniter\CodeIgniter->tryToRouteIt(null)
12 SYSTEMPATH\CodeIgniter.php(354): CodeIgniter\CodeIgniter->handleRequest(null, Object(Config\Cache), false)
13 SYSTEMPATH\Boot.php(363): CodeIgniter\CodeIgniter->run()
14 SYSTEMPATH\Boot.php(68): CodeIgniter\Boot::runCodeIgniter(Object(CodeIgniter\CodeIgniter))
15 FCPATH\index.php(59): CodeIgniter\Boot::bootWeb(Object(Config\Paths))
DEBUG - 2025-10-09 15:21:32 --> Session: Class initialized using 'CodeIgniter\Session\Handlers\FileHandler' driver.
WARNING - 2025-10-09 15:21:32 --> [DEPRECATED] Passing lowercase HTTP method "post" is deprecated. Use uppercase HTTP method like "POST". in SYSTEMPATH\Router\RouteCollection.php on line 1029.
 1 SYSTEMPATH\Router\RouteCollection.php(1029): trigger_error('Passing lowercase HTTP method "post" is deprecated. Use uppercase HTTP method like "POST".', 16384)
 2 APPPATH\Config\Routes.php(34): CodeIgniter\Router\RouteCollection->match([...], 'courses', 'Courses::store', [...])
 3 SYSTEMPATH\Router\RouteCollection.php(799): CodeIgniter\Router\RouteCollection->{closure}(Object(CodeIgniter\Router\RouteCollection))
 4 APPPATH\Config\Routes.php(41): CodeIgniter\Router\RouteCollection->group('admin', [...], Object(Closure))
 5 SYSTEMPATH\Router\RouteCollection.php(799): CodeIgniter\Router\RouteCollection->{closure}(Object(CodeIgniter\Router\RouteCollection))
 6 APPPATH\Config\Routes.php(54): CodeIgniter\Router\RouteCollection->group('', [...], Object(Closure))
 7 SYSTEMPATH\Router\RouteCollection.php(799): CodeIgniter\Router\RouteCollection->{closure}(Object(CodeIgniter\Router\RouteCollection))
 8 APPPATH\Config\Routes.php(55): CodeIgniter\Router\RouteCollection->group('', [...], Object(Closure))
 9 SYSTEMPATH\Router\RouteCollection.php(339): require('C:\\xampp\\htdocs\\ITE311-GOMEZ\\app\\Config\\Routes.php')
10 SYSTEMPATH\CodeIgniter.php(821): CodeIgniter\Router\RouteCollection->loadRoutes()
11 SYSTEMPATH\CodeIgniter.php(455): CodeIgniter\CodeIgniter->tryToRouteIt(null)
12 SYSTEMPATH\CodeIgniter.php(354): CodeIgniter\CodeIgniter->handleRequest(null, Object(Config\Cache), false)
13 SYSTEMPATH\Boot.php(363): CodeIgniter\CodeIgniter->run()
14 SYSTEMPATH\Boot.php(68): CodeIgniter\Boot::runCodeIgniter(Object(CodeIgniter\CodeIgniter))
15 FCPATH\index.php(59): CodeIgniter\Boot::bootWeb(Object(Config\Paths))
DEBUG - 2025-10-09 15:21:32 --> Session: Class initialized using 'CodeIgniter\Session\Handlers\FileHandler' driver.
WARNING - 2025-10-09 15:21:36 --> [DEPRECATED] Passing lowercase HTTP method "post" is deprecated. Use uppercase HTTP method like "POST". in SYSTEMPATH\Router\RouteCollection.php on line 1029.
 1 SYSTEMPATH\Router\RouteCollection.php(1029): trigger_error('Passing lowercase HTTP method "post" is deprecated. Use uppercase HTTP method like "POST".', 16384)
 2 APPPATH\Config\Routes.php(34): CodeIgniter\Router\RouteCollection->match([...], 'courses', 'Courses::store', [...])
 3 SYSTEMPATH\Router\RouteCollection.php(799): CodeIgniter\Router\RouteCollection->{closure}(Object(CodeIgniter\Router\RouteCollection))
 4 APPPATH\Config\Routes.php(41): CodeIgniter\Router\RouteCollection->group('admin', [...], Object(Closure))
 5 SYSTEMPATH\Router\RouteCollection.php(799): CodeIgniter\Router\RouteCollection->{closure}(Object(CodeIgniter\Router\RouteCollection))
 6 APPPATH\Config\Routes.php(54): CodeIgniter\Router\RouteCollection->group('', [...], Object(Closure))
 7 SYSTEMPATH\Router\RouteCollection.php(799): CodeIgniter\Router\RouteCollection->{closure}(Object(CodeIgniter\Router\RouteCollection))
 8 APPPATH\Config\Routes.php(55): CodeIgniter\Router\RouteCollection->group('', [...], Object(Closure))
 9 SYSTEMPATH\Router\RouteCollection.php(339): require('C:\\xampp\\htdocs\\ITE311-GOMEZ\\app\\Config\\Routes.php')
10 SYSTEMPATH\CodeIgniter.php(821): CodeIgniter\Router\RouteCollection->loadRoutes()
11 SYSTEMPATH\CodeIgniter.php(455): CodeIgniter\CodeIgniter->tryToRouteIt(null)
12 SYSTEMPATH\CodeIgniter.php(354): CodeIgniter\CodeIgniter->handleRequest(null, Object(Config\Cache), false)
13 SYSTEMPATH\Boot.php(363): CodeIgniter\CodeIgniter->run()
14 SYSTEMPATH\Boot.php(68): CodeIgniter\Boot::runCodeIgniter(Object(CodeIgniter\CodeIgniter))
15 FCPATH\index.php(59): CodeIgniter\Boot::bootWeb(Object(Config\Paths))
DEBUG - 2025-10-09 15:21:36 --> Session: Class initialized using 'CodeIgniter\Session\Handlers\FileHandler' driver.
WARNING - 2025-10-09 15:21:37 --> [DEPRECATED] Passing lowercase HTTP method "post" is deprecated. Use uppercase HTTP method like "POST". in SYSTEMPATH\Router\RouteCollection.php on line 1029.
 1 SYSTEMPATH\Router\RouteCollection.php(1029): trigger_error('Passing lowercase HTTP method "post" is deprecated. Use uppercase HTTP method like "POST".', 16384)
 2 APPPATH\Config\Routes.php(34): CodeIgniter\Router\RouteCollection->match([...], 'courses', 'Courses::store', [...])
 3 SYSTEMPATH\Router\RouteCollection.php(799): CodeIgniter\Router\RouteCollection->{closure}(Object(CodeIgniter\Router\RouteCollection))
 4 APPPATH\Config\Routes.php(41): CodeIgniter\Router\RouteCollection->group('admin', [...], Object(Closure))
 5 SYSTEMPATH\Router\RouteCollection.php(799): CodeIgniter\Router\RouteCollection->{closure}(Object(CodeIgniter\Router\RouteCollection))
 6 APPPATH\Config\Routes.php(54): CodeIgniter\Router\RouteCollection->group('', [...], Object(Closure))
 7 SYSTEMPATH\Router\RouteCollection.php(799): CodeIgniter\Router\RouteCollection->{closure}(Object(CodeIgniter\Router\RouteCollection))
 8 APPPATH\Config\Routes.php(55): CodeIgniter\Router\RouteCollection->group('', [...], Object(Closure))
 9 SYSTEMPATH\Router\RouteCollection.php(339): require('C:\\xampp\\htdocs\\ITE311-GOMEZ\\app\\Config\\Routes.php')
10 SYSTEMPATH\CodeIgniter.php(821): CodeIgniter\Router\RouteCollection->loadRoutes()
11 SYSTEMPATH\CodeIgniter.php(455): CodeIgniter\CodeIgniter->tryToRouteIt(null)
12 SYSTEMPATH\CodeIgniter.php(354): CodeIgniter\CodeIgniter->handleRequest(null, Object(Config\Cache), false)
13 SYSTEMPATH\Boot.php(363): CodeIgniter\CodeIgniter->run()
14 SYSTEMPATH\Boot.php(68): CodeIgniter\Boot::runCodeIgniter(Object(CodeIgniter\CodeIgniter))
15 FCPATH\index.php(59): CodeIgniter\Boot::bootWeb(Object(Config\Paths))
DEBUG - 2025-10-09 15:21:37 --> Session: Class initialized using 'CodeIgniter\Session\Handlers\FileHandler' driver.
WARNING - 2025-10-09 15:21:40 --> [DEPRECATED] Passing lowercase HTTP method "post" is deprecated. Use uppercase HTTP method like "POST". in SYSTEMPATH\Router\RouteCollection.php on line 1029.
 1 SYSTEMPATH\Router\RouteCollection.php(1029): trigger_error('Passing lowercase HTTP method "post" is deprecated. Use uppercase HTTP method like "POST".', 16384)
 2 APPPATH\Config\Routes.php(34): CodeIgniter\Router\RouteCollection->match([...], 'courses', 'Courses::store', [...])
 3 SYSTEMPATH\Router\RouteCollection.php(799): CodeIgniter\Router\RouteCollection->{closure}(Object(CodeIgniter\Router\RouteCollection))
 4 APPPATH\Config\Routes.php(41): CodeIgniter\Router\RouteCollection->group('admin', [...], Object(Closure))
 5 SYSTEMPATH\Router\RouteCollection.php(799): CodeIgniter\Router\RouteCollection->{closure}(Object(CodeIgniter\Router\RouteCollection))
 6 APPPATH\Config\Routes.php(54): CodeIgniter\Router\RouteCollection->group('', [...], Object(Closure))
 7 SYSTEMPATH\Router\RouteCollection.php(799): CodeIgniter\Router\RouteCollection->{closure}(Object(CodeIgniter\Router\RouteCollection))
 8 APPPATH\Config\Routes.php(55): CodeIgniter\Router\RouteCollection->group('', [...], Object(Closure))
 9 SYSTEMPATH\Router\RouteCollection.php(339): require('C:\\xampp\\htdocs\\ITE311-GOMEZ\\app\\Config\\Routes.php')
10 SYSTEMPATH\CodeIgniter.php(821): CodeIgniter\Router\RouteCollection->loadRoutes()
11 SYSTEMPATH\CodeIgniter.php(455): CodeIgniter\CodeIgniter->tryToRouteIt(null)
12 SYSTEMPATH\CodeIgniter.php(354): CodeIgniter\CodeIgniter->handleRequest(null, Object(Config\Cache), false)
13 SYSTEMPATH\Boot.php(363): CodeIgniter\CodeIgniter->run()
14 SYSTEMPATH\Boot.php(68): CodeIgniter\Boot::runCodeIgniter(Object(CodeIgniter\CodeIgniter))
15 FCPATH\index.php(59): CodeIgniter\Boot::bootWeb(Object(Config\Paths))
DEBUG - 2025-10-09 15:21:40 --> Session: Class initialized using 'CodeIgniter\Session\Handlers\FileHandler' driver.
DEBUG - 2025-10-09 15:21:40 --> Form data: Array
(
    [title] => qeqeq
    [description] => 
    [teacher_id] => 3
)

WARNING - 2025-10-09 15:21:41 --> [DEPRECATED] Passing lowercase HTTP method "post" is deprecated. Use uppercase HTTP method like "POST". in SYSTEMPATH\Router\RouteCollection.php on line 1029.
 1 SYSTEMPATH\Router\RouteCollection.php(1029): trigger_error('Passing lowercase HTTP method "post" is deprecated. Use uppercase HTTP method like "POST".', 16384)
 2 APPPATH\Config\Routes.php(34): CodeIgniter\Router\RouteCollection->match([...], 'courses', 'Courses::store', [...])
 3 SYSTEMPATH\Router\RouteCollection.php(799): CodeIgniter\Router\RouteCollection->{closure}(Object(CodeIgniter\Router\RouteCollection))
 4 APPPATH\Config\Routes.php(41): CodeIgniter\Router\RouteCollection->group('admin', [...], Object(Closure))
 5 SYSTEMPATH\Router\RouteCollection.php(799): CodeIgniter\Router\RouteCollection->{closure}(Object(CodeIgniter\Router\RouteCollection))
 6 APPPATH\Config\Routes.php(54): CodeIgniter\Router\RouteCollection->group('', [...], Object(Closure))
 7 SYSTEMPATH\Router\RouteCollection.php(799): CodeIgniter\Router\RouteCollection->{closure}(Object(CodeIgniter\Router\RouteCollection))
 8 APPPATH\Config\Routes.php(55): CodeIgniter\Router\RouteCollection->group('', [...], Object(Closure))
 9 SYSTEMPATH\Router\RouteCollection.php(339): require('C:\\xampp\\htdocs\\ITE311-GOMEZ\\app\\Config\\Routes.php')
10 SYSTEMPATH\CodeIgniter.php(821): CodeIgniter\Router\RouteCollection->loadRoutes()
11 SYSTEMPATH\CodeIgniter.php(455): CodeIgniter\CodeIgniter->tryToRouteIt(null)
12 SYSTEMPATH\CodeIgniter.php(354): CodeIgniter\CodeIgniter->handleRequest(null, Object(Config\Cache), false)
13 SYSTEMPATH\Boot.php(363): CodeIgniter\CodeIgniter->run()
14 SYSTEMPATH\Boot.php(68): CodeIgniter\Boot::runCodeIgniter(Object(CodeIgniter\CodeIgniter))
15 FCPATH\index.php(59): CodeIgniter\Boot::bootWeb(Object(Config\Paths))
DEBUG - 2025-10-09 15:21:41 --> Session: Class initialized using 'CodeIgniter\Session\Handlers\FileHandler' driver.
WARNING - 2025-10-09 15:21:42 --> [DEPRECATED] Passing lowercase HTTP method "post" is deprecated. Use uppercase HTTP method like "POST". in SYSTEMPATH\Router\RouteCollection.php on line 1029.
 1 SYSTEMPATH\Router\RouteCollection.php(1029): trigger_error('Passing lowercase HTTP method "post" is deprecated. Use uppercase HTTP method like "POST".', 16384)
 2 APPPATH\Config\Routes.php(34): CodeIgniter\Router\RouteCollection->match([...], 'courses', 'Courses::store', [...])
 3 SYSTEMPATH\Router\RouteCollection.php(799): CodeIgniter\Router\RouteCollection->{closure}(Object(CodeIgniter\Router\RouteCollection))
 4 APPPATH\Config\Routes.php(41): CodeIgniter\Router\RouteCollection->group('admin', [...], Object(Closure))
 5 SYSTEMPATH\Router\RouteCollection.php(799): CodeIgniter\Router\RouteCollection->{closure}(Object(CodeIgniter\Router\RouteCollection))
 6 APPPATH\Config\Routes.php(54): CodeIgniter\Router\RouteCollection->group('', [...], Object(Closure))
 7 SYSTEMPATH\Router\RouteCollection.php(799): CodeIgniter\Router\RouteCollection->{closure}(Object(CodeIgniter\Router\RouteCollection))
 8 APPPATH\Config\Routes.php(55): CodeIgniter\Router\RouteCollection->group('', [...], Object(Closure))
 9 SYSTEMPATH\Router\RouteCollection.php(339): require('C:\\xampp\\htdocs\\ITE311-GOMEZ\\app\\Config\\Routes.php')
10 SYSTEMPATH\CodeIgniter.php(821): CodeIgniter\Router\RouteCollection->loadRoutes()
11 SYSTEMPATH\CodeIgniter.php(455): CodeIgniter\CodeIgniter->tryToRouteIt(null)
12 SYSTEMPATH\CodeIgniter.php(354): CodeIgniter\CodeIgniter->handleRequest(null, Object(Config\Cache), false)
13 SYSTEMPATH\Boot.php(363): CodeIgniter\CodeIgniter->run()
14 SYSTEMPATH\Boot.php(68): CodeIgniter\Boot::runCodeIgniter(Object(CodeIgniter\CodeIgniter))
15 FCPATH\index.php(59): CodeIgniter\Boot::bootWeb(Object(Config\Paths))
DEBUG - 2025-10-09 15:21:42 --> Session: Class initialized using 'CodeIgniter\Session\Handlers\FileHandler' driver.
WARNING - 2025-10-09 15:21:43 --> [DEPRECATED] Passing lowercase HTTP method "post" is deprecated. Use uppercase HTTP method like "POST". in SYSTEMPATH\Router\RouteCollection.php on line 1029.
 1 SYSTEMPATH\Router\RouteCollection.php(1029): trigger_error('Passing lowercase HTTP method "post" is deprecated. Use uppercase HTTP method like "POST".', 16384)
 2 APPPATH\Config\Routes.php(34): CodeIgniter\Router\RouteCollection->match([...], 'courses', 'Courses::store', [...])
 3 SYSTEMPATH\Router\RouteCollection.php(799): CodeIgniter\Router\RouteCollection->{closure}(Object(CodeIgniter\Router\RouteCollection))
 4 APPPATH\Config\Routes.php(41): CodeIgniter\Router\RouteCollection->group('admin', [...], Object(Closure))
 5 SYSTEMPATH\Router\RouteCollection.php(799): CodeIgniter\Router\RouteCollection->{closure}(Object(CodeIgniter\Router\RouteCollection))
 6 APPPATH\Config\Routes.php(54): CodeIgniter\Router\RouteCollection->group('', [...], Object(Closure))
 7 SYSTEMPATH\Router\RouteCollection.php(799): CodeIgniter\Router\RouteCollection->{closure}(Object(CodeIgniter\Router\RouteCollection))
 8 APPPATH\Config\Routes.php(55): CodeIgniter\Router\RouteCollection->group('', [...], Object(Closure))
 9 SYSTEMPATH\Router\RouteCollection.php(339): require('C:\\xampp\\htdocs\\ITE311-GOMEZ\\app\\Config\\Routes.php')
10 SYSTEMPATH\CodeIgniter.php(821): CodeIgniter\Router\RouteCollection->loadRoutes()
11 SYSTEMPATH\CodeIgniter.php(455): CodeIgniter\CodeIgniter->tryToRouteIt(null)
12 SYSTEMPATH\CodeIgniter.php(354): CodeIgniter\CodeIgniter->handleRequest(null, Object(Config\Cache), false)
13 SYSTEMPATH\Boot.php(363): CodeIgniter\CodeIgniter->run()
14 SYSTEMPATH\Boot.php(68): CodeIgniter\Boot::runCodeIgniter(Object(CodeIgniter\CodeIgniter))
15 FCPATH\index.php(59): CodeIgniter\Boot::bootWeb(Object(Config\Paths))
DEBUG - 2025-10-09 15:21:43 --> Session: Class initialized using 'CodeIgniter\Session\Handlers\FileHandler' driver.
WARNING - 2025-10-09 15:21:46 --> [DEPRECATED] Passing lowercase HTTP method "post" is deprecated. Use uppercase HTTP method like "POST". in SYSTEMPATH\Router\RouteCollection.php on line 1029.
 1 SYSTEMPATH\Router\RouteCollection.php(1029): trigger_error('Passing lowercase HTTP method "post" is deprecated. Use uppercase HTTP method like "POST".', 16384)
 2 APPPATH\Config\Routes.php(34): CodeIgniter\Router\RouteCollection->match([...], 'courses', 'Courses::store', [...])
 3 SYSTEMPATH\Router\RouteCollection.php(799): CodeIgniter\Router\RouteCollection->{closure}(Object(CodeIgniter\Router\RouteCollection))
 4 APPPATH\Config\Routes.php(41): CodeIgniter\Router\RouteCollection->group('admin', [...], Object(Closure))
 5 SYSTEMPATH\Router\RouteCollection.php(799): CodeIgniter\Router\RouteCollection->{closure}(Object(CodeIgniter\Router\RouteCollection))
 6 APPPATH\Config\Routes.php(54): CodeIgniter\Router\RouteCollection->group('', [...], Object(Closure))
 7 SYSTEMPATH\Router\RouteCollection.php(799): CodeIgniter\Router\RouteCollection->{closure}(Object(CodeIgniter\Router\RouteCollection))
 8 APPPATH\Config\Routes.php(55): CodeIgniter\Router\RouteCollection->group('', [...], Object(Closure))
 9 SYSTEMPATH\Router\RouteCollection.php(339): require('C:\\xampp\\htdocs\\ITE311-GOMEZ\\app\\Config\\Routes.php')
10 SYSTEMPATH\CodeIgniter.php(821): CodeIgniter\Router\RouteCollection->loadRoutes()
11 SYSTEMPATH\CodeIgniter.php(455): CodeIgniter\CodeIgniter->tryToRouteIt(null)
12 SYSTEMPATH\CodeIgniter.php(354): CodeIgniter\CodeIgniter->handleRequest(null, Object(Config\Cache), false)
13 SYSTEMPATH\Boot.php(363): CodeIgniter\CodeIgniter->run()
14 SYSTEMPATH\Boot.php(68): CodeIgniter\Boot::runCodeIgniter(Object(CodeIgniter\CodeIgniter))
15 FCPATH\index.php(59): CodeIgniter\Boot::bootWeb(Object(Config\Paths))
DEBUG - 2025-10-09 15:21:46 --> Session: Class initialized using 'CodeIgniter\Session\Handlers\FileHandler' driver.
WARNING - 2025-10-09 15:21:47 --> [DEPRECATED] Passing lowercase HTTP method "post" is deprecated. Use uppercase HTTP method like "POST". in SYSTEMPATH\Router\RouteCollection.php on line 1029.
 1 SYSTEMPATH\Router\RouteCollection.php(1029): trigger_error('Passing lowercase HTTP method "post" is deprecated. Use uppercase HTTP method like "POST".', 16384)
 2 APPPATH\Config\Routes.php(34): CodeIgniter\Router\RouteCollection->match([...], 'courses', 'Courses::store', [...])
 3 SYSTEMPATH\Router\RouteCollection.php(799): CodeIgniter\Router\RouteCollection->{closure}(Object(CodeIgniter\Router\RouteCollection))
 4 APPPATH\Config\Routes.php(41): CodeIgniter\Router\RouteCollection->group('admin', [...], Object(Closure))
 5 SYSTEMPATH\Router\RouteCollection.php(799): CodeIgniter\Router\RouteCollection->{closure}(Object(CodeIgniter\Router\RouteCollection))
 6 APPPATH\Config\Routes.php(54): CodeIgniter\Router\RouteCollection->group('', [...], Object(Closure))
 7 SYSTEMPATH\Router\RouteCollection.php(799): CodeIgniter\Router\RouteCollection->{closure}(Object(CodeIgniter\Router\RouteCollection))
 8 APPPATH\Config\Routes.php(55): CodeIgniter\Router\RouteCollection->group('', [...], Object(Closure))
 9 SYSTEMPATH\Router\RouteCollection.php(339): require('C:\\xampp\\htdocs\\ITE311-GOMEZ\\app\\Config\\Routes.php')
10 SYSTEMPATH\CodeIgniter.php(821): CodeIgniter\Router\RouteCollection->loadRoutes()
11 SYSTEMPATH\CodeIgniter.php(455): CodeIgniter\CodeIgniter->tryToRouteIt(null)
12 SYSTEMPATH\CodeIgniter.php(354): CodeIgniter\CodeIgniter->handleRequest(null, Object(Config\Cache), false)
13 SYSTEMPATH\Boot.php(363): CodeIgniter\CodeIgniter->run()
14 SYSTEMPATH\Boot.php(68): CodeIgniter\Boot::runCodeIgniter(Object(CodeIgniter\CodeIgniter))
15 FCPATH\index.php(59): CodeIgniter\Boot::bootWeb(Object(Config\Paths))
DEBUG - 2025-10-09 15:21:47 --> Session: Class initialized using 'CodeIgniter\Session\Handlers\FileHandler' driver.
WARNING - 2025-10-09 15:21:50 --> [DEPRECATED] Passing lowercase HTTP method "post" is deprecated. Use uppercase HTTP method like "POST". in SYSTEMPATH\Router\RouteCollection.php on line 1029.
 1 SYSTEMPATH\Router\RouteCollection.php(1029): trigger_error('Passing lowercase HTTP method "post" is deprecated. Use uppercase HTTP method like "POST".', 16384)
 2 APPPATH\Config\Routes.php(34): CodeIgniter\Router\RouteCollection->match([...], 'courses', 'Courses::store', [...])
 3 SYSTEMPATH\Router\RouteCollection.php(799): CodeIgniter\Router\RouteCollection->{closure}(Object(CodeIgniter\Router\RouteCollection))
 4 APPPATH\Config\Routes.php(41): CodeIgniter\Router\RouteCollection->group('admin', [...], Object(Closure))
 5 SYSTEMPATH\Router\RouteCollection.php(799): CodeIgniter\Router\RouteCollection->{closure}(Object(CodeIgniter\Router\RouteCollection))
 6 APPPATH\Config\Routes.php(54): CodeIgniter\Router\RouteCollection->group('', [...], Object(Closure))
 7 SYSTEMPATH\Router\RouteCollection.php(799): CodeIgniter\Router\RouteCollection->{closure}(Object(CodeIgniter\Router\RouteCollection))
 8 APPPATH\Config\Routes.php(55): CodeIgniter\Router\RouteCollection->group('', [...], Object(Closure))
 9 SYSTEMPATH\Router\RouteCollection.php(339): require('C:\\xampp\\htdocs\\ITE311-GOMEZ\\app\\Config\\Routes.php')
10 SYSTEMPATH\CodeIgniter.php(821): CodeIgniter\Router\RouteCollection->loadRoutes()
11 SYSTEMPATH\CodeIgniter.php(455): CodeIgniter\CodeIgniter->tryToRouteIt(null)
12 SYSTEMPATH\CodeIgniter.php(354): CodeIgniter\CodeIgniter->handleRequest(null, Object(Config\Cache), false)
13 SYSTEMPATH\Boot.php(363): CodeIgniter\CodeIgniter->run()
14 SYSTEMPATH\Boot.php(68): CodeIgniter\Boot::runCodeIgniter(Object(CodeIgniter\CodeIgniter))
15 FCPATH\index.php(59): CodeIgniter\Boot::bootWeb(Object(Config\Paths))
WARNING - 2025-10-09 15:21:51 --> [DEPRECATED] Passing lowercase HTTP method "post" is deprecated. Use uppercase HTTP method like "POST". in SYSTEMPATH\Router\RouteCollection.php on line 1029.
 1 SYSTEMPATH\Router\RouteCollection.php(1029): trigger_error('Passing lowercase HTTP method "post" is deprecated. Use uppercase HTTP method like "POST".', 16384)
 2 APPPATH\Config\Routes.php(34): CodeIgniter\Router\RouteCollection->match([...], 'courses', 'Courses::store', [...])
 3 SYSTEMPATH\Router\RouteCollection.php(799): CodeIgniter\Router\RouteCollection->{closure}(Object(CodeIgniter\Router\RouteCollection))
 4 APPPATH\Config\Routes.php(41): CodeIgniter\Router\RouteCollection->group('admin', [...], Object(Closure))
 5 SYSTEMPATH\Router\RouteCollection.php(799): CodeIgniter\Router\RouteCollection->{closure}(Object(CodeIgniter\Router\RouteCollection))
 6 APPPATH\Config\Routes.php(54): CodeIgniter\Router\RouteCollection->group('', [...], Object(Closure))
 7 SYSTEMPATH\Router\RouteCollection.php(799): CodeIgniter\Router\RouteCollection->{closure}(Object(CodeIgniter\Router\RouteCollection))
 8 APPPATH\Config\Routes.php(55): CodeIgniter\Router\RouteCollection->group('', [...], Object(Closure))
 9 SYSTEMPATH\Router\RouteCollection.php(339): require('C:\\xampp\\htdocs\\ITE311-GOMEZ\\app\\Config\\Routes.php')
10 SYSTEMPATH\CodeIgniter.php(821): CodeIgniter\Router\RouteCollection->loadRoutes()
11 SYSTEMPATH\CodeIgniter.php(455): CodeIgniter\CodeIgniter->tryToRouteIt(null)
12 SYSTEMPATH\CodeIgniter.php(354): CodeIgniter\CodeIgniter->handleRequest(null, Object(Config\Cache), false)
13 SYSTEMPATH\Boot.php(363): CodeIgniter\CodeIgniter->run()
14 SYSTEMPATH\Boot.php(68): CodeIgniter\Boot::runCodeIgniter(Object(CodeIgniter\CodeIgniter))
15 FCPATH\index.php(59): CodeIgniter\Boot::bootWeb(Object(Config\Paths))
DEBUG - 2025-10-09 15:21:51 --> Session: Class initialized using 'CodeIgniter\Session\Handlers\FileHandler' driver.
WARNING - 2025-10-09 15:21:54 --> [DEPRECATED] Passing lowercase HTTP method "post" is deprecated. Use uppercase HTTP method like "POST". in SYSTEMPATH\Router\RouteCollection.php on line 1029.
 1 SYSTEMPATH\Router\RouteCollection.php(1029): trigger_error('Passing lowercase HTTP method "post" is deprecated. Use uppercase HTTP method like "POST".', 16384)
 2 APPPATH\Config\Routes.php(34): CodeIgniter\Router\RouteCollection->match([...], 'courses', 'Courses::store', [...])
 3 SYSTEMPATH\Router\RouteCollection.php(799): CodeIgniter\Router\RouteCollection->{closure}(Object(CodeIgniter\Router\RouteCollection))
 4 APPPATH\Config\Routes.php(41): CodeIgniter\Router\RouteCollection->group('admin', [...], Object(Closure))
 5 SYSTEMPATH\Router\RouteCollection.php(799): CodeIgniter\Router\RouteCollection->{closure}(Object(CodeIgniter\Router\RouteCollection))
 6 APPPATH\Config\Routes.php(54): CodeIgniter\Router\RouteCollection->group('', [...], Object(Closure))
 7 SYSTEMPATH\Router\RouteCollection.php(799): CodeIgniter\Router\RouteCollection->{closure}(Object(CodeIgniter\Router\RouteCollection))
 8 APPPATH\Config\Routes.php(55): CodeIgniter\Router\RouteCollection->group('', [...], Object(Closure))
 9 SYSTEMPATH\Router\RouteCollection.php(339): require('C:\\xampp\\htdocs\\ITE311-GOMEZ\\app\\Config\\Routes.php')
10 SYSTEMPATH\CodeIgniter.php(821): CodeIgniter\Router\RouteCollection->loadRoutes()
11 SYSTEMPATH\CodeIgniter.php(455): CodeIgniter\CodeIgniter->tryToRouteIt(null)
12 SYSTEMPATH\CodeIgniter.php(354): CodeIgniter\CodeIgniter->handleRequest(null, Object(Config\Cache), false)
13 SYSTEMPATH\Boot.php(363): CodeIgniter\CodeIgniter->run()
14 SYSTEMPATH\Boot.php(68): CodeIgniter\Boot::runCodeIgniter(Object(CodeIgniter\CodeIgniter))
15 FCPATH\index.php(59): CodeIgniter\Boot::bootWeb(Object(Config\Paths))
DEBUG - 2025-10-09 15:21:54 --> Session: Class initialized using 'CodeIgniter\Session\Handlers\FileHandler' driver.
WARNING - 2025-10-09 15:22:43 --> [DEPRECATED] Passing lowercase HTTP method "post" is deprecated. Use uppercase HTTP method like "POST". in SYSTEMPATH\Router\RouteCollection.php on line 1029.
 1 SYSTEMPATH\Router\RouteCollection.php(1029): trigger_error('Passing lowercase HTTP method "post" is deprecated. Use uppercase HTTP method like "POST".', 16384)
 2 APPPATH\Config\Routes.php(34): CodeIgniter\Router\RouteCollection->match([...], 'courses', 'Courses::store', [...])
 3 SYSTEMPATH\Router\RouteCollection.php(799): CodeIgniter\Router\RouteCollection->{closure}(Object(CodeIgniter\Router\RouteCollection))
 4 APPPATH\Config\Routes.php(41): CodeIgniter\Router\RouteCollection->group('admin', [...], Object(Closure))
 5 SYSTEMPATH\Router\RouteCollection.php(799): CodeIgniter\Router\RouteCollection->{closure}(Object(CodeIgniter\Router\RouteCollection))
 6 APPPATH\Config\Routes.php(54): CodeIgniter\Router\RouteCollection->group('', [...], Object(Closure))
 7 SYSTEMPATH\Router\RouteCollection.php(799): CodeIgniter\Router\RouteCollection->{closure}(Object(CodeIgniter\Router\RouteCollection))
 8 APPPATH\Config\Routes.php(55): CodeIgniter\Router\RouteCollection->group('', [...], Object(Closure))
 9 SYSTEMPATH\Router\RouteCollection.php(339): require('C:\\xampp\\htdocs\\ITE311-GOMEZ\\app\\Config\\Routes.php')
10 SYSTEMPATH\CodeIgniter.php(821): CodeIgniter\Router\RouteCollection->loadRoutes()
11 SYSTEMPATH\CodeIgniter.php(455): CodeIgniter\CodeIgniter->tryToRouteIt(null)
12 SYSTEMPATH\CodeIgniter.php(354): CodeIgniter\CodeIgniter->handleRequest(null, Object(Config\Cache), false)
13 SYSTEMPATH\Boot.php(363): CodeIgniter\CodeIgniter->run()
14 SYSTEMPATH\Boot.php(68): CodeIgniter\Boot::runCodeIgniter(Object(CodeIgniter\CodeIgniter))
15 FCPATH\index.php(59): CodeIgniter\Boot::bootWeb(Object(Config\Paths))
DEBUG - 2025-10-09 15:22:43 --> Session: Class initialized using 'CodeIgniter\Session\Handlers\FileHandler' driver.
WARNING - 2025-10-09 15:22:44 --> [DEPRECATED] Passing lowercase HTTP method "post" is deprecated. Use uppercase HTTP method like "POST". in SYSTEMPATH\Router\RouteCollection.php on line 1029.
 1 SYSTEMPATH\Router\RouteCollection.php(1029): trigger_error('Passing lowercase HTTP method "post" is deprecated. Use uppercase HTTP method like "POST".', 16384)
 2 APPPATH\Config\Routes.php(34): CodeIgniter\Router\RouteCollection->match([...], 'courses', 'Courses::store', [...])
 3 SYSTEMPATH\Router\RouteCollection.php(799): CodeIgniter\Router\RouteCollection->{closure}(Object(CodeIgniter\Router\RouteCollection))
 4 APPPATH\Config\Routes.php(41): CodeIgniter\Router\RouteCollection->group('admin', [...], Object(Closure))
 5 SYSTEMPATH\Router\RouteCollection.php(799): CodeIgniter\Router\RouteCollection->{closure}(Object(CodeIgniter\Router\RouteCollection))
 6 APPPATH\Config\Routes.php(54): CodeIgniter\Router\RouteCollection->group('', [...], Object(Closure))
 7 SYSTEMPATH\Router\RouteCollection.php(799): CodeIgniter\Router\RouteCollection->{closure}(Object(CodeIgniter\Router\RouteCollection))
 8 APPPATH\Config\Routes.php(55): CodeIgniter\Router\RouteCollection->group('', [...], Object(Closure))
 9 SYSTEMPATH\Router\RouteCollection.php(339): require('C:\\xampp\\htdocs\\ITE311-GOMEZ\\app\\Config\\Routes.php')
10 SYSTEMPATH\CodeIgniter.php(821): CodeIgniter\Router\RouteCollection->loadRoutes()
11 SYSTEMPATH\CodeIgniter.php(455): CodeIgniter\CodeIgniter->tryToRouteIt(null)
12 SYSTEMPATH\CodeIgniter.php(354): CodeIgniter\CodeIgniter->handleRequest(null, Object(Config\Cache), false)
13 SYSTEMPATH\Boot.php(363): CodeIgniter\CodeIgniter->run()
14 SYSTEMPATH\Boot.php(68): CodeIgniter\Boot::runCodeIgniter(Object(CodeIgniter\CodeIgniter))
15 FCPATH\index.php(59): CodeIgniter\Boot::bootWeb(Object(Config\Paths))
DEBUG - 2025-10-09 15:22:44 --> Session: Class initialized using 'CodeIgniter\Session\Handlers\FileHandler' driver.
WARNING - 2025-10-09 15:22:46 --> [DEPRECATED] Passing lowercase HTTP method "post" is deprecated. Use uppercase HTTP method like "POST". in SYSTEMPATH\Router\RouteCollection.php on line 1029.
 1 SYSTEMPATH\Router\RouteCollection.php(1029): trigger_error('Passing lowercase HTTP method "post" is deprecated. Use uppercase HTTP method like "POST".', 16384)
 2 APPPATH\Config\Routes.php(34): CodeIgniter\Router\RouteCollection->match([...], 'courses', 'Courses::store', [...])
 3 SYSTEMPATH\Router\RouteCollection.php(799): CodeIgniter\Router\RouteCollection->{closure}(Object(CodeIgniter\Router\RouteCollection))
 4 APPPATH\Config\Routes.php(41): CodeIgniter\Router\RouteCollection->group('admin', [...], Object(Closure))
 5 SYSTEMPATH\Router\RouteCollection.php(799): CodeIgniter\Router\RouteCollection->{closure}(Object(CodeIgniter\Router\RouteCollection))
 6 APPPATH\Config\Routes.php(54): CodeIgniter\Router\RouteCollection->group('', [...], Object(Closure))
 7 SYSTEMPATH\Router\RouteCollection.php(799): CodeIgniter\Router\RouteCollection->{closure}(Object(CodeIgniter\Router\RouteCollection))
 8 APPPATH\Config\Routes.php(55): CodeIgniter\Router\RouteCollection->group('', [...], Object(Closure))
 9 SYSTEMPATH\Router\RouteCollection.php(339): require('C:\\xampp\\htdocs\\ITE311-GOMEZ\\app\\Config\\Routes.php')
10 SYSTEMPATH\CodeIgniter.php(821): CodeIgniter\Router\RouteCollection->loadRoutes()
11 SYSTEMPATH\CodeIgniter.php(455): CodeIgniter\CodeIgniter->tryToRouteIt(null)
12 SYSTEMPATH\CodeIgniter.php(354): CodeIgniter\CodeIgniter->handleRequest(null, Object(Config\Cache), false)
13 SYSTEMPATH\Boot.php(363): CodeIgniter\CodeIgniter->run()
14 SYSTEMPATH\Boot.php(68): CodeIgniter\Boot::runCodeIgniter(Object(CodeIgniter\CodeIgniter))
15 FCPATH\index.php(59): CodeIgniter\Boot::bootWeb(Object(Config\Paths))
DEBUG - 2025-10-09 15:22:46 --> Session: Class initialized using 'CodeIgniter\Session\Handlers\FileHandler' driver.
WARNING - 2025-10-09 15:22:47 --> [DEPRECATED] Passing lowercase HTTP method "post" is deprecated. Use uppercase HTTP method like "POST". in SYSTEMPATH\Router\RouteCollection.php on line 1029.
 1 SYSTEMPATH\Router\RouteCollection.php(1029): trigger_error('Passing lowercase HTTP method "post" is deprecated. Use uppercase HTTP method like "POST".', 16384)
 2 APPPATH\Config\Routes.php(34): CodeIgniter\Router\RouteCollection->match([...], 'courses', 'Courses::store', [...])
 3 SYSTEMPATH\Router\RouteCollection.php(799): CodeIgniter\Router\RouteCollection->{closure}(Object(CodeIgniter\Router\RouteCollection))
 4 APPPATH\Config\Routes.php(41): CodeIgniter\Router\RouteCollection->group('admin', [...], Object(Closure))
 5 SYSTEMPATH\Router\RouteCollection.php(799): CodeIgniter\Router\RouteCollection->{closure}(Object(CodeIgniter\Router\RouteCollection))
 6 APPPATH\Config\Routes.php(54): CodeIgniter\Router\RouteCollection->group('', [...], Object(Closure))
 7 SYSTEMPATH\Router\RouteCollection.php(799): CodeIgniter\Router\RouteCollection->{closure}(Object(CodeIgniter\Router\RouteCollection))
 8 APPPATH\Config\Routes.php(55): CodeIgniter\Router\RouteCollection->group('', [...], Object(Closure))
 9 SYSTEMPATH\Router\RouteCollection.php(339): require('C:\\xampp\\htdocs\\ITE311-GOMEZ\\app\\Config\\Routes.php')
10 SYSTEMPATH\CodeIgniter.php(821): CodeIgniter\Router\RouteCollection->loadRoutes()
11 SYSTEMPATH\CodeIgniter.php(455): CodeIgniter\CodeIgniter->tryToRouteIt(null)
12 SYSTEMPATH\CodeIgniter.php(354): CodeIgniter\CodeIgniter->handleRequest(null, Object(Config\Cache), false)
13 SYSTEMPATH\Boot.php(363): CodeIgniter\CodeIgniter->run()
14 SYSTEMPATH\Boot.php(68): CodeIgniter\Boot::runCodeIgniter(Object(CodeIgniter\CodeIgniter))
15 FCPATH\index.php(59): CodeIgniter\Boot::bootWeb(Object(Config\Paths))
DEBUG - 2025-10-09 15:22:47 --> Session: Class initialized using 'CodeIgniter\Session\Handlers\FileHandler' driver.
WARNING - 2025-10-09 15:22:49 --> [DEPRECATED] Passing lowercase HTTP method "post" is deprecated. Use uppercase HTTP method like "POST". in SYSTEMPATH\Router\RouteCollection.php on line 1029.
 1 SYSTEMPATH\Router\RouteCollection.php(1029): trigger_error('Passing lowercase HTTP method "post" is deprecated. Use uppercase HTTP method like "POST".', 16384)
 2 APPPATH\Config\Routes.php(34): CodeIgniter\Router\RouteCollection->match([...], 'courses', 'Courses::store', [...])
 3 SYSTEMPATH\Router\RouteCollection.php(799): CodeIgniter\Router\RouteCollection->{closure}(Object(CodeIgniter\Router\RouteCollection))
 4 APPPATH\Config\Routes.php(41): CodeIgniter\Router\RouteCollection->group('admin', [...], Object(Closure))
 5 SYSTEMPATH\Router\RouteCollection.php(799): CodeIgniter\Router\RouteCollection->{closure}(Object(CodeIgniter\Router\RouteCollection))
 6 APPPATH\Config\Routes.php(54): CodeIgniter\Router\RouteCollection->group('', [...], Object(Closure))
 7 SYSTEMPATH\Router\RouteCollection.php(799): CodeIgniter\Router\RouteCollection->{closure}(Object(CodeIgniter\Router\RouteCollection))
 8 APPPATH\Config\Routes.php(55): CodeIgniter\Router\RouteCollection->group('', [...], Object(Closure))
 9 SYSTEMPATH\Router\RouteCollection.php(339): require('C:\\xampp\\htdocs\\ITE311-GOMEZ\\app\\Config\\Routes.php')
10 SYSTEMPATH\CodeIgniter.php(821): CodeIgniter\Router\RouteCollection->loadRoutes()
11 SYSTEMPATH\CodeIgniter.php(455): CodeIgniter\CodeIgniter->tryToRouteIt(null)
12 SYSTEMPATH\CodeIgniter.php(354): CodeIgniter\CodeIgniter->handleRequest(null, Object(Config\Cache), false)
13 SYSTEMPATH\Boot.php(363): CodeIgniter\CodeIgniter->run()
14 SYSTEMPATH\Boot.php(68): CodeIgniter\Boot::runCodeIgniter(Object(CodeIgniter\CodeIgniter))
15 FCPATH\index.php(59): CodeIgniter\Boot::bootWeb(Object(Config\Paths))
DEBUG - 2025-10-09 15:22:49 --> Session: Class initialized using 'CodeIgniter\Session\Handlers\FileHandler' driver.
WARNING - 2025-10-09 15:22:49 --> [DEPRECATED] Passing lowercase HTTP method "post" is deprecated. Use uppercase HTTP method like "POST". in SYSTEMPATH\Router\RouteCollection.php on line 1029.
 1 SYSTEMPATH\Router\RouteCollection.php(1029): trigger_error('Passing lowercase HTTP method "post" is deprecated. Use uppercase HTTP method like "POST".', 16384)
 2 APPPATH\Config\Routes.php(34): CodeIgniter\Router\RouteCollection->match([...], 'courses', 'Courses::store', [...])
 3 SYSTEMPATH\Router\RouteCollection.php(799): CodeIgniter\Router\RouteCollection->{closure}(Object(CodeIgniter\Router\RouteCollection))
 4 APPPATH\Config\Routes.php(41): CodeIgniter\Router\RouteCollection->group('admin', [...], Object(Closure))
 5 SYSTEMPATH\Router\RouteCollection.php(799): CodeIgniter\Router\RouteCollection->{closure}(Object(CodeIgniter\Router\RouteCollection))
 6 APPPATH\Config\Routes.php(54): CodeIgniter\Router\RouteCollection->group('', [...], Object(Closure))
 7 SYSTEMPATH\Router\RouteCollection.php(799): CodeIgniter\Router\RouteCollection->{closure}(Object(CodeIgniter\Router\RouteCollection))
 8 APPPATH\Config\Routes.php(55): CodeIgniter\Router\RouteCollection->group('', [...], Object(Closure))
 9 SYSTEMPATH\Router\RouteCollection.php(339): require('C:\\xampp\\htdocs\\ITE311-GOMEZ\\app\\Config\\Routes.php')
10 SYSTEMPATH\CodeIgniter.php(821): CodeIgniter\Router\RouteCollection->loadRoutes()
11 SYSTEMPATH\CodeIgniter.php(455): CodeIgniter\CodeIgniter->tryToRouteIt(null)
12 SYSTEMPATH\CodeIgniter.php(354): CodeIgniter\CodeIgniter->handleRequest(null, Object(Config\Cache), false)
13 SYSTEMPATH\Boot.php(363): CodeIgniter\CodeIgniter->run()
14 SYSTEMPATH\Boot.php(68): CodeIgniter\Boot::runCodeIgniter(Object(CodeIgniter\CodeIgniter))
15 FCPATH\index.php(59): CodeIgniter\Boot::bootWeb(Object(Config\Paths))
DEBUG - 2025-10-09 15:22:49 --> Session: Class initialized using 'CodeIgniter\Session\Handlers\FileHandler' driver.
WARNING - 2025-10-09 15:22:50 --> [DEPRECATED] Passing lowercase HTTP method "post" is deprecated. Use uppercase HTTP method like "POST". in SYSTEMPATH\Router\RouteCollection.php on line 1029.
 1 SYSTEMPATH\Router\RouteCollection.php(1029): trigger_error('Passing lowercase HTTP method "post" is deprecated. Use uppercase HTTP method like "POST".', 16384)
 2 APPPATH\Config\Routes.php(34): CodeIgniter\Router\RouteCollection->match([...], 'courses', 'Courses::store', [...])
 3 SYSTEMPATH\Router\RouteCollection.php(799): CodeIgniter\Router\RouteCollection->{closure}(Object(CodeIgniter\Router\RouteCollection))
 4 APPPATH\Config\Routes.php(41): CodeIgniter\Router\RouteCollection->group('admin', [...], Object(Closure))
 5 SYSTEMPATH\Router\RouteCollection.php(799): CodeIgniter\Router\RouteCollection->{closure}(Object(CodeIgniter\Router\RouteCollection))
 6 APPPATH\Config\Routes.php(54): CodeIgniter\Router\RouteCollection->group('', [...], Object(Closure))
 7 SYSTEMPATH\Router\RouteCollection.php(799): CodeIgniter\Router\RouteCollection->{closure}(Object(CodeIgniter\Router\RouteCollection))
 8 APPPATH\Config\Routes.php(55): CodeIgniter\Router\RouteCollection->group('', [...], Object(Closure))
 9 SYSTEMPATH\Router\RouteCollection.php(339): require('C:\\xampp\\htdocs\\ITE311-GOMEZ\\app\\Config\\Routes.php')
10 SYSTEMPATH\CodeIgniter.php(821): CodeIgniter\Router\RouteCollection->loadRoutes()
11 SYSTEMPATH\CodeIgniter.php(455): CodeIgniter\CodeIgniter->tryToRouteIt(null)
12 SYSTEMPATH\CodeIgniter.php(354): CodeIgniter\CodeIgniter->handleRequest(null, Object(Config\Cache), false)
13 SYSTEMPATH\Boot.php(363): CodeIgniter\CodeIgniter->run()
14 SYSTEMPATH\Boot.php(68): CodeIgniter\Boot::runCodeIgniter(Object(CodeIgniter\CodeIgniter))
15 FCPATH\index.php(59): CodeIgniter\Boot::bootWeb(Object(Config\Paths))
DEBUG - 2025-10-09 15:22:50 --> Session: Class initialized using 'CodeIgniter\Session\Handlers\FileHandler' driver.
WARNING - 2025-10-09 15:22:50 --> [DEPRECATED] Passing lowercase HTTP method "post" is deprecated. Use uppercase HTTP method like "POST". in SYSTEMPATH\Router\RouteCollection.php on line 1029.
 1 SYSTEMPATH\Router\RouteCollection.php(1029): trigger_error('Passing lowercase HTTP method "post" is deprecated. Use uppercase HTTP method like "POST".', 16384)
 2 APPPATH\Config\Routes.php(34): CodeIgniter\Router\RouteCollection->match([...], 'courses', 'Courses::store', [...])
 3 SYSTEMPATH\Router\RouteCollection.php(799): CodeIgniter\Router\RouteCollection->{closure}(Object(CodeIgniter\Router\RouteCollection))
 4 APPPATH\Config\Routes.php(41): CodeIgniter\Router\RouteCollection->group('admin', [...], Object(Closure))
 5 SYSTEMPATH\Router\RouteCollection.php(799): CodeIgniter\Router\RouteCollection->{closure}(Object(CodeIgniter\Router\RouteCollection))
 6 APPPATH\Config\Routes.php(54): CodeIgniter\Router\RouteCollection->group('', [...], Object(Closure))
 7 SYSTEMPATH\Router\RouteCollection.php(799): CodeIgniter\Router\RouteCollection->{closure}(Object(CodeIgniter\Router\RouteCollection))
 8 APPPATH\Config\Routes.php(55): CodeIgniter\Router\RouteCollection->group('', [...], Object(Closure))
 9 SYSTEMPATH\Router\RouteCollection.php(339): require('C:\\xampp\\htdocs\\ITE311-GOMEZ\\app\\Config\\Routes.php')
10 SYSTEMPATH\CodeIgniter.php(821): CodeIgniter\Router\RouteCollection->loadRoutes()
11 SYSTEMPATH\CodeIgniter.php(455): CodeIgniter\CodeIgniter->tryToRouteIt(null)
12 SYSTEMPATH\CodeIgniter.php(354): CodeIgniter\CodeIgniter->handleRequest(null, Object(Config\Cache), false)
13 SYSTEMPATH\Boot.php(363): CodeIgniter\CodeIgniter->run()
14 SYSTEMPATH\Boot.php(68): CodeIgniter\Boot::runCodeIgniter(Object(CodeIgniter\CodeIgniter))
15 FCPATH\index.php(59): CodeIgniter\Boot::bootWeb(Object(Config\Paths))
DEBUG - 2025-10-09 15:22:50 --> Session: Class initialized using 'CodeIgniter\Session\Handlers\FileHandler' driver.
WARNING - 2025-10-09 15:22:50 --> [DEPRECATED] Passing lowercase HTTP method "post" is deprecated. Use uppercase HTTP method like "POST". in SYSTEMPATH\Router\RouteCollection.php on line 1029.
 1 SYSTEMPATH\Router\RouteCollection.php(1029): trigger_error('Passing lowercase HTTP method "post" is deprecated. Use uppercase HTTP method like "POST".', 16384)
 2 APPPATH\Config\Routes.php(34): CodeIgniter\Router\RouteCollection->match([...], 'courses', 'Courses::store', [...])
 3 SYSTEMPATH\Router\RouteCollection.php(799): CodeIgniter\Router\RouteCollection->{closure}(Object(CodeIgniter\Router\RouteCollection))
 4 APPPATH\Config\Routes.php(41): CodeIgniter\Router\RouteCollection->group('admin', [...], Object(Closure))
 5 SYSTEMPATH\Router\RouteCollection.php(799): CodeIgniter\Router\RouteCollection->{closure}(Object(CodeIgniter\Router\RouteCollection))
 6 APPPATH\Config\Routes.php(54): CodeIgniter\Router\RouteCollection->group('', [...], Object(Closure))
 7 SYSTEMPATH\Router\RouteCollection.php(799): CodeIgniter\Router\RouteCollection->{closure}(Object(CodeIgniter\Router\RouteCollection))
 8 APPPATH\Config\Routes.php(55): CodeIgniter\Router\RouteCollection->group('', [...], Object(Closure))
 9 SYSTEMPATH\Router\RouteCollection.php(339): require('C:\\xampp\\htdocs\\ITE311-GOMEZ\\app\\Config\\Routes.php')
10 SYSTEMPATH\CodeIgniter.php(821): CodeIgniter\Router\RouteCollection->loadRoutes()
11 SYSTEMPATH\CodeIgniter.php(455): CodeIgniter\CodeIgniter->tryToRouteIt(null)
12 SYSTEMPATH\CodeIgniter.php(354): CodeIgniter\CodeIgniter->handleRequest(null, Object(Config\Cache), false)
13 SYSTEMPATH\Boot.php(363): CodeIgniter\CodeIgniter->run()
14 SYSTEMPATH\Boot.php(68): CodeIgniter\Boot::runCodeIgniter(Object(CodeIgniter\CodeIgniter))
15 FCPATH\index.php(59): CodeIgniter\Boot::bootWeb(Object(Config\Paths))
DEBUG - 2025-10-09 15:22:50 --> Session: Class initialized using 'CodeIgniter\Session\Handlers\FileHandler' driver.
WARNING - 2025-10-09 15:22:50 --> [DEPRECATED] Passing lowercase HTTP method "post" is deprecated. Use uppercase HTTP method like "POST". in SYSTEMPATH\Router\RouteCollection.php on line 1029.
 1 SYSTEMPATH\Router\RouteCollection.php(1029): trigger_error('Passing lowercase HTTP method "post" is deprecated. Use uppercase HTTP method like "POST".', 16384)
 2 APPPATH\Config\Routes.php(34): CodeIgniter\Router\RouteCollection->match([...], 'courses', 'Courses::store', [...])
 3 SYSTEMPATH\Router\RouteCollection.php(799): CodeIgniter\Router\RouteCollection->{closure}(Object(CodeIgniter\Router\RouteCollection))
 4 APPPATH\Config\Routes.php(41): CodeIgniter\Router\RouteCollection->group('admin', [...], Object(Closure))
 5 SYSTEMPATH\Router\RouteCollection.php(799): CodeIgniter\Router\RouteCollection->{closure}(Object(CodeIgniter\Router\RouteCollection))
 6 APPPATH\Config\Routes.php(54): CodeIgniter\Router\RouteCollection->group('', [...], Object(Closure))
 7 SYSTEMPATH\Router\RouteCollection.php(799): CodeIgniter\Router\RouteCollection->{closure}(Object(CodeIgniter\Router\RouteCollection))
 8 APPPATH\Config\Routes.php(55): CodeIgniter\Router\RouteCollection->group('', [...], Object(Closure))
 9 SYSTEMPATH\Router\RouteCollection.php(339): require('C:\\xampp\\htdocs\\ITE311-GOMEZ\\app\\Config\\Routes.php')
10 SYSTEMPATH\CodeIgniter.php(821): CodeIgniter\Router\RouteCollection->loadRoutes()
11 SYSTEMPATH\CodeIgniter.php(455): CodeIgniter\CodeIgniter->tryToRouteIt(null)
12 SYSTEMPATH\CodeIgniter.php(354): CodeIgniter\CodeIgniter->handleRequest(null, Object(Config\Cache), false)
13 SYSTEMPATH\Boot.php(363): CodeIgniter\CodeIgniter->run()
14 SYSTEMPATH\Boot.php(68): CodeIgniter\Boot::runCodeIgniter(Object(CodeIgniter\CodeIgniter))
15 FCPATH\index.php(59): CodeIgniter\Boot::bootWeb(Object(Config\Paths))
DEBUG - 2025-10-09 15:22:50 --> Session: Class initialized using 'CodeIgniter\Session\Handlers\FileHandler' driver.
WARNING - 2025-10-09 15:22:50 --> [DEPRECATED] Passing lowercase HTTP method "post" is deprecated. Use uppercase HTTP method like "POST". in SYSTEMPATH\Router\RouteCollection.php on line 1029.
 1 SYSTEMPATH\Router\RouteCollection.php(1029): trigger_error('Passing lowercase HTTP method "post" is deprecated. Use uppercase HTTP method like "POST".', 16384)
 2 APPPATH\Config\Routes.php(34): CodeIgniter\Router\RouteCollection->match([...], 'courses', 'Courses::store', [...])
 3 SYSTEMPATH\Router\RouteCollection.php(799): CodeIgniter\Router\RouteCollection->{closure}(Object(CodeIgniter\Router\RouteCollection))
 4 APPPATH\Config\Routes.php(41): CodeIgniter\Router\RouteCollection->group('admin', [...], Object(Closure))
 5 SYSTEMPATH\Router\RouteCollection.php(799): CodeIgniter\Router\RouteCollection->{closure}(Object(CodeIgniter\Router\RouteCollection))
 6 APPPATH\Config\Routes.php(54): CodeIgniter\Router\RouteCollection->group('', [...], Object(Closure))
 7 SYSTEMPATH\Router\RouteCollection.php(799): CodeIgniter\Router\RouteCollection->{closure}(Object(CodeIgniter\Router\RouteCollection))
 8 APPPATH\Config\Routes.php(55): CodeIgniter\Router\RouteCollection->group('', [...], Object(Closure))
 9 SYSTEMPATH\Router\RouteCollection.php(339): require('C:\\xampp\\htdocs\\ITE311-GOMEZ\\app\\Config\\Routes.php')
10 SYSTEMPATH\CodeIgniter.php(821): CodeIgniter\Router\RouteCollection->loadRoutes()
11 SYSTEMPATH\CodeIgniter.php(455): CodeIgniter\CodeIgniter->tryToRouteIt(null)
12 SYSTEMPATH\CodeIgniter.php(354): CodeIgniter\CodeIgniter->handleRequest(null, Object(Config\Cache), false)
13 SYSTEMPATH\Boot.php(363): CodeIgniter\CodeIgniter->run()
14 SYSTEMPATH\Boot.php(68): CodeIgniter\Boot::runCodeIgniter(Object(CodeIgniter\CodeIgniter))
15 FCPATH\index.php(59): CodeIgniter\Boot::bootWeb(Object(Config\Paths))
DEBUG - 2025-10-09 15:22:50 --> Session: Class initialized using 'CodeIgniter\Session\Handlers\FileHandler' driver.
WARNING - 2025-10-09 15:22:51 --> [DEPRECATED] Passing lowercase HTTP method "post" is deprecated. Use uppercase HTTP method like "POST". in SYSTEMPATH\Router\RouteCollection.php on line 1029.
 1 SYSTEMPATH\Router\RouteCollection.php(1029): trigger_error('Passing lowercase HTTP method "post" is deprecated. Use uppercase HTTP method like "POST".', 16384)
 2 APPPATH\Config\Routes.php(34): CodeIgniter\Router\RouteCollection->match([...], 'courses', 'Courses::store', [...])
 3 SYSTEMPATH\Router\RouteCollection.php(799): CodeIgniter\Router\RouteCollection->{closure}(Object(CodeIgniter\Router\RouteCollection))
 4 APPPATH\Config\Routes.php(41): CodeIgniter\Router\RouteCollection->group('admin', [...], Object(Closure))
 5 SYSTEMPATH\Router\RouteCollection.php(799): CodeIgniter\Router\RouteCollection->{closure}(Object(CodeIgniter\Router\RouteCollection))
 6 APPPATH\Config\Routes.php(54): CodeIgniter\Router\RouteCollection->group('', [...], Object(Closure))
 7 SYSTEMPATH\Router\RouteCollection.php(799): CodeIgniter\Router\RouteCollection->{closure}(Object(CodeIgniter\Router\RouteCollection))
 8 APPPATH\Config\Routes.php(55): CodeIgniter\Router\RouteCollection->group('', [...], Object(Closure))
 9 SYSTEMPATH\Router\RouteCollection.php(339): require('C:\\xampp\\htdocs\\ITE311-GOMEZ\\app\\Config\\Routes.php')
10 SYSTEMPATH\CodeIgniter.php(821): CodeIgniter\Router\RouteCollection->loadRoutes()
11 SYSTEMPATH\CodeIgniter.php(455): CodeIgniter\CodeIgniter->tryToRouteIt(null)
12 SYSTEMPATH\CodeIgniter.php(354): CodeIgniter\CodeIgniter->handleRequest(null, Object(Config\Cache), false)
13 SYSTEMPATH\Boot.php(363): CodeIgniter\CodeIgniter->run()
14 SYSTEMPATH\Boot.php(68): CodeIgniter\Boot::runCodeIgniter(Object(CodeIgniter\CodeIgniter))
15 FCPATH\index.php(59): CodeIgniter\Boot::bootWeb(Object(Config\Paths))
DEBUG - 2025-10-09 15:22:51 --> Session: Class initialized using 'CodeIgniter\Session\Handlers\FileHandler' driver.
WARNING - 2025-10-09 15:23:00 --> [DEPRECATED] Passing lowercase HTTP method "post" is deprecated. Use uppercase HTTP method like "POST". in SYSTEMPATH\Router\RouteCollection.php on line 1029.
 1 SYSTEMPATH\Router\RouteCollection.php(1029): trigger_error('Passing lowercase HTTP method "post" is deprecated. Use uppercase HTTP method like "POST".', 16384)
 2 APPPATH\Config\Routes.php(34): CodeIgniter\Router\RouteCollection->match([...], 'courses', 'Courses::store', [...])
 3 SYSTEMPATH\Router\RouteCollection.php(799): CodeIgniter\Router\RouteCollection->{closure}(Object(CodeIgniter\Router\RouteCollection))
 4 APPPATH\Config\Routes.php(41): CodeIgniter\Router\RouteCollection->group('admin', [...], Object(Closure))
 5 SYSTEMPATH\Router\RouteCollection.php(799): CodeIgniter\Router\RouteCollection->{closure}(Object(CodeIgniter\Router\RouteCollection))
 6 APPPATH\Config\Routes.php(54): CodeIgniter\Router\RouteCollection->group('', [...], Object(Closure))
 7 SYSTEMPATH\Router\RouteCollection.php(799): CodeIgniter\Router\RouteCollection->{closure}(Object(CodeIgniter\Router\RouteCollection))
 8 APPPATH\Config\Routes.php(55): CodeIgniter\Router\RouteCollection->group('', [...], Object(Closure))
 9 SYSTEMPATH\Router\RouteCollection.php(339): require('C:\\xampp\\htdocs\\ITE311-GOMEZ\\app\\Config\\Routes.php')
10 SYSTEMPATH\CodeIgniter.php(821): CodeIgniter\Router\RouteCollection->loadRoutes()
11 SYSTEMPATH\CodeIgniter.php(455): CodeIgniter\CodeIgniter->tryToRouteIt(null)
12 SYSTEMPATH\CodeIgniter.php(354): CodeIgniter\CodeIgniter->handleRequest(null, Object(Config\Cache), false)
13 SYSTEMPATH\Boot.php(363): CodeIgniter\CodeIgniter->run()
14 SYSTEMPATH\Boot.php(68): CodeIgniter\Boot::runCodeIgniter(Object(CodeIgniter\CodeIgniter))
15 FCPATH\index.php(59): CodeIgniter\Boot::bootWeb(Object(Config\Paths))
DEBUG - 2025-10-09 15:23:00 --> Session: Class initialized using 'CodeIgniter\Session\Handlers\FileHandler' driver.
WARNING - 2025-10-09 15:23:00 --> [DEPRECATED] Passing lowercase HTTP method "post" is deprecated. Use uppercase HTTP method like "POST". in SYSTEMPATH\Router\RouteCollection.php on line 1029.
 1 SYSTEMPATH\Router\RouteCollection.php(1029): trigger_error('Passing lowercase HTTP method "post" is deprecated. Use uppercase HTTP method like "POST".', 16384)
 2 APPPATH\Config\Routes.php(34): CodeIgniter\Router\RouteCollection->match([...], 'courses', 'Courses::store', [...])
 3 SYSTEMPATH\Router\RouteCollection.php(799): CodeIgniter\Router\RouteCollection->{closure}(Object(CodeIgniter\Router\RouteCollection))
 4 APPPATH\Config\Routes.php(41): CodeIgniter\Router\RouteCollection->group('admin', [...], Object(Closure))
 5 SYSTEMPATH\Router\RouteCollection.php(799): CodeIgniter\Router\RouteCollection->{closure}(Object(CodeIgniter\Router\RouteCollection))
 6 APPPATH\Config\Routes.php(54): CodeIgniter\Router\RouteCollection->group('', [...], Object(Closure))
 7 SYSTEMPATH\Router\RouteCollection.php(799): CodeIgniter\Router\RouteCollection->{closure}(Object(CodeIgniter\Router\RouteCollection))
 8 APPPATH\Config\Routes.php(55): CodeIgniter\Router\RouteCollection->group('', [...], Object(Closure))
 9 SYSTEMPATH\Router\RouteCollection.php(339): require('C:\\xampp\\htdocs\\ITE311-GOMEZ\\app\\Config\\Routes.php')
10 SYSTEMPATH\CodeIgniter.php(821): CodeIgniter\Router\RouteCollection->loadRoutes()
11 SYSTEMPATH\CodeIgniter.php(455): CodeIgniter\CodeIgniter->tryToRouteIt(null)
12 SYSTEMPATH\CodeIgniter.php(354): CodeIgniter\CodeIgniter->handleRequest(null, Object(Config\Cache), false)
13 SYSTEMPATH\Boot.php(363): CodeIgniter\CodeIgniter->run()
14 SYSTEMPATH\Boot.php(68): CodeIgniter\Boot::runCodeIgniter(Object(CodeIgniter\CodeIgniter))
15 FCPATH\index.php(59): CodeIgniter\Boot::bootWeb(Object(Config\Paths))
DEBUG - 2025-10-09 15:23:00 --> Session: Class initialized using 'CodeIgniter\Session\Handlers\FileHandler' driver.
WARNING - 2025-10-09 15:23:01 --> [DEPRECATED] Passing lowercase HTTP method "post" is deprecated. Use uppercase HTTP method like "POST". in SYSTEMPATH\Router\RouteCollection.php on line 1029.
 1 SYSTEMPATH\Router\RouteCollection.php(1029): trigger_error('Passing lowercase HTTP method "post" is deprecated. Use uppercase HTTP method like "POST".', 16384)
 2 APPPATH\Config\Routes.php(34): CodeIgniter\Router\RouteCollection->match([...], 'courses', 'Courses::store', [...])
 3 SYSTEMPATH\Router\RouteCollection.php(799): CodeIgniter\Router\RouteCollection->{closure}(Object(CodeIgniter\Router\RouteCollection))
 4 APPPATH\Config\Routes.php(41): CodeIgniter\Router\RouteCollection->group('admin', [...], Object(Closure))
 5 SYSTEMPATH\Router\RouteCollection.php(799): CodeIgniter\Router\RouteCollection->{closure}(Object(CodeIgniter\Router\RouteCollection))
 6 APPPATH\Config\Routes.php(54): CodeIgniter\Router\RouteCollection->group('', [...], Object(Closure))
 7 SYSTEMPATH\Router\RouteCollection.php(799): CodeIgniter\Router\RouteCollection->{closure}(Object(CodeIgniter\Router\RouteCollection))
 8 APPPATH\Config\Routes.php(55): CodeIgniter\Router\RouteCollection->group('', [...], Object(Closure))
 9 SYSTEMPATH\Router\RouteCollection.php(339): require('C:\\xampp\\htdocs\\ITE311-GOMEZ\\app\\Config\\Routes.php')
10 SYSTEMPATH\CodeIgniter.php(821): CodeIgniter\Router\RouteCollection->loadRoutes()
11 SYSTEMPATH\CodeIgniter.php(455): CodeIgniter\CodeIgniter->tryToRouteIt(null)
12 SYSTEMPATH\CodeIgniter.php(354): CodeIgniter\CodeIgniter->handleRequest(null, Object(Config\Cache), false)
13 SYSTEMPATH\Boot.php(363): CodeIgniter\CodeIgniter->run()
14 SYSTEMPATH\Boot.php(68): CodeIgniter\Boot::runCodeIgniter(Object(CodeIgniter\CodeIgniter))
15 FCPATH\index.php(59): CodeIgniter\Boot::bootWeb(Object(Config\Paths))
DEBUG - 2025-10-09 15:23:01 --> Session: Class initialized using 'CodeIgniter\Session\Handlers\FileHandler' driver.
ERROR - 2025-10-09 15:23:02 --> mysqli_sql_exception: You have an error in your SQL syntax; check the manual that corresponds to your MariaDB server version for the right syntax to use near 'AND `e`.`status` != 'dropped'
WHERE `c`.`id` = '1'' at line 4 in C:\xampp\htdocs\ITE311-GOMEZ\system\Database\MySQLi\Connection.php:327
Stack trace:
#0 C:\xampp\htdocs\ITE311-GOMEZ\system\Database\MySQLi\Connection.php(327): mysqli->query('SELECT `c`.*, `...', 0)
#1 C:\xampp\htdocs\ITE311-GOMEZ\system\Database\BaseConnection.php(729): CodeIgniter\Database\MySQLi\Connection->execute('SELECT `c`.*, `...')
#2 C:\xampp\htdocs\ITE311-GOMEZ\system\Database\BaseConnection.php(646): CodeIgniter\Database\BaseConnection->simpleQuery('SELECT `c`.*, `...')
#3 C:\xampp\htdocs\ITE311-GOMEZ\system\Database\BaseBuilder.php(1649): CodeIgniter\Database\BaseConnection->query('SELECT `c`.*, `...', Array, false)
#4 C:\xampp\htdocs\ITE311-GOMEZ\app\Controllers\Student\Courses.php(78): CodeIgniter\Database\BaseBuilder->get()
#5 C:\xampp\htdocs\ITE311-GOMEZ\system\CodeIgniter.php(933): App\Controllers\Student\Courses->show('1')
#6 C:\xampp\htdocs\ITE311-GOMEZ\system\CodeIgniter.php(507): CodeIgniter\CodeIgniter->runController(Object(App\Controllers\Student\Courses))
#7 C:\xampp\htdocs\ITE311-GOMEZ\system\CodeIgniter.php(354): CodeIgniter\CodeIgniter->handleRequest(NULL, Object(Config\Cache), false)
#8 C:\xampp\htdocs\ITE311-GOMEZ\system\Boot.php(363): CodeIgniter\CodeIgniter->run()
#9 C:\xampp\htdocs\ITE311-GOMEZ\system\Boot.php(68): CodeIgniter\Boot::runCodeIgniter(Object(CodeIgniter\CodeIgniter))
#10 C:\xampp\htdocs\ITE311-GOMEZ\public\index.php(59): CodeIgniter\Boot::bootWeb(Object(Config\Paths))
#11 {main}
CRITICAL - 2025-10-09 15:23:02 --> CodeIgniter\Database\Exceptions\DatabaseException: You have an error in your SQL syntax; check the manual that corresponds to your MariaDB server version for the right syntax to use near 'AND `e`.`status` != 'dropped'
WHERE `c`.`id` = '1'' at line 4
[Method: GET, Route: student/courses/1]
in SYSTEMPATH\Database\BaseConnection.php on line 684.
 1 SYSTEMPATH\Database\BaseBuilder.php(1649): CodeIgniter\Database\BaseConnection->query('SELECT `c`.*, `u`.`name` as `teacher_name`, `u`.`email` as `teacher_email`, `e`.`id` as `enrollment_id`, `e`.`status` as `enrollment_status`
FROM `courses` `c`
LEFT JOIN `users` `u` ON `u`.`id` = `c`.`teacher_id`
LEFT JOIN `enrollments` `e` ON `e`.`course_id` = `c`.`id` AND `e`.`student_id` =  AND `e`.`status` != \'dropped\'
WHERE `c`.`id` = :c.id:', [...], false)
 2 APPPATH\Controllers\Student\Courses.php(78): CodeIgniter\Database\BaseBuilder->get()
 3 SYSTEMPATH\CodeIgniter.php(933): App\Controllers\Student\Courses->show('1')
 4 SYSTEMPATH\CodeIgniter.php(507): CodeIgniter\CodeIgniter->runController(Object(App\Controllers\Student\Courses))
 5 SYSTEMPATH\CodeIgniter.php(354): CodeIgniter\CodeIgniter->handleRequest(null, Object(Config\Cache), false)
 6 SYSTEMPATH\Boot.php(363): CodeIgniter\CodeIgniter->run()
 7 SYSTEMPATH\Boot.php(68): CodeIgniter\Boot::runCodeIgniter(Object(CodeIgniter\CodeIgniter))
 8 FCPATH\index.php(59): CodeIgniter\Boot::bootWeb(Object(Config\Paths))
CRITICAL - 2025-10-09 15:23:02 --> [Caused by] CodeIgniter\Database\Exceptions\DatabaseException: You have an error in your SQL syntax; check the manual that corresponds to your MariaDB server version for the right syntax to use near 'AND `e`.`status` != 'dropped'
WHERE `c`.`id` = '1'' at line 4
in SYSTEMPATH\Database\MySQLi\Connection.php on line 332.
 1 SYSTEMPATH\Database\BaseConnection.php(729): CodeIgniter\Database\MySQLi\Connection->execute('SELECT `c`.*, `u`.`name` as `teacher_name`, `u`.`email` as `teacher_email`, `e`.`id` as `enrollment_id`, `e`.`status` as `enrollment_status`
FROM `courses` `c`
LEFT JOIN `users` `u` ON `u`.`id` = `c`.`teacher_id`
LEFT JOIN `enrollments` `e` ON `e`.`course_id` = `c`.`id` AND `e`.`student_id` =  AND `e`.`status` != \'dropped\'
WHERE `c`.`id` = \'1\'')
 2 SYSTEMPATH\Database\BaseConnection.php(646): CodeIgniter\Database\BaseConnection->simpleQuery('SELECT `c`.*, `u`.`name` as `teacher_name`, `u`.`email` as `teacher_email`, `e`.`id` as `enrollment_id`, `e`.`status` as `enrollment_status`
FROM `courses` `c`
LEFT JOIN `users` `u` ON `u`.`id` = `c`.`teacher_id`
LEFT JOIN `enrollments` `e` ON `e`.`course_id` = `c`.`id` AND `e`.`student_id` =  AND `e`.`status` != \'dropped\'
WHERE `c`.`id` = \'1\'')
 3 SYSTEMPATH\Database\BaseBuilder.php(1649): CodeIgniter\Database\BaseConnection->query('SELECT `c`.*, `u`.`name` as `teacher_name`, `u`.`email` as `teacher_email`, `e`.`id` as `enrollment_id`, `e`.`status` as `enrollment_status`
FROM `courses` `c`
LEFT JOIN `users` `u` ON `u`.`id` = `c`.`teacher_id`
LEFT JOIN `enrollments` `e` ON `e`.`course_id` = `c`.`id` AND `e`.`student_id` =  AND `e`.`status` != \'dropped\'
WHERE `c`.`id` = :c.id:', [...], false)
 4 APPPATH\Controllers\Student\Courses.php(78): CodeIgniter\Database\BaseBuilder->get()
 5 SYSTEMPATH\CodeIgniter.php(933): App\Controllers\Student\Courses->show('1')
 6 SYSTEMPATH\CodeIgniter.php(507): CodeIgniter\CodeIgniter->runController(Object(App\Controllers\Student\Courses))
 7 SYSTEMPATH\CodeIgniter.php(354): CodeIgniter\CodeIgniter->handleRequest(null, Object(Config\Cache), false)
 8 SYSTEMPATH\Boot.php(363): CodeIgniter\CodeIgniter->run()
 9 SYSTEMPATH\Boot.php(68): CodeIgniter\Boot::runCodeIgniter(Object(CodeIgniter\CodeIgniter))
10 FCPATH\index.php(59): CodeIgniter\Boot::bootWeb(Object(Config\Paths))
CRITICAL - 2025-10-09 15:23:02 --> [Caused by] mysqli_sql_exception: You have an error in your SQL syntax; check the manual that corresponds to your MariaDB server version for the right syntax to use near 'AND `e`.`status` != 'dropped'
WHERE `c`.`id` = '1'' at line 4
in SYSTEMPATH\Database\MySQLi\Connection.php on line 327.
 1 SYSTEMPATH\Database\MySQLi\Connection.php(327): mysqli->query('SELECT `c`.*, `u`.`name` as `teacher_name`, `u`.`email` as `teacher_email`, `e`.`id` as `enrollment_id`, `e`.`status` as `enrollment_status`
FROM `courses` `c`
LEFT JOIN `users` `u` ON `u`.`id` = `c`.`teacher_id`
LEFT JOIN `enrollments` `e` ON `e`.`course_id` = `c`.`id` AND `e`.`student_id` =  AND `e`.`status` != \'dropped\'
WHERE `c`.`id` = \'1\'', 0)
 2 SYSTEMPATH\Database\BaseConnection.php(729): CodeIgniter\Database\MySQLi\Connection->execute('SELECT `c`.*, `u`.`name` as `teacher_name`, `u`.`email` as `teacher_email`, `e`.`id` as `enrollment_id`, `e`.`status` as `enrollment_status`
FROM `courses` `c`
LEFT JOIN `users` `u` ON `u`.`id` = `c`.`teacher_id`
LEFT JOIN `enrollments` `e` ON `e`.`course_id` = `c`.`id` AND `e`.`student_id` =  AND `e`.`status` != \'dropped\'
WHERE `c`.`id` = \'1\'')
 3 SYSTEMPATH\Database\BaseConnection.php(646): CodeIgniter\Database\BaseConnection->simpleQuery('SELECT `c`.*, `u`.`name` as `teacher_name`, `u`.`email` as `teacher_email`, `e`.`id` as `enrollment_id`, `e`.`status` as `enrollment_status`
FROM `courses` `c`
LEFT JOIN `users` `u` ON `u`.`id` = `c`.`teacher_id`
LEFT JOIN `enrollments` `e` ON `e`.`course_id` = `c`.`id` AND `e`.`student_id` =  AND `e`.`status` != \'dropped\'
WHERE `c`.`id` = \'1\'')
 4 SYSTEMPATH\Database\BaseBuilder.php(1649): CodeIgniter\Database\BaseConnection->query('SELECT `c`.*, `u`.`name` as `teacher_name`, `u`.`email` as `teacher_email`, `e`.`id` as `enrollment_id`, `e`.`status` as `enrollment_status`
FROM `courses` `c`
LEFT JOIN `users` `u` ON `u`.`id` = `c`.`teacher_id`
LEFT JOIN `enrollments` `e` ON `e`.`course_id` = `c`.`id` AND `e`.`student_id` =  AND `e`.`status` != \'dropped\'
WHERE `c`.`id` = :c.id:', [...], false)
 5 APPPATH\Controllers\Student\Courses.php(78): CodeIgniter\Database\BaseBuilder->get()
 6 SYSTEMPATH\CodeIgniter.php(933): App\Controllers\Student\Courses->show('1')
 7 SYSTEMPATH\CodeIgniter.php(507): CodeIgniter\CodeIgniter->runController(Object(App\Controllers\Student\Courses))
 8 SYSTEMPATH\CodeIgniter.php(354): CodeIgniter\CodeIgniter->handleRequest(null, Object(Config\Cache), false)
 9 SYSTEMPATH\Boot.php(363): CodeIgniter\CodeIgniter->run()
10 SYSTEMPATH\Boot.php(68): CodeIgniter\Boot::runCodeIgniter(Object(CodeIgniter\CodeIgniter))
11 FCPATH\index.php(59): CodeIgniter\Boot::bootWeb(Object(Config\Paths))
WARNING - 2025-10-09 15:23:59 --> [DEPRECATED] Passing lowercase HTTP method "post" is deprecated. Use uppercase HTTP method like "POST". in SYSTEMPATH\Router\RouteCollection.php on line 1029.
 1 SYSTEMPATH\Router\RouteCollection.php(1029): trigger_error('Passing lowercase HTTP method "post" is deprecated. Use uppercase HTTP method like "POST".', 16384)
 2 APPPATH\Config\Routes.php(34): CodeIgniter\Router\RouteCollection->match([...], 'courses', 'Courses::store', [...])
 3 SYSTEMPATH\Router\RouteCollection.php(799): CodeIgniter\Router\RouteCollection->{closure}(Object(CodeIgniter\Router\RouteCollection))
 4 APPPATH\Config\Routes.php(41): CodeIgniter\Router\RouteCollection->group('admin', [...], Object(Closure))
 5 SYSTEMPATH\Router\RouteCollection.php(799): CodeIgniter\Router\RouteCollection->{closure}(Object(CodeIgniter\Router\RouteCollection))
 6 APPPATH\Config\Routes.php(54): CodeIgniter\Router\RouteCollection->group('', [...], Object(Closure))
 7 SYSTEMPATH\Router\RouteCollection.php(799): CodeIgniter\Router\RouteCollection->{closure}(Object(CodeIgniter\Router\RouteCollection))
 8 APPPATH\Config\Routes.php(55): CodeIgniter\Router\RouteCollection->group('', [...], Object(Closure))
 9 SYSTEMPATH\Router\RouteCollection.php(339): require('C:\\xampp\\htdocs\\ITE311-GOMEZ\\app\\Config\\Routes.php')
10 SYSTEMPATH\CodeIgniter.php(821): CodeIgniter\Router\RouteCollection->loadRoutes()
11 SYSTEMPATH\CodeIgniter.php(455): CodeIgniter\CodeIgniter->tryToRouteIt(null)
12 SYSTEMPATH\CodeIgniter.php(354): CodeIgniter\CodeIgniter->handleRequest(null, Object(Config\Cache), false)
13 SYSTEMPATH\Boot.php(363): CodeIgniter\CodeIgniter->run()
14 SYSTEMPATH\Boot.php(68): CodeIgniter\Boot::runCodeIgniter(Object(CodeIgniter\CodeIgniter))
15 FCPATH\index.php(59): CodeIgniter\Boot::bootWeb(Object(Config\Paths))
DEBUG - 2025-10-09 15:23:59 --> Session: Class initialized using 'CodeIgniter\Session\Handlers\FileHandler' driver.
ERROR - 2025-10-09 15:23:59 --> mysqli_sql_exception: Unknown column 'NULL' in 'on clause' in C:\xampp\htdocs\ITE311-GOMEZ\system\Database\MySQLi\Connection.php:327
Stack trace:
#0 C:\xampp\htdocs\ITE311-GOMEZ\system\Database\MySQLi\Connection.php(327): mysqli->query('SELECT `c`.*, `...', 0)
#1 C:\xampp\htdocs\ITE311-GOMEZ\system\Database\BaseConnection.php(729): CodeIgniter\Database\MySQLi\Connection->execute('SELECT `c`.*, `...')
#2 C:\xampp\htdocs\ITE311-GOMEZ\system\Database\BaseConnection.php(646): CodeIgniter\Database\BaseConnection->simpleQuery('SELECT `c`.*, `...')
#3 C:\xampp\htdocs\ITE311-GOMEZ\system\Database\BaseBuilder.php(1649): CodeIgniter\Database\BaseConnection->query('SELECT `c`.*, `...', Array, false)
#4 C:\xampp\htdocs\ITE311-GOMEZ\app\Controllers\Student\Courses.php(78): CodeIgniter\Database\BaseBuilder->get()
#5 C:\xampp\htdocs\ITE311-GOMEZ\system\CodeIgniter.php(933): App\Controllers\Student\Courses->show('1')
#6 C:\xampp\htdocs\ITE311-GOMEZ\system\CodeIgniter.php(507): CodeIgniter\CodeIgniter->runController(Object(App\Controllers\Student\Courses))
#7 C:\xampp\htdocs\ITE311-GOMEZ\system\CodeIgniter.php(354): CodeIgniter\CodeIgniter->handleRequest(NULL, Object(Config\Cache), false)
#8 C:\xampp\htdocs\ITE311-GOMEZ\system\Boot.php(363): CodeIgniter\CodeIgniter->run()
#9 C:\xampp\htdocs\ITE311-GOMEZ\system\Boot.php(68): CodeIgniter\Boot::runCodeIgniter(Object(CodeIgniter\CodeIgniter))
#10 C:\xampp\htdocs\ITE311-GOMEZ\public\index.php(59): CodeIgniter\Boot::bootWeb(Object(Config\Paths))
#11 {main}
CRITICAL - 2025-10-09 15:23:59 --> CodeIgniter\Database\Exceptions\DatabaseException: Unknown column 'NULL' in 'on clause'
[Method: GET, Route: student/courses/1]
in SYSTEMPATH\Database\BaseConnection.php on line 684.
 1 SYSTEMPATH\Database\BaseBuilder.php(1649): CodeIgniter\Database\BaseConnection->query('SELECT `c`.*, `u`.`name` as `teacher_name`, `u`.`email` as `teacher_email`, `e`.`id` as `enrollment_id`, `e`.`status` as `enrollment_status`
FROM `courses` `c`
LEFT JOIN `users` `u` ON `u`.`id` = `c`.`teacher_id`
LEFT JOIN `enrollments` `e` ON `e`.`course_id` = `c`.`id` AND `e`.`student_id` = `NULL` AND `e`.`status` != \'dropped\'
WHERE `c`.`id` = :c.id:', [...], false)
 2 APPPATH\Controllers\Student\Courses.php(78): CodeIgniter\Database\BaseBuilder->get()
 3 SYSTEMPATH\CodeIgniter.php(933): App\Controllers\Student\Courses->show('1')
 4 SYSTEMPATH\CodeIgniter.php(507): CodeIgniter\CodeIgniter->runController(Object(App\Controllers\Student\Courses))
 5 SYSTEMPATH\CodeIgniter.php(354): CodeIgniter\CodeIgniter->handleRequest(null, Object(Config\Cache), false)
 6 SYSTEMPATH\Boot.php(363): CodeIgniter\CodeIgniter->run()
 7 SYSTEMPATH\Boot.php(68): CodeIgniter\Boot::runCodeIgniter(Object(CodeIgniter\CodeIgniter))
 8 FCPATH\index.php(59): CodeIgniter\Boot::bootWeb(Object(Config\Paths))
CRITICAL - 2025-10-09 15:23:59 --> [Caused by] CodeIgniter\Database\Exceptions\DatabaseException: Unknown column 'NULL' in 'on clause'
in SYSTEMPATH\Database\MySQLi\Connection.php on line 332.
 1 SYSTEMPATH\Database\BaseConnection.php(729): CodeIgniter\Database\MySQLi\Connection->execute('SELECT `c`.*, `u`.`name` as `teacher_name`, `u`.`email` as `teacher_email`, `e`.`id` as `enrollment_id`, `e`.`status` as `enrollment_status`
FROM `courses` `c`
LEFT JOIN `users` `u` ON `u`.`id` = `c`.`teacher_id`
LEFT JOIN `enrollments` `e` ON `e`.`course_id` = `c`.`id` AND `e`.`student_id` = `NULL` AND `e`.`status` != \'dropped\'
WHERE `c`.`id` = \'1\'')
 2 SYSTEMPATH\Database\BaseConnection.php(646): CodeIgniter\Database\BaseConnection->simpleQuery('SELECT `c`.*, `u`.`name` as `teacher_name`, `u`.`email` as `teacher_email`, `e`.`id` as `enrollment_id`, `e`.`status` as `enrollment_status`
FROM `courses` `c`
LEFT JOIN `users` `u` ON `u`.`id` = `c`.`teacher_id`
LEFT JOIN `enrollments` `e` ON `e`.`course_id` = `c`.`id` AND `e`.`student_id` = `NULL` AND `e`.`status` != \'dropped\'
WHERE `c`.`id` = \'1\'')
 3 SYSTEMPATH\Database\BaseBuilder.php(1649): CodeIgniter\Database\BaseConnection->query('SELECT `c`.*, `u`.`name` as `teacher_name`, `u`.`email` as `teacher_email`, `e`.`id` as `enrollment_id`, `e`.`status` as `enrollment_status`
FROM `courses` `c`
LEFT JOIN `users` `u` ON `u`.`id` = `c`.`teacher_id`
LEFT JOIN `enrollments` `e` ON `e`.`course_id` = `c`.`id` AND `e`.`student_id` = `NULL` AND `e`.`status` != \'dropped\'
WHERE `c`.`id` = :c.id:', [...], false)
 4 APPPATH\Controllers\Student\Courses.php(78): CodeIgniter\Database\BaseBuilder->get()
 5 SYSTEMPATH\CodeIgniter.php(933): App\Controllers\Student\Courses->show('1')
 6 SYSTEMPATH\CodeIgniter.php(507): CodeIgniter\CodeIgniter->runController(Object(App\Controllers\Student\Courses))
 7 SYSTEMPATH\CodeIgniter.php(354): CodeIgniter\CodeIgniter->handleRequest(null, Object(Config\Cache), false)
 8 SYSTEMPATH\Boot.php(363): CodeIgniter\CodeIgniter->run()
 9 SYSTEMPATH\Boot.php(68): CodeIgniter\Boot::runCodeIgniter(Object(CodeIgniter\CodeIgniter))
10 FCPATH\index.php(59): CodeIgniter\Boot::bootWeb(Object(Config\Paths))
CRITICAL - 2025-10-09 15:23:59 --> [Caused by] mysqli_sql_exception: Unknown column 'NULL' in 'on clause'
in SYSTEMPATH\Database\MySQLi\Connection.php on line 327.
 1 SYSTEMPATH\Database\MySQLi\Connection.php(327): mysqli->query('SELECT `c`.*, `u`.`name` as `teacher_name`, `u`.`email` as `teacher_email`, `e`.`id` as `enrollment_id`, `e`.`status` as `enrollment_status`
FROM `courses` `c`
LEFT JOIN `users` `u` ON `u`.`id` = `c`.`teacher_id`
LEFT JOIN `enrollments` `e` ON `e`.`course_id` = `c`.`id` AND `e`.`student_id` = `NULL` AND `e`.`status` != \'dropped\'
WHERE `c`.`id` = \'1\'', 0)
 2 SYSTEMPATH\Database\BaseConnection.php(729): CodeIgniter\Database\MySQLi\Connection->execute('SELECT `c`.*, `u`.`name` as `teacher_name`, `u`.`email` as `teacher_email`, `e`.`id` as `enrollment_id`, `e`.`status` as `enrollment_status`
FROM `courses` `c`
LEFT JOIN `users` `u` ON `u`.`id` = `c`.`teacher_id`
LEFT JOIN `enrollments` `e` ON `e`.`course_id` = `c`.`id` AND `e`.`student_id` = `NULL` AND `e`.`status` != \'dropped\'
WHERE `c`.`id` = \'1\'')
 3 SYSTEMPATH\Database\BaseConnection.php(646): CodeIgniter\Database\BaseConnection->simpleQuery('SELECT `c`.*, `u`.`name` as `teacher_name`, `u`.`email` as `teacher_email`, `e`.`id` as `enrollment_id`, `e`.`status` as `enrollment_status`
FROM `courses` `c`
LEFT JOIN `users` `u` ON `u`.`id` = `c`.`teacher_id`
LEFT JOIN `enrollments` `e` ON `e`.`course_id` = `c`.`id` AND `e`.`student_id` = `NULL` AND `e`.`status` != \'dropped\'
WHERE `c`.`id` = \'1\'')
 4 SYSTEMPATH\Database\BaseBuilder.php(1649): CodeIgniter\Database\BaseConnection->query('SELECT `c`.*, `u`.`name` as `teacher_name`, `u`.`email` as `teacher_email`, `e`.`id` as `enrollment_id`, `e`.`status` as `enrollment_status`
FROM `courses` `c`
LEFT JOIN `users` `u` ON `u`.`id` = `c`.`teacher_id`
LEFT JOIN `enrollments` `e` ON `e`.`course_id` = `c`.`id` AND `e`.`student_id` = `NULL` AND `e`.`status` != \'dropped\'
WHERE `c`.`id` = :c.id:', [...], false)
 5 APPPATH\Controllers\Student\Courses.php(78): CodeIgniter\Database\BaseBuilder->get()
 6 SYSTEMPATH\CodeIgniter.php(933): App\Controllers\Student\Courses->show('1')
 7 SYSTEMPATH\CodeIgniter.php(507): CodeIgniter\CodeIgniter->runController(Object(App\Controllers\Student\Courses))
 8 SYSTEMPATH\CodeIgniter.php(354): CodeIgniter\CodeIgniter->handleRequest(null, Object(Config\Cache), false)
 9 SYSTEMPATH\Boot.php(363): CodeIgniter\CodeIgniter->run()
10 SYSTEMPATH\Boot.php(68): CodeIgniter\Boot::runCodeIgniter(Object(CodeIgniter\CodeIgniter))
11 FCPATH\index.php(59): CodeIgniter\Boot::bootWeb(Object(Config\Paths))
WARNING - 2025-10-09 15:24:36 --> [DEPRECATED] Passing lowercase HTTP method "post" is deprecated. Use uppercase HTTP method like "POST". in SYSTEMPATH\Router\RouteCollection.php on line 1029.
 1 SYSTEMPATH\Router\RouteCollection.php(1029): trigger_error('Passing lowercase HTTP method "post" is deprecated. Use uppercase HTTP method like "POST".', 16384)
 2 APPPATH\Config\Routes.php(34): CodeIgniter\Router\RouteCollection->match([...], 'courses', 'Courses::store', [...])
 3 SYSTEMPATH\Router\RouteCollection.php(799): CodeIgniter\Router\RouteCollection->{closure}(Object(CodeIgniter\Router\RouteCollection))
 4 APPPATH\Config\Routes.php(41): CodeIgniter\Router\RouteCollection->group('admin', [...], Object(Closure))
 5 SYSTEMPATH\Router\RouteCollection.php(799): CodeIgniter\Router\RouteCollection->{closure}(Object(CodeIgniter\Router\RouteCollection))
 6 APPPATH\Config\Routes.php(54): CodeIgniter\Router\RouteCollection->group('', [...], Object(Closure))
 7 SYSTEMPATH\Router\RouteCollection.php(799): CodeIgniter\Router\RouteCollection->{closure}(Object(CodeIgniter\Router\RouteCollection))
 8 APPPATH\Config\Routes.php(55): CodeIgniter\Router\RouteCollection->group('', [...], Object(Closure))
 9 SYSTEMPATH\Router\RouteCollection.php(339): require('C:\\xampp\\htdocs\\ITE311-GOMEZ\\app\\Config\\Routes.php')
10 SYSTEMPATH\CodeIgniter.php(821): CodeIgniter\Router\RouteCollection->loadRoutes()
11 SYSTEMPATH\CodeIgniter.php(455): CodeIgniter\CodeIgniter->tryToRouteIt(null)
12 SYSTEMPATH\CodeIgniter.php(354): CodeIgniter\CodeIgniter->handleRequest(null, Object(Config\Cache), false)
13 SYSTEMPATH\Boot.php(363): CodeIgniter\CodeIgniter->run()
14 SYSTEMPATH\Boot.php(68): CodeIgniter\Boot::runCodeIgniter(Object(CodeIgniter\CodeIgniter))
15 FCPATH\index.php(59): CodeIgniter\Boot::bootWeb(Object(Config\Paths))
DEBUG - 2025-10-09 15:24:36 --> Session: Class initialized using 'CodeIgniter\Session\Handlers\FileHandler' driver.
WARNING - 2025-10-09 15:24:39 --> [DEPRECATED] Passing lowercase HTTP method "post" is deprecated. Use uppercase HTTP method like "POST". in SYSTEMPATH\Router\RouteCollection.php on line 1029.
 1 SYSTEMPATH\Router\RouteCollection.php(1029): trigger_error('Passing lowercase HTTP method "post" is deprecated. Use uppercase HTTP method like "POST".', 16384)
 2 APPPATH\Config\Routes.php(34): CodeIgniter\Router\RouteCollection->match([...], 'courses', 'Courses::store', [...])
 3 SYSTEMPATH\Router\RouteCollection.php(799): CodeIgniter\Router\RouteCollection->{closure}(Object(CodeIgniter\Router\RouteCollection))
 4 APPPATH\Config\Routes.php(41): CodeIgniter\Router\RouteCollection->group('admin', [...], Object(Closure))
 5 SYSTEMPATH\Router\RouteCollection.php(799): CodeIgniter\Router\RouteCollection->{closure}(Object(CodeIgniter\Router\RouteCollection))
 6 APPPATH\Config\Routes.php(54): CodeIgniter\Router\RouteCollection->group('', [...], Object(Closure))
 7 SYSTEMPATH\Router\RouteCollection.php(799): CodeIgniter\Router\RouteCollection->{closure}(Object(CodeIgniter\Router\RouteCollection))
 8 APPPATH\Config\Routes.php(55): CodeIgniter\Router\RouteCollection->group('', [...], Object(Closure))
 9 SYSTEMPATH\Router\RouteCollection.php(339): require('C:\\xampp\\htdocs\\ITE311-GOMEZ\\app\\Config\\Routes.php')
10 SYSTEMPATH\CodeIgniter.php(821): CodeIgniter\Router\RouteCollection->loadRoutes()
11 SYSTEMPATH\CodeIgniter.php(455): CodeIgniter\CodeIgniter->tryToRouteIt(null)
12 SYSTEMPATH\CodeIgniter.php(354): CodeIgniter\CodeIgniter->handleRequest(null, Object(Config\Cache), false)
13 SYSTEMPATH\Boot.php(363): CodeIgniter\CodeIgniter->run()
14 SYSTEMPATH\Boot.php(68): CodeIgniter\Boot::runCodeIgniter(Object(CodeIgniter\CodeIgniter))
15 FCPATH\index.php(59): CodeIgniter\Boot::bootWeb(Object(Config\Paths))
DEBUG - 2025-10-09 15:24:39 --> Session: Class initialized using 'CodeIgniter\Session\Handlers\FileHandler' driver.
WARNING - 2025-10-09 15:24:39 --> [DEPRECATED] Passing lowercase HTTP method "post" is deprecated. Use uppercase HTTP method like "POST". in SYSTEMPATH\Router\RouteCollection.php on line 1029.
 1 SYSTEMPATH\Router\RouteCollection.php(1029): trigger_error('Passing lowercase HTTP method "post" is deprecated. Use uppercase HTTP method like "POST".', 16384)
 2 APPPATH\Config\Routes.php(34): CodeIgniter\Router\RouteCollection->match([...], 'courses', 'Courses::store', [...])
 3 SYSTEMPATH\Router\RouteCollection.php(799): CodeIgniter\Router\RouteCollection->{closure}(Object(CodeIgniter\Router\RouteCollection))
 4 APPPATH\Config\Routes.php(41): CodeIgniter\Router\RouteCollection->group('admin', [...], Object(Closure))
 5 SYSTEMPATH\Router\RouteCollection.php(799): CodeIgniter\Router\RouteCollection->{closure}(Object(CodeIgniter\Router\RouteCollection))
 6 APPPATH\Config\Routes.php(54): CodeIgniter\Router\RouteCollection->group('', [...], Object(Closure))
 7 SYSTEMPATH\Router\RouteCollection.php(799): CodeIgniter\Router\RouteCollection->{closure}(Object(CodeIgniter\Router\RouteCollection))
 8 APPPATH\Config\Routes.php(55): CodeIgniter\Router\RouteCollection->group('', [...], Object(Closure))
 9 SYSTEMPATH\Router\RouteCollection.php(339): require('C:\\xampp\\htdocs\\ITE311-GOMEZ\\app\\Config\\Routes.php')
10 SYSTEMPATH\CodeIgniter.php(821): CodeIgniter\Router\RouteCollection->loadRoutes()
11 SYSTEMPATH\CodeIgniter.php(455): CodeIgniter\CodeIgniter->tryToRouteIt(null)
12 SYSTEMPATH\CodeIgniter.php(354): CodeIgniter\CodeIgniter->handleRequest(null, Object(Config\Cache), false)
13 SYSTEMPATH\Boot.php(363): CodeIgniter\CodeIgniter->run()
14 SYSTEMPATH\Boot.php(68): CodeIgniter\Boot::runCodeIgniter(Object(CodeIgniter\CodeIgniter))
15 FCPATH\index.php(59): CodeIgniter\Boot::bootWeb(Object(Config\Paths))
DEBUG - 2025-10-09 15:24:39 --> Session: Class initialized using 'CodeIgniter\Session\Handlers\FileHandler' driver.
WARNING - 2025-10-09 15:24:58 --> [DEPRECATED] Passing lowercase HTTP method "post" is deprecated. Use uppercase HTTP method like "POST". in SYSTEMPATH\Router\RouteCollection.php on line 1029.
 1 SYSTEMPATH\Router\RouteCollection.php(1029): trigger_error('Passing lowercase HTTP method "post" is deprecated. Use uppercase HTTP method like "POST".', 16384)
 2 APPPATH\Config\Routes.php(34): CodeIgniter\Router\RouteCollection->match([...], 'courses', 'Courses::store', [...])
 3 SYSTEMPATH\Router\RouteCollection.php(799): CodeIgniter\Router\RouteCollection->{closure}(Object(CodeIgniter\Router\RouteCollection))
 4 APPPATH\Config\Routes.php(41): CodeIgniter\Router\RouteCollection->group('admin', [...], Object(Closure))
 5 SYSTEMPATH\Router\RouteCollection.php(799): CodeIgniter\Router\RouteCollection->{closure}(Object(CodeIgniter\Router\RouteCollection))
 6 APPPATH\Config\Routes.php(54): CodeIgniter\Router\RouteCollection->group('', [...], Object(Closure))
 7 SYSTEMPATH\Router\RouteCollection.php(799): CodeIgniter\Router\RouteCollection->{closure}(Object(CodeIgniter\Router\RouteCollection))
 8 APPPATH\Config\Routes.php(55): CodeIgniter\Router\RouteCollection->group('', [...], Object(Closure))
 9 SYSTEMPATH\Router\RouteCollection.php(339): require('C:\\xampp\\htdocs\\ITE311-GOMEZ\\app\\Config\\Routes.php')
10 SYSTEMPATH\CodeIgniter.php(821): CodeIgniter\Router\RouteCollection->loadRoutes()
11 SYSTEMPATH\CodeIgniter.php(455): CodeIgniter\CodeIgniter->tryToRouteIt(null)
12 SYSTEMPATH\CodeIgniter.php(354): CodeIgniter\CodeIgniter->handleRequest(null, Object(Config\Cache), false)
13 SYSTEMPATH\Boot.php(363): CodeIgniter\CodeIgniter->run()
14 SYSTEMPATH\Boot.php(68): CodeIgniter\Boot::runCodeIgniter(Object(CodeIgniter\CodeIgniter))
15 FCPATH\index.php(59): CodeIgniter\Boot::bootWeb(Object(Config\Paths))
DEBUG - 2025-10-09 15:24:58 --> Session: Class initialized using 'CodeIgniter\Session\Handlers\FileHandler' driver.
WARNING - 2025-10-09 15:24:58 --> [DEPRECATED] Passing lowercase HTTP method "post" is deprecated. Use uppercase HTTP method like "POST". in SYSTEMPATH\Router\RouteCollection.php on line 1029.
 1 SYSTEMPATH\Router\RouteCollection.php(1029): trigger_error('Passing lowercase HTTP method "post" is deprecated. Use uppercase HTTP method like "POST".', 16384)
 2 APPPATH\Config\Routes.php(34): CodeIgniter\Router\RouteCollection->match([...], 'courses', 'Courses::store', [...])
 3 SYSTEMPATH\Router\RouteCollection.php(799): CodeIgniter\Router\RouteCollection->{closure}(Object(CodeIgniter\Router\RouteCollection))
 4 APPPATH\Config\Routes.php(41): CodeIgniter\Router\RouteCollection->group('admin', [...], Object(Closure))
 5 SYSTEMPATH\Router\RouteCollection.php(799): CodeIgniter\Router\RouteCollection->{closure}(Object(CodeIgniter\Router\RouteCollection))
 6 APPPATH\Config\Routes.php(54): CodeIgniter\Router\RouteCollection->group('', [...], Object(Closure))
 7 SYSTEMPATH\Router\RouteCollection.php(799): CodeIgniter\Router\RouteCollection->{closure}(Object(CodeIgniter\Router\RouteCollection))
 8 APPPATH\Config\Routes.php(55): CodeIgniter\Router\RouteCollection->group('', [...], Object(Closure))
 9 SYSTEMPATH\Router\RouteCollection.php(339): require('C:\\xampp\\htdocs\\ITE311-GOMEZ\\app\\Config\\Routes.php')
10 SYSTEMPATH\CodeIgniter.php(821): CodeIgniter\Router\RouteCollection->loadRoutes()
11 SYSTEMPATH\CodeIgniter.php(455): CodeIgniter\CodeIgniter->tryToRouteIt(null)
12 SYSTEMPATH\CodeIgniter.php(354): CodeIgniter\CodeIgniter->handleRequest(null, Object(Config\Cache), false)
13 SYSTEMPATH\Boot.php(363): CodeIgniter\CodeIgniter->run()
14 SYSTEMPATH\Boot.php(68): CodeIgniter\Boot::runCodeIgniter(Object(CodeIgniter\CodeIgniter))
15 FCPATH\index.php(59): CodeIgniter\Boot::bootWeb(Object(Config\Paths))
DEBUG - 2025-10-09 15:24:58 --> Session: Class initialized using 'CodeIgniter\Session\Handlers\FileHandler' driver.
WARNING - 2025-10-09 15:24:58 --> [DEPRECATED] Passing lowercase HTTP method "post" is deprecated. Use uppercase HTTP method like "POST". in SYSTEMPATH\Router\RouteCollection.php on line 1029.
 1 SYSTEMPATH\Router\RouteCollection.php(1029): trigger_error('Passing lowercase HTTP method "post" is deprecated. Use uppercase HTTP method like "POST".', 16384)
 2 APPPATH\Config\Routes.php(34): CodeIgniter\Router\RouteCollection->match([...], 'courses', 'Courses::store', [...])
 3 SYSTEMPATH\Router\RouteCollection.php(799): CodeIgniter\Router\RouteCollection->{closure}(Object(CodeIgniter\Router\RouteCollection))
 4 APPPATH\Config\Routes.php(41): CodeIgniter\Router\RouteCollection->group('admin', [...], Object(Closure))
 5 SYSTEMPATH\Router\RouteCollection.php(799): CodeIgniter\Router\RouteCollection->{closure}(Object(CodeIgniter\Router\RouteCollection))
 6 APPPATH\Config\Routes.php(54): CodeIgniter\Router\RouteCollection->group('', [...], Object(Closure))
 7 SYSTEMPATH\Router\RouteCollection.php(799): CodeIgniter\Router\RouteCollection->{closure}(Object(CodeIgniter\Router\RouteCollection))
 8 APPPATH\Config\Routes.php(55): CodeIgniter\Router\RouteCollection->group('', [...], Object(Closure))
 9 SYSTEMPATH\Router\RouteCollection.php(339): require('C:\\xampp\\htdocs\\ITE311-GOMEZ\\app\\Config\\Routes.php')
10 SYSTEMPATH\CodeIgniter.php(821): CodeIgniter\Router\RouteCollection->loadRoutes()
11 SYSTEMPATH\CodeIgniter.php(455): CodeIgniter\CodeIgniter->tryToRouteIt(null)
12 SYSTEMPATH\CodeIgniter.php(354): CodeIgniter\CodeIgniter->handleRequest(null, Object(Config\Cache), false)
13 SYSTEMPATH\Boot.php(363): CodeIgniter\CodeIgniter->run()
14 SYSTEMPATH\Boot.php(68): CodeIgniter\Boot::runCodeIgniter(Object(CodeIgniter\CodeIgniter))
15 FCPATH\index.php(59): CodeIgniter\Boot::bootWeb(Object(Config\Paths))
DEBUG - 2025-10-09 15:24:58 --> Session: Class initialized using 'CodeIgniter\Session\Handlers\FileHandler' driver.
WARNING - 2025-10-09 15:24:58 --> [DEPRECATED] Passing lowercase HTTP method "post" is deprecated. Use uppercase HTTP method like "POST". in SYSTEMPATH\Router\RouteCollection.php on line 1029.
 1 SYSTEMPATH\Router\RouteCollection.php(1029): trigger_error('Passing lowercase HTTP method "post" is deprecated. Use uppercase HTTP method like "POST".', 16384)
 2 APPPATH\Config\Routes.php(34): CodeIgniter\Router\RouteCollection->match([...], 'courses', 'Courses::store', [...])
 3 SYSTEMPATH\Router\RouteCollection.php(799): CodeIgniter\Router\RouteCollection->{closure}(Object(CodeIgniter\Router\RouteCollection))
 4 APPPATH\Config\Routes.php(41): CodeIgniter\Router\RouteCollection->group('admin', [...], Object(Closure))
 5 SYSTEMPATH\Router\RouteCollection.php(799): CodeIgniter\Router\RouteCollection->{closure}(Object(CodeIgniter\Router\RouteCollection))
 6 APPPATH\Config\Routes.php(54): CodeIgniter\Router\RouteCollection->group('', [...], Object(Closure))
 7 SYSTEMPATH\Router\RouteCollection.php(799): CodeIgniter\Router\RouteCollection->{closure}(Object(CodeIgniter\Router\RouteCollection))
 8 APPPATH\Config\Routes.php(55): CodeIgniter\Router\RouteCollection->group('', [...], Object(Closure))
 9 SYSTEMPATH\Router\RouteCollection.php(339): require('C:\\xampp\\htdocs\\ITE311-GOMEZ\\app\\Config\\Routes.php')
10 SYSTEMPATH\CodeIgniter.php(821): CodeIgniter\Router\RouteCollection->loadRoutes()
11 SYSTEMPATH\CodeIgniter.php(455): CodeIgniter\CodeIgniter->tryToRouteIt(null)
12 SYSTEMPATH\CodeIgniter.php(354): CodeIgniter\CodeIgniter->handleRequest(null, Object(Config\Cache), false)
13 SYSTEMPATH\Boot.php(363): CodeIgniter\CodeIgniter->run()
14 SYSTEMPATH\Boot.php(68): CodeIgniter\Boot::runCodeIgniter(Object(CodeIgniter\CodeIgniter))
15 FCPATH\index.php(59): CodeIgniter\Boot::bootWeb(Object(Config\Paths))
DEBUG - 2025-10-09 15:24:58 --> Session: Class initialized using 'CodeIgniter\Session\Handlers\FileHandler' driver.
WARNING - 2025-10-09 15:24:59 --> [DEPRECATED] Passing lowercase HTTP method "post" is deprecated. Use uppercase HTTP method like "POST". in SYSTEMPATH\Router\RouteCollection.php on line 1029.
 1 SYSTEMPATH\Router\RouteCollection.php(1029): trigger_error('Passing lowercase HTTP method "post" is deprecated. Use uppercase HTTP method like "POST".', 16384)
 2 APPPATH\Config\Routes.php(34): CodeIgniter\Router\RouteCollection->match([...], 'courses', 'Courses::store', [...])
 3 SYSTEMPATH\Router\RouteCollection.php(799): CodeIgniter\Router\RouteCollection->{closure}(Object(CodeIgniter\Router\RouteCollection))
 4 APPPATH\Config\Routes.php(41): CodeIgniter\Router\RouteCollection->group('admin', [...], Object(Closure))
 5 SYSTEMPATH\Router\RouteCollection.php(799): CodeIgniter\Router\RouteCollection->{closure}(Object(CodeIgniter\Router\RouteCollection))
 6 APPPATH\Config\Routes.php(54): CodeIgniter\Router\RouteCollection->group('', [...], Object(Closure))
 7 SYSTEMPATH\Router\RouteCollection.php(799): CodeIgniter\Router\RouteCollection->{closure}(Object(CodeIgniter\Router\RouteCollection))
 8 APPPATH\Config\Routes.php(55): CodeIgniter\Router\RouteCollection->group('', [...], Object(Closure))
 9 SYSTEMPATH\Router\RouteCollection.php(339): require('C:\\xampp\\htdocs\\ITE311-GOMEZ\\app\\Config\\Routes.php')
10 SYSTEMPATH\CodeIgniter.php(821): CodeIgniter\Router\RouteCollection->loadRoutes()
11 SYSTEMPATH\CodeIgniter.php(455): CodeIgniter\CodeIgniter->tryToRouteIt(null)
12 SYSTEMPATH\CodeIgniter.php(354): CodeIgniter\CodeIgniter->handleRequest(null, Object(Config\Cache), false)
13 SYSTEMPATH\Boot.php(363): CodeIgniter\CodeIgniter->run()
14 SYSTEMPATH\Boot.php(68): CodeIgniter\Boot::runCodeIgniter(Object(CodeIgniter\CodeIgniter))
15 FCPATH\index.php(59): CodeIgniter\Boot::bootWeb(Object(Config\Paths))
DEBUG - 2025-10-09 15:24:59 --> Session: Class initialized using 'CodeIgniter\Session\Handlers\FileHandler' driver.
WARNING - 2025-10-09 15:25:54 --> [DEPRECATED] Passing lowercase HTTP method "post" is deprecated. Use uppercase HTTP method like "POST". in SYSTEMPATH\Router\RouteCollection.php on line 1029.
 1 SYSTEMPATH\Router\RouteCollection.php(1029): trigger_error('Passing lowercase HTTP method "post" is deprecated. Use uppercase HTTP method like "POST".', 16384)
 2 APPPATH\Config\Routes.php(34): CodeIgniter\Router\RouteCollection->match([...], 'courses', 'Courses::store', [...])
 3 SYSTEMPATH\Router\RouteCollection.php(799): CodeIgniter\Router\RouteCollection->{closure}(Object(CodeIgniter\Router\RouteCollection))
 4 APPPATH\Config\Routes.php(41): CodeIgniter\Router\RouteCollection->group('admin', [...], Object(Closure))
 5 SYSTEMPATH\Router\RouteCollection.php(799): CodeIgniter\Router\RouteCollection->{closure}(Object(CodeIgniter\Router\RouteCollection))
 6 APPPATH\Config\Routes.php(54): CodeIgniter\Router\RouteCollection->group('', [...], Object(Closure))
 7 SYSTEMPATH\Router\RouteCollection.php(799): CodeIgniter\Router\RouteCollection->{closure}(Object(CodeIgniter\Router\RouteCollection))
 8 APPPATH\Config\Routes.php(55): CodeIgniter\Router\RouteCollection->group('', [...], Object(Closure))
 9 SYSTEMPATH\Router\RouteCollection.php(339): require('C:\\xampp\\htdocs\\ITE311-GOMEZ\\app\\Config\\Routes.php')
10 SYSTEMPATH\CodeIgniter.php(821): CodeIgniter\Router\RouteCollection->loadRoutes()
11 SYSTEMPATH\CodeIgniter.php(455): CodeIgniter\CodeIgniter->tryToRouteIt(null)
12 SYSTEMPATH\CodeIgniter.php(354): CodeIgniter\CodeIgniter->handleRequest(null, Object(Config\Cache), false)
13 SYSTEMPATH\Boot.php(363): CodeIgniter\CodeIgniter->run()
14 SYSTEMPATH\Boot.php(68): CodeIgniter\Boot::runCodeIgniter(Object(CodeIgniter\CodeIgniter))
15 FCPATH\index.php(59): CodeIgniter\Boot::bootWeb(Object(Config\Paths))
DEBUG - 2025-10-09 15:25:54 --> Session: Class initialized using 'CodeIgniter\Session\Handlers\FileHandler' driver.
WARNING - 2025-10-09 15:25:56 --> [DEPRECATED] Passing lowercase HTTP method "post" is deprecated. Use uppercase HTTP method like "POST". in SYSTEMPATH\Router\RouteCollection.php on line 1029.
 1 SYSTEMPATH\Router\RouteCollection.php(1029): trigger_error('Passing lowercase HTTP method "post" is deprecated. Use uppercase HTTP method like "POST".', 16384)
 2 APPPATH\Config\Routes.php(34): CodeIgniter\Router\RouteCollection->match([...], 'courses', 'Courses::store', [...])
 3 SYSTEMPATH\Router\RouteCollection.php(799): CodeIgniter\Router\RouteCollection->{closure}(Object(CodeIgniter\Router\RouteCollection))
 4 APPPATH\Config\Routes.php(41): CodeIgniter\Router\RouteCollection->group('admin', [...], Object(Closure))
 5 SYSTEMPATH\Router\RouteCollection.php(799): CodeIgniter\Router\RouteCollection->{closure}(Object(CodeIgniter\Router\RouteCollection))
 6 APPPATH\Config\Routes.php(54): CodeIgniter\Router\RouteCollection->group('', [...], Object(Closure))
 7 SYSTEMPATH\Router\RouteCollection.php(799): CodeIgniter\Router\RouteCollection->{closure}(Object(CodeIgniter\Router\RouteCollection))
 8 APPPATH\Config\Routes.php(55): CodeIgniter\Router\RouteCollection->group('', [...], Object(Closure))
 9 SYSTEMPATH\Router\RouteCollection.php(339): require('C:\\xampp\\htdocs\\ITE311-GOMEZ\\app\\Config\\Routes.php')
10 SYSTEMPATH\CodeIgniter.php(821): CodeIgniter\Router\RouteCollection->loadRoutes()
11 SYSTEMPATH\CodeIgniter.php(455): CodeIgniter\CodeIgniter->tryToRouteIt(null)
12 SYSTEMPATH\CodeIgniter.php(354): CodeIgniter\CodeIgniter->handleRequest(null, Object(Config\Cache), false)
13 SYSTEMPATH\Boot.php(363): CodeIgniter\CodeIgniter->run()
14 SYSTEMPATH\Boot.php(68): CodeIgniter\Boot::runCodeIgniter(Object(CodeIgniter\CodeIgniter))
15 FCPATH\index.php(59): CodeIgniter\Boot::bootWeb(Object(Config\Paths))
DEBUG - 2025-10-09 15:25:56 --> Session: Class initialized using 'CodeIgniter\Session\Handlers\FileHandler' driver.
WARNING - 2025-10-09 15:25:57 --> [DEPRECATED] Passing lowercase HTTP method "post" is deprecated. Use uppercase HTTP method like "POST". in SYSTEMPATH\Router\RouteCollection.php on line 1029.
 1 SYSTEMPATH\Router\RouteCollection.php(1029): trigger_error('Passing lowercase HTTP method "post" is deprecated. Use uppercase HTTP method like "POST".', 16384)
 2 APPPATH\Config\Routes.php(34): CodeIgniter\Router\RouteCollection->match([...], 'courses', 'Courses::store', [...])
 3 SYSTEMPATH\Router\RouteCollection.php(799): CodeIgniter\Router\RouteCollection->{closure}(Object(CodeIgniter\Router\RouteCollection))
 4 APPPATH\Config\Routes.php(41): CodeIgniter\Router\RouteCollection->group('admin', [...], Object(Closure))
 5 SYSTEMPATH\Router\RouteCollection.php(799): CodeIgniter\Router\RouteCollection->{closure}(Object(CodeIgniter\Router\RouteCollection))
 6 APPPATH\Config\Routes.php(54): CodeIgniter\Router\RouteCollection->group('', [...], Object(Closure))
 7 SYSTEMPATH\Router\RouteCollection.php(799): CodeIgniter\Router\RouteCollection->{closure}(Object(CodeIgniter\Router\RouteCollection))
 8 APPPATH\Config\Routes.php(55): CodeIgniter\Router\RouteCollection->group('', [...], Object(Closure))
 9 SYSTEMPATH\Router\RouteCollection.php(339): require('C:\\xampp\\htdocs\\ITE311-GOMEZ\\app\\Config\\Routes.php')
10 SYSTEMPATH\CodeIgniter.php(821): CodeIgniter\Router\RouteCollection->loadRoutes()
11 SYSTEMPATH\CodeIgniter.php(455): CodeIgniter\CodeIgniter->tryToRouteIt(null)
12 SYSTEMPATH\CodeIgniter.php(354): CodeIgniter\CodeIgniter->handleRequest(null, Object(Config\Cache), false)
13 SYSTEMPATH\Boot.php(363): CodeIgniter\CodeIgniter->run()
14 SYSTEMPATH\Boot.php(68): CodeIgniter\Boot::runCodeIgniter(Object(CodeIgniter\CodeIgniter))
15 FCPATH\index.php(59): CodeIgniter\Boot::bootWeb(Object(Config\Paths))
DEBUG - 2025-10-09 15:25:57 --> Session: Class initialized using 'CodeIgniter\Session\Handlers\FileHandler' driver.
WARNING - 2025-10-09 15:26:01 --> [DEPRECATED] Passing lowercase HTTP method "post" is deprecated. Use uppercase HTTP method like "POST". in SYSTEMPATH\Router\RouteCollection.php on line 1029.
 1 SYSTEMPATH\Router\RouteCollection.php(1029): trigger_error('Passing lowercase HTTP method "post" is deprecated. Use uppercase HTTP method like "POST".', 16384)
 2 APPPATH\Config\Routes.php(34): CodeIgniter\Router\RouteCollection->match([...], 'courses', 'Courses::store', [...])
 3 SYSTEMPATH\Router\RouteCollection.php(799): CodeIgniter\Router\RouteCollection->{closure}(Object(CodeIgniter\Router\RouteCollection))
 4 APPPATH\Config\Routes.php(41): CodeIgniter\Router\RouteCollection->group('admin', [...], Object(Closure))
 5 SYSTEMPATH\Router\RouteCollection.php(799): CodeIgniter\Router\RouteCollection->{closure}(Object(CodeIgniter\Router\RouteCollection))
 6 APPPATH\Config\Routes.php(54): CodeIgniter\Router\RouteCollection->group('', [...], Object(Closure))
 7 SYSTEMPATH\Router\RouteCollection.php(799): CodeIgniter\Router\RouteCollection->{closure}(Object(CodeIgniter\Router\RouteCollection))
 8 APPPATH\Config\Routes.php(55): CodeIgniter\Router\RouteCollection->group('', [...], Object(Closure))
 9 SYSTEMPATH\Router\RouteCollection.php(339): require('C:\\xampp\\htdocs\\ITE311-GOMEZ\\app\\Config\\Routes.php')
10 SYSTEMPATH\CodeIgniter.php(821): CodeIgniter\Router\RouteCollection->loadRoutes()
11 SYSTEMPATH\CodeIgniter.php(455): CodeIgniter\CodeIgniter->tryToRouteIt(null)
12 SYSTEMPATH\CodeIgniter.php(354): CodeIgniter\CodeIgniter->handleRequest(null, Object(Config\Cache), false)
13 SYSTEMPATH\Boot.php(363): CodeIgniter\CodeIgniter->run()
14 SYSTEMPATH\Boot.php(68): CodeIgniter\Boot::runCodeIgniter(Object(CodeIgniter\CodeIgniter))
15 FCPATH\index.php(59): CodeIgniter\Boot::bootWeb(Object(Config\Paths))
DEBUG - 2025-10-09 15:26:01 --> Session: Class initialized using 'CodeIgniter\Session\Handlers\FileHandler' driver.
WARNING - 2025-10-09 15:26:05 --> [DEPRECATED] Passing lowercase HTTP method "post" is deprecated. Use uppercase HTTP method like "POST". in SYSTEMPATH\Router\RouteCollection.php on line 1029.
 1 SYSTEMPATH\Router\RouteCollection.php(1029): trigger_error('Passing lowercase HTTP method "post" is deprecated. Use uppercase HTTP method like "POST".', 16384)
 2 APPPATH\Config\Routes.php(34): CodeIgniter\Router\RouteCollection->match([...], 'courses', 'Courses::store', [...])
 3 SYSTEMPATH\Router\RouteCollection.php(799): CodeIgniter\Router\RouteCollection->{closure}(Object(CodeIgniter\Router\RouteCollection))
 4 APPPATH\Config\Routes.php(41): CodeIgniter\Router\RouteCollection->group('admin', [...], Object(Closure))
 5 SYSTEMPATH\Router\RouteCollection.php(799): CodeIgniter\Router\RouteCollection->{closure}(Object(CodeIgniter\Router\RouteCollection))
 6 APPPATH\Config\Routes.php(54): CodeIgniter\Router\RouteCollection->group('', [...], Object(Closure))
 7 SYSTEMPATH\Router\RouteCollection.php(799): CodeIgniter\Router\RouteCollection->{closure}(Object(CodeIgniter\Router\RouteCollection))
 8 APPPATH\Config\Routes.php(55): CodeIgniter\Router\RouteCollection->group('', [...], Object(Closure))
 9 SYSTEMPATH\Router\RouteCollection.php(339): require('C:\\xampp\\htdocs\\ITE311-GOMEZ\\app\\Config\\Routes.php')
10 SYSTEMPATH\CodeIgniter.php(821): CodeIgniter\Router\RouteCollection->loadRoutes()
11 SYSTEMPATH\CodeIgniter.php(455): CodeIgniter\CodeIgniter->tryToRouteIt(null)
12 SYSTEMPATH\CodeIgniter.php(354): CodeIgniter\CodeIgniter->handleRequest(null, Object(Config\Cache), false)
13 SYSTEMPATH\Boot.php(363): CodeIgniter\CodeIgniter->run()
14 SYSTEMPATH\Boot.php(68): CodeIgniter\Boot::runCodeIgniter(Object(CodeIgniter\CodeIgniter))
15 FCPATH\index.php(59): CodeIgniter\Boot::bootWeb(Object(Config\Paths))
DEBUG - 2025-10-09 15:26:05 --> Session: Class initialized using 'CodeIgniter\Session\Handlers\FileHandler' driver.
WARNING - 2025-10-09 15:26:07 --> [DEPRECATED] Passing lowercase HTTP method "post" is deprecated. Use uppercase HTTP method like "POST". in SYSTEMPATH\Router\RouteCollection.php on line 1029.
 1 SYSTEMPATH\Router\RouteCollection.php(1029): trigger_error('Passing lowercase HTTP method "post" is deprecated. Use uppercase HTTP method like "POST".', 16384)
 2 APPPATH\Config\Routes.php(34): CodeIgniter\Router\RouteCollection->match([...], 'courses', 'Courses::store', [...])
 3 SYSTEMPATH\Router\RouteCollection.php(799): CodeIgniter\Router\RouteCollection->{closure}(Object(CodeIgniter\Router\RouteCollection))
 4 APPPATH\Config\Routes.php(41): CodeIgniter\Router\RouteCollection->group('admin', [...], Object(Closure))
 5 SYSTEMPATH\Router\RouteCollection.php(799): CodeIgniter\Router\RouteCollection->{closure}(Object(CodeIgniter\Router\RouteCollection))
 6 APPPATH\Config\Routes.php(54): CodeIgniter\Router\RouteCollection->group('', [...], Object(Closure))
 7 SYSTEMPATH\Router\RouteCollection.php(799): CodeIgniter\Router\RouteCollection->{closure}(Object(CodeIgniter\Router\RouteCollection))
 8 APPPATH\Config\Routes.php(55): CodeIgniter\Router\RouteCollection->group('', [...], Object(Closure))
 9 SYSTEMPATH\Router\RouteCollection.php(339): require('C:\\xampp\\htdocs\\ITE311-GOMEZ\\app\\Config\\Routes.php')
10 SYSTEMPATH\CodeIgniter.php(821): CodeIgniter\Router\RouteCollection->loadRoutes()
11 SYSTEMPATH\CodeIgniter.php(455): CodeIgniter\CodeIgniter->tryToRouteIt(null)
12 SYSTEMPATH\CodeIgniter.php(354): CodeIgniter\CodeIgniter->handleRequest(null, Object(Config\Cache), false)
13 SYSTEMPATH\Boot.php(363): CodeIgniter\CodeIgniter->run()
14 SYSTEMPATH\Boot.php(68): CodeIgniter\Boot::runCodeIgniter(Object(CodeIgniter\CodeIgniter))
15 FCPATH\index.php(59): CodeIgniter\Boot::bootWeb(Object(Config\Paths))
DEBUG - 2025-10-09 15:26:07 --> Session: Class initialized using 'CodeIgniter\Session\Handlers\FileHandler' driver.
WARNING - 2025-10-09 15:26:39 --> [DEPRECATED] Passing lowercase HTTP method "post" is deprecated. Use uppercase HTTP method like "POST". in SYSTEMPATH\Router\RouteCollection.php on line 1029.
 1 SYSTEMPATH\Router\RouteCollection.php(1029): trigger_error('Passing lowercase HTTP method "post" is deprecated. Use uppercase HTTP method like "POST".', 16384)
 2 APPPATH\Config\Routes.php(34): CodeIgniter\Router\RouteCollection->match([...], 'courses', 'Courses::store', [...])
 3 SYSTEMPATH\Router\RouteCollection.php(799): CodeIgniter\Router\RouteCollection->{closure}(Object(CodeIgniter\Router\RouteCollection))
 4 APPPATH\Config\Routes.php(41): CodeIgniter\Router\RouteCollection->group('admin', [...], Object(Closure))
 5 SYSTEMPATH\Router\RouteCollection.php(799): CodeIgniter\Router\RouteCollection->{closure}(Object(CodeIgniter\Router\RouteCollection))
 6 APPPATH\Config\Routes.php(54): CodeIgniter\Router\RouteCollection->group('', [...], Object(Closure))
 7 SYSTEMPATH\Router\RouteCollection.php(799): CodeIgniter\Router\RouteCollection->{closure}(Object(CodeIgniter\Router\RouteCollection))
 8 APPPATH\Config\Routes.php(55): CodeIgniter\Router\RouteCollection->group('', [...], Object(Closure))
 9 SYSTEMPATH\Router\RouteCollection.php(339): require('C:\\xampp\\htdocs\\ITE311-GOMEZ\\app\\Config\\Routes.php')
10 SYSTEMPATH\CodeIgniter.php(821): CodeIgniter\Router\RouteCollection->loadRoutes()
11 SYSTEMPATH\CodeIgniter.php(455): CodeIgniter\CodeIgniter->tryToRouteIt(null)
12 SYSTEMPATH\CodeIgniter.php(354): CodeIgniter\CodeIgniter->handleRequest(null, Object(Config\Cache), false)
13 SYSTEMPATH\Boot.php(363): CodeIgniter\CodeIgniter->run()
14 SYSTEMPATH\Boot.php(68): CodeIgniter\Boot::runCodeIgniter(Object(CodeIgniter\CodeIgniter))
15 FCPATH\index.php(59): CodeIgniter\Boot::bootWeb(Object(Config\Paths))
DEBUG - 2025-10-09 15:26:39 --> Session: Class initialized using 'CodeIgniter\Session\Handlers\FileHandler' driver.
WARNING - 2025-10-09 15:26:39 --> [DEPRECATED] Passing lowercase HTTP method "post" is deprecated. Use uppercase HTTP method like "POST". in SYSTEMPATH\Router\RouteCollection.php on line 1029.
 1 SYSTEMPATH\Router\RouteCollection.php(1029): trigger_error('Passing lowercase HTTP method "post" is deprecated. Use uppercase HTTP method like "POST".', 16384)
 2 APPPATH\Config\Routes.php(34): CodeIgniter\Router\RouteCollection->match([...], 'courses', 'Courses::store', [...])
 3 SYSTEMPATH\Router\RouteCollection.php(799): CodeIgniter\Router\RouteCollection->{closure}(Object(CodeIgniter\Router\RouteCollection))
 4 APPPATH\Config\Routes.php(41): CodeIgniter\Router\RouteCollection->group('admin', [...], Object(Closure))
 5 SYSTEMPATH\Router\RouteCollection.php(799): CodeIgniter\Router\RouteCollection->{closure}(Object(CodeIgniter\Router\RouteCollection))
 6 APPPATH\Config\Routes.php(54): CodeIgniter\Router\RouteCollection->group('', [...], Object(Closure))
 7 SYSTEMPATH\Router\RouteCollection.php(799): CodeIgniter\Router\RouteCollection->{closure}(Object(CodeIgniter\Router\RouteCollection))
 8 APPPATH\Config\Routes.php(55): CodeIgniter\Router\RouteCollection->group('', [...], Object(Closure))
 9 SYSTEMPATH\Router\RouteCollection.php(339): require('C:\\xampp\\htdocs\\ITE311-GOMEZ\\app\\Config\\Routes.php')
10 SYSTEMPATH\CodeIgniter.php(821): CodeIgniter\Router\RouteCollection->loadRoutes()
11 SYSTEMPATH\CodeIgniter.php(455): CodeIgniter\CodeIgniter->tryToRouteIt(null)
12 SYSTEMPATH\CodeIgniter.php(354): CodeIgniter\CodeIgniter->handleRequest(null, Object(Config\Cache), false)
13 SYSTEMPATH\Boot.php(363): CodeIgniter\CodeIgniter->run()
14 SYSTEMPATH\Boot.php(68): CodeIgniter\Boot::runCodeIgniter(Object(CodeIgniter\CodeIgniter))
15 FCPATH\index.php(59): CodeIgniter\Boot::bootWeb(Object(Config\Paths))
DEBUG - 2025-10-09 15:26:39 --> Session: Class initialized using 'CodeIgniter\Session\Handlers\FileHandler' driver.
WARNING - 2025-10-09 15:26:43 --> [DEPRECATED] Passing lowercase HTTP method "post" is deprecated. Use uppercase HTTP method like "POST". in SYSTEMPATH\Router\RouteCollection.php on line 1029.
 1 SYSTEMPATH\Router\RouteCollection.php(1029): trigger_error('Passing lowercase HTTP method "post" is deprecated. Use uppercase HTTP method like "POST".', 16384)
 2 APPPATH\Config\Routes.php(34): CodeIgniter\Router\RouteCollection->match([...], 'courses', 'Courses::store', [...])
 3 SYSTEMPATH\Router\RouteCollection.php(799): CodeIgniter\Router\RouteCollection->{closure}(Object(CodeIgniter\Router\RouteCollection))
 4 APPPATH\Config\Routes.php(41): CodeIgniter\Router\RouteCollection->group('admin', [...], Object(Closure))
 5 SYSTEMPATH\Router\RouteCollection.php(799): CodeIgniter\Router\RouteCollection->{closure}(Object(CodeIgniter\Router\RouteCollection))
 6 APPPATH\Config\Routes.php(54): CodeIgniter\Router\RouteCollection->group('', [...], Object(Closure))
 7 SYSTEMPATH\Router\RouteCollection.php(799): CodeIgniter\Router\RouteCollection->{closure}(Object(CodeIgniter\Router\RouteCollection))
 8 APPPATH\Config\Routes.php(55): CodeIgniter\Router\RouteCollection->group('', [...], Object(Closure))
 9 SYSTEMPATH\Router\RouteCollection.php(339): require('C:\\xampp\\htdocs\\ITE311-GOMEZ\\app\\Config\\Routes.php')
10 SYSTEMPATH\CodeIgniter.php(821): CodeIgniter\Router\RouteCollection->loadRoutes()
11 SYSTEMPATH\CodeIgniter.php(455): CodeIgniter\CodeIgniter->tryToRouteIt(null)
12 SYSTEMPATH\CodeIgniter.php(354): CodeIgniter\CodeIgniter->handleRequest(null, Object(Config\Cache), false)
13 SYSTEMPATH\Boot.php(363): CodeIgniter\CodeIgniter->run()
14 SYSTEMPATH\Boot.php(68): CodeIgniter\Boot::runCodeIgniter(Object(CodeIgniter\CodeIgniter))
15 FCPATH\index.php(59): CodeIgniter\Boot::bootWeb(Object(Config\Paths))
DEBUG - 2025-10-09 15:26:43 --> Session: Class initialized using 'CodeIgniter\Session\Handlers\FileHandler' driver.
WARNING - 2025-10-09 15:26:45 --> [DEPRECATED] Passing lowercase HTTP method "post" is deprecated. Use uppercase HTTP method like "POST". in SYSTEMPATH\Router\RouteCollection.php on line 1029.
 1 SYSTEMPATH\Router\RouteCollection.php(1029): trigger_error('Passing lowercase HTTP method "post" is deprecated. Use uppercase HTTP method like "POST".', 16384)
 2 APPPATH\Config\Routes.php(34): CodeIgniter\Router\RouteCollection->match([...], 'courses', 'Courses::store', [...])
 3 SYSTEMPATH\Router\RouteCollection.php(799): CodeIgniter\Router\RouteCollection->{closure}(Object(CodeIgniter\Router\RouteCollection))
 4 APPPATH\Config\Routes.php(41): CodeIgniter\Router\RouteCollection->group('admin', [...], Object(Closure))
 5 SYSTEMPATH\Router\RouteCollection.php(799): CodeIgniter\Router\RouteCollection->{closure}(Object(CodeIgniter\Router\RouteCollection))
 6 APPPATH\Config\Routes.php(54): CodeIgniter\Router\RouteCollection->group('', [...], Object(Closure))
 7 SYSTEMPATH\Router\RouteCollection.php(799): CodeIgniter\Router\RouteCollection->{closure}(Object(CodeIgniter\Router\RouteCollection))
 8 APPPATH\Config\Routes.php(55): CodeIgniter\Router\RouteCollection->group('', [...], Object(Closure))
 9 SYSTEMPATH\Router\RouteCollection.php(339): require('C:\\xampp\\htdocs\\ITE311-GOMEZ\\app\\Config\\Routes.php')
10 SYSTEMPATH\CodeIgniter.php(821): CodeIgniter\Router\RouteCollection->loadRoutes()
11 SYSTEMPATH\CodeIgniter.php(455): CodeIgniter\CodeIgniter->tryToRouteIt(null)
12 SYSTEMPATH\CodeIgniter.php(354): CodeIgniter\CodeIgniter->handleRequest(null, Object(Config\Cache), false)
13 SYSTEMPATH\Boot.php(363): CodeIgniter\CodeIgniter->run()
14 SYSTEMPATH\Boot.php(68): CodeIgniter\Boot::runCodeIgniter(Object(CodeIgniter\CodeIgniter))
15 FCPATH\index.php(59): CodeIgniter\Boot::bootWeb(Object(Config\Paths))
DEBUG - 2025-10-09 15:26:45 --> Session: Class initialized using 'CodeIgniter\Session\Handlers\FileHandler' driver.
WARNING - 2025-10-09 15:26:49 --> [DEPRECATED] Passing lowercase HTTP method "post" is deprecated. Use uppercase HTTP method like "POST". in SYSTEMPATH\Router\RouteCollection.php on line 1029.
 1 SYSTEMPATH\Router\RouteCollection.php(1029): trigger_error('Passing lowercase HTTP method "post" is deprecated. Use uppercase HTTP method like "POST".', 16384)
 2 APPPATH\Config\Routes.php(34): CodeIgniter\Router\RouteCollection->match([...], 'courses', 'Courses::store', [...])
 3 SYSTEMPATH\Router\RouteCollection.php(799): CodeIgniter\Router\RouteCollection->{closure}(Object(CodeIgniter\Router\RouteCollection))
 4 APPPATH\Config\Routes.php(41): CodeIgniter\Router\RouteCollection->group('admin', [...], Object(Closure))
 5 SYSTEMPATH\Router\RouteCollection.php(799): CodeIgniter\Router\RouteCollection->{closure}(Object(CodeIgniter\Router\RouteCollection))
 6 APPPATH\Config\Routes.php(54): CodeIgniter\Router\RouteCollection->group('', [...], Object(Closure))
 7 SYSTEMPATH\Router\RouteCollection.php(799): CodeIgniter\Router\RouteCollection->{closure}(Object(CodeIgniter\Router\RouteCollection))
 8 APPPATH\Config\Routes.php(55): CodeIgniter\Router\RouteCollection->group('', [...], Object(Closure))
 9 SYSTEMPATH\Router\RouteCollection.php(339): require('C:\\xampp\\htdocs\\ITE311-GOMEZ\\app\\Config\\Routes.php')
10 SYSTEMPATH\CodeIgniter.php(821): CodeIgniter\Router\RouteCollection->loadRoutes()
11 SYSTEMPATH\CodeIgniter.php(455): CodeIgniter\CodeIgniter->tryToRouteIt(null)
12 SYSTEMPATH\CodeIgniter.php(354): CodeIgniter\CodeIgniter->handleRequest(null, Object(Config\Cache), false)
13 SYSTEMPATH\Boot.php(363): CodeIgniter\CodeIgniter->run()
14 SYSTEMPATH\Boot.php(68): CodeIgniter\Boot::runCodeIgniter(Object(CodeIgniter\CodeIgniter))
15 FCPATH\index.php(59): CodeIgniter\Boot::bootWeb(Object(Config\Paths))
DEBUG - 2025-10-09 15:26:49 --> Session: Class initialized using 'CodeIgniter\Session\Handlers\FileHandler' driver.
WARNING - 2025-10-09 15:26:51 --> [DEPRECATED] Passing lowercase HTTP method "post" is deprecated. Use uppercase HTTP method like "POST". in SYSTEMPATH\Router\RouteCollection.php on line 1029.
 1 SYSTEMPATH\Router\RouteCollection.php(1029): trigger_error('Passing lowercase HTTP method "post" is deprecated. Use uppercase HTTP method like "POST".', 16384)
 2 APPPATH\Config\Routes.php(34): CodeIgniter\Router\RouteCollection->match([...], 'courses', 'Courses::store', [...])
 3 SYSTEMPATH\Router\RouteCollection.php(799): CodeIgniter\Router\RouteCollection->{closure}(Object(CodeIgniter\Router\RouteCollection))
 4 APPPATH\Config\Routes.php(41): CodeIgniter\Router\RouteCollection->group('admin', [...], Object(Closure))
 5 SYSTEMPATH\Router\RouteCollection.php(799): CodeIgniter\Router\RouteCollection->{closure}(Object(CodeIgniter\Router\RouteCollection))
 6 APPPATH\Config\Routes.php(54): CodeIgniter\Router\RouteCollection->group('', [...], Object(Closure))
 7 SYSTEMPATH\Router\RouteCollection.php(799): CodeIgniter\Router\RouteCollection->{closure}(Object(CodeIgniter\Router\RouteCollection))
 8 APPPATH\Config\Routes.php(55): CodeIgniter\Router\RouteCollection->group('', [...], Object(Closure))
 9 SYSTEMPATH\Router\RouteCollection.php(339): require('C:\\xampp\\htdocs\\ITE311-GOMEZ\\app\\Config\\Routes.php')
10 SYSTEMPATH\CodeIgniter.php(821): CodeIgniter\Router\RouteCollection->loadRoutes()
11 SYSTEMPATH\CodeIgniter.php(455): CodeIgniter\CodeIgniter->tryToRouteIt(null)
12 SYSTEMPATH\CodeIgniter.php(354): CodeIgniter\CodeIgniter->handleRequest(null, Object(Config\Cache), false)
13 SYSTEMPATH\Boot.php(363): CodeIgniter\CodeIgniter->run()
14 SYSTEMPATH\Boot.php(68): CodeIgniter\Boot::runCodeIgniter(Object(CodeIgniter\CodeIgniter))
15 FCPATH\index.php(59): CodeIgniter\Boot::bootWeb(Object(Config\Paths))
DEBUG - 2025-10-09 15:26:51 --> Session: Class initialized using 'CodeIgniter\Session\Handlers\FileHandler' driver.
WARNING - 2025-10-09 15:27:05 --> [DEPRECATED] Passing lowercase HTTP method "post" is deprecated. Use uppercase HTTP method like "POST". in SYSTEMPATH\Router\RouteCollection.php on line 1029.
 1 SYSTEMPATH\Router\RouteCollection.php(1029): trigger_error('Passing lowercase HTTP method "post" is deprecated. Use uppercase HTTP method like "POST".', 16384)
 2 APPPATH\Config\Routes.php(34): CodeIgniter\Router\RouteCollection->match([...], 'courses', 'Courses::store', [...])
 3 SYSTEMPATH\Router\RouteCollection.php(799): CodeIgniter\Router\RouteCollection->{closure}(Object(CodeIgniter\Router\RouteCollection))
 4 APPPATH\Config\Routes.php(41): CodeIgniter\Router\RouteCollection->group('admin', [...], Object(Closure))
 5 SYSTEMPATH\Router\RouteCollection.php(799): CodeIgniter\Router\RouteCollection->{closure}(Object(CodeIgniter\Router\RouteCollection))
 6 APPPATH\Config\Routes.php(54): CodeIgniter\Router\RouteCollection->group('', [...], Object(Closure))
 7 SYSTEMPATH\Router\RouteCollection.php(799): CodeIgniter\Router\RouteCollection->{closure}(Object(CodeIgniter\Router\RouteCollection))
 8 APPPATH\Config\Routes.php(55): CodeIgniter\Router\RouteCollection->group('', [...], Object(Closure))
 9 SYSTEMPATH\Router\RouteCollection.php(339): require('C:\\xampp\\htdocs\\ITE311-GOMEZ\\app\\Config\\Routes.php')
10 SYSTEMPATH\CLI\Console.php(41): CodeIgniter\Router\RouteCollection->loadRoutes()
11 SYSTEMPATH\Boot.php(388): CodeIgniter\CLI\Console->run()
12 SYSTEMPATH\Boot.php(133): CodeIgniter\Boot::runCommand(Object(CodeIgniter\CLI\Console))
13 ROOTPATH\spark(87): CodeIgniter\Boot::bootSpark(Object(Config\Paths))
WARNING - 2025-10-09 15:27:56 --> [DEPRECATED] Passing lowercase HTTP method "post" is deprecated. Use uppercase HTTP method like "POST". in SYSTEMPATH\Router\RouteCollection.php on line 1029.
 1 SYSTEMPATH\Router\RouteCollection.php(1029): trigger_error('Passing lowercase HTTP method "post" is deprecated. Use uppercase HTTP method like "POST".', 16384)
 2 APPPATH\Config\Routes.php(34): CodeIgniter\Router\RouteCollection->match([...], 'courses', 'Courses::store', [...])
 3 SYSTEMPATH\Router\RouteCollection.php(799): CodeIgniter\Router\RouteCollection->{closure}(Object(CodeIgniter\Router\RouteCollection))
 4 APPPATH\Config\Routes.php(41): CodeIgniter\Router\RouteCollection->group('admin', [...], Object(Closure))
 5 SYSTEMPATH\Router\RouteCollection.php(799): CodeIgniter\Router\RouteCollection->{closure}(Object(CodeIgniter\Router\RouteCollection))
 6 APPPATH\Config\Routes.php(54): CodeIgniter\Router\RouteCollection->group('', [...], Object(Closure))
 7 SYSTEMPATH\Router\RouteCollection.php(799): CodeIgniter\Router\RouteCollection->{closure}(Object(CodeIgniter\Router\RouteCollection))
 8 APPPATH\Config\Routes.php(55): CodeIgniter\Router\RouteCollection->group('', [...], Object(Closure))
 9 SYSTEMPATH\Router\RouteCollection.php(339): require('C:\\xampp\\htdocs\\ITE311-GOMEZ\\app\\Config\\Routes.php')
10 SYSTEMPATH\CLI\Console.php(41): CodeIgniter\Router\RouteCollection->loadRoutes()
11 SYSTEMPATH\Boot.php(388): CodeIgniter\CLI\Console->run()
12 SYSTEMPATH\Boot.php(133): CodeIgniter\Boot::runCommand(Object(CodeIgniter\CLI\Console))
13 ROOTPATH\spark(87): CodeIgniter\Boot::bootSpark(Object(Config\Paths))
WARNING - 2025-10-09 15:28:19 --> [DEPRECATED] Passing lowercase HTTP method "post" is deprecated. Use uppercase HTTP method like "POST". in SYSTEMPATH\Router\RouteCollection.php on line 1029.
 1 SYSTEMPATH\Router\RouteCollection.php(1029): trigger_error('Passing lowercase HTTP method "post" is deprecated. Use uppercase HTTP method like "POST".', 16384)
 2 APPPATH\Config\Routes.php(34): CodeIgniter\Router\RouteCollection->match([...], 'courses', 'Courses::store', [...])
 3 SYSTEMPATH\Router\RouteCollection.php(799): CodeIgniter\Router\RouteCollection->{closure}(Object(CodeIgniter\Router\RouteCollection))
 4 APPPATH\Config\Routes.php(41): CodeIgniter\Router\RouteCollection->group('admin', [...], Object(Closure))
 5 SYSTEMPATH\Router\RouteCollection.php(799): CodeIgniter\Router\RouteCollection->{closure}(Object(CodeIgniter\Router\RouteCollection))
 6 APPPATH\Config\Routes.php(54): CodeIgniter\Router\RouteCollection->group('', [...], Object(Closure))
 7 SYSTEMPATH\Router\RouteCollection.php(799): CodeIgniter\Router\RouteCollection->{closure}(Object(CodeIgniter\Router\RouteCollection))
 8 APPPATH\Config\Routes.php(55): CodeIgniter\Router\RouteCollection->group('', [...], Object(Closure))
 9 SYSTEMPATH\Router\RouteCollection.php(339): require('C:\\xampp\\htdocs\\ITE311-GOMEZ\\app\\Config\\Routes.php')
10 SYSTEMPATH\CLI\Console.php(41): CodeIgniter\Router\RouteCollection->loadRoutes()
11 SYSTEMPATH\Boot.php(388): CodeIgniter\CLI\Console->run()
12 SYSTEMPATH\Boot.php(133): CodeIgniter\Boot::runCommand(Object(CodeIgniter\CLI\Console))
13 ROOTPATH\spark(87): CodeIgniter\Boot::bootSpark(Object(Config\Paths))
WARNING - 2025-10-09 15:28:36 --> [DEPRECATED] Passing lowercase HTTP method "post" is deprecated. Use uppercase HTTP method like "POST". in SYSTEMPATH\Router\RouteCollection.php on line 1029.
 1 SYSTEMPATH\Router\RouteCollection.php(1029): trigger_error('Passing lowercase HTTP method "post" is deprecated. Use uppercase HTTP method like "POST".', 16384)
 2 APPPATH\Config\Routes.php(34): CodeIgniter\Router\RouteCollection->match([...], 'courses', 'Courses::store', [...])
 3 SYSTEMPATH\Router\RouteCollection.php(799): CodeIgniter\Router\RouteCollection->{closure}(Object(CodeIgniter\Router\RouteCollection))
 4 APPPATH\Config\Routes.php(41): CodeIgniter\Router\RouteCollection->group('admin', [...], Object(Closure))
 5 SYSTEMPATH\Router\RouteCollection.php(799): CodeIgniter\Router\RouteCollection->{closure}(Object(CodeIgniter\Router\RouteCollection))
 6 APPPATH\Config\Routes.php(54): CodeIgniter\Router\RouteCollection->group('', [...], Object(Closure))
 7 SYSTEMPATH\Router\RouteCollection.php(799): CodeIgniter\Router\RouteCollection->{closure}(Object(CodeIgniter\Router\RouteCollection))
 8 APPPATH\Config\Routes.php(55): CodeIgniter\Router\RouteCollection->group('', [...], Object(Closure))
 9 SYSTEMPATH\Router\RouteCollection.php(339): require('C:\\xampp\\htdocs\\ITE311-GOMEZ\\app\\Config\\Routes.php')
10 SYSTEMPATH\CLI\Console.php(41): CodeIgniter\Router\RouteCollection->loadRoutes()
11 SYSTEMPATH\Boot.php(388): CodeIgniter\CLI\Console->run()
12 SYSTEMPATH\Boot.php(133): CodeIgniter\Boot::runCommand(Object(CodeIgniter\CLI\Console))
13 ROOTPATH\spark(87): CodeIgniter\Boot::bootSpark(Object(Config\Paths))
ERROR - 2025-10-09 15:28:36 --> mysqli_sql_exception: Invalid default value for 'created_at' in C:\xampp\htdocs\ITE311-GOMEZ\system\Database\MySQLi\Connection.php:327
Stack trace:
#0 C:\xampp\htdocs\ITE311-GOMEZ\system\Database\MySQLi\Connection.php(327): mysqli->query('CREATE TABLE `e...', 0)
#1 C:\xampp\htdocs\ITE311-GOMEZ\system\Database\BaseConnection.php(729): CodeIgniter\Database\MySQLi\Connection->execute('CREATE TABLE `e...')
#2 C:\xampp\htdocs\ITE311-GOMEZ\system\Database\BaseConnection.php(646): CodeIgniter\Database\BaseConnection->simpleQuery('CREATE TABLE `e...')
#3 C:\xampp\htdocs\ITE311-GOMEZ\system\Database\Forge.php(570): CodeIgniter\Database\BaseConnection->query('CREATE TABLE `e...')
#4 C:\xampp\htdocs\ITE311-GOMEZ\app\Database\Migrations\2025-08-13-001748_CreateEnrollmentsTable.php(51): CodeIgniter\Database\Forge->createTable('enrollments')
#5 C:\xampp\htdocs\ITE311-GOMEZ\system\Database\MigrationRunner.php(876): App\Database\Migrations\CreateEnrollmentsTable->up()
#6 C:\xampp\htdocs\ITE311-GOMEZ\system\Database\MigrationRunner.php(182): CodeIgniter\Database\MigrationRunner->migrate('up', Object(stdClass))
#7 C:\xampp\htdocs\ITE311-GOMEZ\system\Commands\Database\Migrate.php(85): CodeIgniter\Database\MigrationRunner->latest(NULL)
#8 C:\xampp\htdocs\ITE311-GOMEZ\system\CLI\Commands.php(74): CodeIgniter\Commands\Database\Migrate->run(Array)
#9 C:\xampp\htdocs\ITE311-GOMEZ\system\CLI\Console.php(47): CodeIgniter\CLI\Commands->run('migrate', Array)
#10 C:\xampp\htdocs\ITE311-GOMEZ\system\Boot.php(388): CodeIgniter\CLI\Console->run()
#11 C:\xampp\htdocs\ITE311-GOMEZ\system\Boot.php(133): CodeIgniter\Boot::runCommand(Object(CodeIgniter\CLI\Console))
#12 C:\xampp\htdocs\ITE311-GOMEZ\spark(87): CodeIgniter\Boot::bootSpark(Object(Config\Paths))
#13 {main}
WARNING - 2025-10-09 15:29:18 --> [DEPRECATED] Passing lowercase HTTP method "post" is deprecated. Use uppercase HTTP method like "POST". in SYSTEMPATH\Router\RouteCollection.php on line 1029.
 1 SYSTEMPATH\Router\RouteCollection.php(1029): trigger_error('Passing lowercase HTTP method "post" is deprecated. Use uppercase HTTP method like "POST".', 16384)
 2 APPPATH\Config\Routes.php(34): CodeIgniter\Router\RouteCollection->match([...], 'courses', 'Courses::store', [...])
 3 SYSTEMPATH\Router\RouteCollection.php(799): CodeIgniter\Router\RouteCollection->{closure}(Object(CodeIgniter\Router\RouteCollection))
 4 APPPATH\Config\Routes.php(41): CodeIgniter\Router\RouteCollection->group('admin', [...], Object(Closure))
 5 SYSTEMPATH\Router\RouteCollection.php(799): CodeIgniter\Router\RouteCollection->{closure}(Object(CodeIgniter\Router\RouteCollection))
 6 APPPATH\Config\Routes.php(54): CodeIgniter\Router\RouteCollection->group('', [...], Object(Closure))
 7 SYSTEMPATH\Router\RouteCollection.php(799): CodeIgniter\Router\RouteCollection->{closure}(Object(CodeIgniter\Router\RouteCollection))
 8 APPPATH\Config\Routes.php(55): CodeIgniter\Router\RouteCollection->group('', [...], Object(Closure))
 9 SYSTEMPATH\Router\RouteCollection.php(339): require('C:\\xampp\\htdocs\\ITE311-GOMEZ\\app\\Config\\Routes.php')
10 SYSTEMPATH\CLI\Console.php(41): CodeIgniter\Router\RouteCollection->loadRoutes()
11 SYSTEMPATH\Boot.php(388): CodeIgniter\CLI\Console->run()
12 SYSTEMPATH\Boot.php(133): CodeIgniter\Boot::runCommand(Object(CodeIgniter\CLI\Console))
13 ROOTPATH\spark(87): CodeIgniter\Boot::bootSpark(Object(Config\Paths))
WARNING - 2025-10-09 15:29:26 --> [DEPRECATED] Passing lowercase HTTP method "post" is deprecated. Use uppercase HTTP method like "POST". in SYSTEMPATH\Router\RouteCollection.php on line 1029.
 1 SYSTEMPATH\Router\RouteCollection.php(1029): trigger_error('Passing lowercase HTTP method "post" is deprecated. Use uppercase HTTP method like "POST".', 16384)
 2 APPPATH\Config\Routes.php(34): CodeIgniter\Router\RouteCollection->match([...], 'courses', 'Courses::store', [...])
 3 SYSTEMPATH\Router\RouteCollection.php(799): CodeIgniter\Router\RouteCollection->{closure}(Object(CodeIgniter\Router\RouteCollection))
 4 APPPATH\Config\Routes.php(41): CodeIgniter\Router\RouteCollection->group('admin', [...], Object(Closure))
 5 SYSTEMPATH\Router\RouteCollection.php(799): CodeIgniter\Router\RouteCollection->{closure}(Object(CodeIgniter\Router\RouteCollection))
 6 APPPATH\Config\Routes.php(54): CodeIgniter\Router\RouteCollection->group('', [...], Object(Closure))
 7 SYSTEMPATH\Router\RouteCollection.php(799): CodeIgniter\Router\RouteCollection->{closure}(Object(CodeIgniter\Router\RouteCollection))
 8 APPPATH\Config\Routes.php(55): CodeIgniter\Router\RouteCollection->group('', [...], Object(Closure))
 9 SYSTEMPATH\Router\RouteCollection.php(339): require('C:\\xampp\\htdocs\\ITE311-GOMEZ\\app\\Config\\Routes.php')
10 SYSTEMPATH\CLI\Console.php(41): CodeIgniter\Router\RouteCollection->loadRoutes()
11 SYSTEMPATH\Boot.php(388): CodeIgniter\CLI\Console->run()
12 SYSTEMPATH\Boot.php(133): CodeIgniter\Boot::runCommand(Object(CodeIgniter\CLI\Console))
13 ROOTPATH\spark(87): CodeIgniter\Boot::bootSpark(Object(Config\Paths))
WARNING - 2025-10-09 15:29:47 --> [DEPRECATED] Passing lowercase HTTP method "post" is deprecated. Use uppercase HTTP method like "POST". in SYSTEMPATH\Router\RouteCollection.php on line 1029.
 1 SYSTEMPATH\Router\RouteCollection.php(1029): trigger_error('Passing lowercase HTTP method "post" is deprecated. Use uppercase HTTP method like "POST".', 16384)
 2 APPPATH\Config\Routes.php(34): CodeIgniter\Router\RouteCollection->match([...], 'courses', 'Courses::store', [...])
 3 SYSTEMPATH\Router\RouteCollection.php(799): CodeIgniter\Router\RouteCollection->{closure}(Object(CodeIgniter\Router\RouteCollection))
 4 APPPATH\Config\Routes.php(41): CodeIgniter\Router\RouteCollection->group('admin', [...], Object(Closure))
 5 SYSTEMPATH\Router\RouteCollection.php(799): CodeIgniter\Router\RouteCollection->{closure}(Object(CodeIgniter\Router\RouteCollection))
 6 APPPATH\Config\Routes.php(54): CodeIgniter\Router\RouteCollection->group('', [...], Object(Closure))
 7 SYSTEMPATH\Router\RouteCollection.php(799): CodeIgniter\Router\RouteCollection->{closure}(Object(CodeIgniter\Router\RouteCollection))
 8 APPPATH\Config\Routes.php(55): CodeIgniter\Router\RouteCollection->group('', [...], Object(Closure))
 9 SYSTEMPATH\Router\RouteCollection.php(339): require('C:\\xampp\\htdocs\\ITE311-GOMEZ\\app\\Config\\Routes.php')
10 SYSTEMPATH\CLI\Console.php(41): CodeIgniter\Router\RouteCollection->loadRoutes()
11 SYSTEMPATH\Boot.php(388): CodeIgniter\CLI\Console->run()
12 SYSTEMPATH\Boot.php(133): CodeIgniter\Boot::runCommand(Object(CodeIgniter\CLI\Console))
13 ROOTPATH\spark(87): CodeIgniter\Boot::bootSpark(Object(Config\Paths))
WARNING - 2025-10-09 15:29:56 --> [DEPRECATED] Passing lowercase HTTP method "post" is deprecated. Use uppercase HTTP method like "POST". in SYSTEMPATH\Router\RouteCollection.php on line 1029.
 1 SYSTEMPATH\Router\RouteCollection.php(1029): trigger_error('Passing lowercase HTTP method "post" is deprecated. Use uppercase HTTP method like "POST".', 16384)
 2 APPPATH\Config\Routes.php(34): CodeIgniter\Router\RouteCollection->match([...], 'courses', 'Courses::store', [...])
 3 SYSTEMPATH\Router\RouteCollection.php(799): CodeIgniter\Router\RouteCollection->{closure}(Object(CodeIgniter\Router\RouteCollection))
 4 APPPATH\Config\Routes.php(41): CodeIgniter\Router\RouteCollection->group('admin', [...], Object(Closure))
 5 SYSTEMPATH\Router\RouteCollection.php(799): CodeIgniter\Router\RouteCollection->{closure}(Object(CodeIgniter\Router\RouteCollection))
 6 APPPATH\Config\Routes.php(54): CodeIgniter\Router\RouteCollection->group('', [...], Object(Closure))
 7 SYSTEMPATH\Router\RouteCollection.php(799): CodeIgniter\Router\RouteCollection->{closure}(Object(CodeIgniter\Router\RouteCollection))
 8 APPPATH\Config\Routes.php(55): CodeIgniter\Router\RouteCollection->group('', [...], Object(Closure))
 9 SYSTEMPATH\Router\RouteCollection.php(339): require('C:\\xampp\\htdocs\\ITE311-GOMEZ\\app\\Config\\Routes.php')
10 SYSTEMPATH\CodeIgniter.php(821): CodeIgniter\Router\RouteCollection->loadRoutes()
11 SYSTEMPATH\CodeIgniter.php(455): CodeIgniter\CodeIgniter->tryToRouteIt(null)
12 SYSTEMPATH\CodeIgniter.php(354): CodeIgniter\CodeIgniter->handleRequest(null, Object(Config\Cache), false)
13 SYSTEMPATH\Boot.php(363): CodeIgniter\CodeIgniter->run()
14 SYSTEMPATH\Boot.php(68): CodeIgniter\Boot::runCodeIgniter(Object(CodeIgniter\CodeIgniter))
15 FCPATH\index.php(59): CodeIgniter\Boot::bootWeb(Object(Config\Paths))
DEBUG - 2025-10-09 15:29:56 --> Session: Class initialized using 'CodeIgniter\Session\Handlers\FileHandler' driver.
WARNING - 2025-10-09 15:30:02 --> [DEPRECATED] Passing lowercase HTTP method "post" is deprecated. Use uppercase HTTP method like "POST". in SYSTEMPATH\Router\RouteCollection.php on line 1029.
 1 SYSTEMPATH\Router\RouteCollection.php(1029): trigger_error('Passing lowercase HTTP method "post" is deprecated. Use uppercase HTTP method like "POST".', 16384)
 2 APPPATH\Config\Routes.php(34): CodeIgniter\Router\RouteCollection->match([...], 'courses', 'Courses::store', [...])
 3 SYSTEMPATH\Router\RouteCollection.php(799): CodeIgniter\Router\RouteCollection->{closure}(Object(CodeIgniter\Router\RouteCollection))
 4 APPPATH\Config\Routes.php(41): CodeIgniter\Router\RouteCollection->group('admin', [...], Object(Closure))
 5 SYSTEMPATH\Router\RouteCollection.php(799): CodeIgniter\Router\RouteCollection->{closure}(Object(CodeIgniter\Router\RouteCollection))
 6 APPPATH\Config\Routes.php(54): CodeIgniter\Router\RouteCollection->group('', [...], Object(Closure))
 7 SYSTEMPATH\Router\RouteCollection.php(799): CodeIgniter\Router\RouteCollection->{closure}(Object(CodeIgniter\Router\RouteCollection))
 8 APPPATH\Config\Routes.php(55): CodeIgniter\Router\RouteCollection->group('', [...], Object(Closure))
 9 SYSTEMPATH\Router\RouteCollection.php(339): require('C:\\xampp\\htdocs\\ITE311-GOMEZ\\app\\Config\\Routes.php')
10 SYSTEMPATH\CodeIgniter.php(821): CodeIgniter\Router\RouteCollection->loadRoutes()
11 SYSTEMPATH\CodeIgniter.php(455): CodeIgniter\CodeIgniter->tryToRouteIt(null)
12 SYSTEMPATH\CodeIgniter.php(354): CodeIgniter\CodeIgniter->handleRequest(null, Object(Config\Cache), false)
13 SYSTEMPATH\Boot.php(363): CodeIgniter\CodeIgniter->run()
14 SYSTEMPATH\Boot.php(68): CodeIgniter\Boot::runCodeIgniter(Object(CodeIgniter\CodeIgniter))
15 FCPATH\index.php(59): CodeIgniter\Boot::bootWeb(Object(Config\Paths))
DEBUG - 2025-10-09 15:30:02 --> Session: Class initialized using 'CodeIgniter\Session\Handlers\FileHandler' driver.
WARNING - 2025-10-09 15:30:02 --> [DEPRECATED] Passing lowercase HTTP method "post" is deprecated. Use uppercase HTTP method like "POST". in SYSTEMPATH\Router\RouteCollection.php on line 1029.
 1 SYSTEMPATH\Router\RouteCollection.php(1029): trigger_error('Passing lowercase HTTP method "post" is deprecated. Use uppercase HTTP method like "POST".', 16384)
 2 APPPATH\Config\Routes.php(34): CodeIgniter\Router\RouteCollection->match([...], 'courses', 'Courses::store', [...])
 3 SYSTEMPATH\Router\RouteCollection.php(799): CodeIgniter\Router\RouteCollection->{closure}(Object(CodeIgniter\Router\RouteCollection))
 4 APPPATH\Config\Routes.php(41): CodeIgniter\Router\RouteCollection->group('admin', [...], Object(Closure))
 5 SYSTEMPATH\Router\RouteCollection.php(799): CodeIgniter\Router\RouteCollection->{closure}(Object(CodeIgniter\Router\RouteCollection))
 6 APPPATH\Config\Routes.php(54): CodeIgniter\Router\RouteCollection->group('', [...], Object(Closure))
 7 SYSTEMPATH\Router\RouteCollection.php(799): CodeIgniter\Router\RouteCollection->{closure}(Object(CodeIgniter\Router\RouteCollection))
 8 APPPATH\Config\Routes.php(55): CodeIgniter\Router\RouteCollection->group('', [...], Object(Closure))
 9 SYSTEMPATH\Router\RouteCollection.php(339): require('C:\\xampp\\htdocs\\ITE311-GOMEZ\\app\\Config\\Routes.php')
10 SYSTEMPATH\CodeIgniter.php(821): CodeIgniter\Router\RouteCollection->loadRoutes()
11 SYSTEMPATH\CodeIgniter.php(455): CodeIgniter\CodeIgniter->tryToRouteIt(null)
12 SYSTEMPATH\CodeIgniter.php(354): CodeIgniter\CodeIgniter->handleRequest(null, Object(Config\Cache), false)
13 SYSTEMPATH\Boot.php(363): CodeIgniter\CodeIgniter->run()
14 SYSTEMPATH\Boot.php(68): CodeIgniter\Boot::runCodeIgniter(Object(CodeIgniter\CodeIgniter))
15 FCPATH\index.php(59): CodeIgniter\Boot::bootWeb(Object(Config\Paths))
DEBUG - 2025-10-09 15:30:02 --> Session: Class initialized using 'CodeIgniter\Session\Handlers\FileHandler' driver.
WARNING - 2025-10-09 15:30:05 --> [DEPRECATED] Passing lowercase HTTP method "post" is deprecated. Use uppercase HTTP method like "POST". in SYSTEMPATH\Router\RouteCollection.php on line 1029.
 1 SYSTEMPATH\Router\RouteCollection.php(1029): trigger_error('Passing lowercase HTTP method "post" is deprecated. Use uppercase HTTP method like "POST".', 16384)
 2 APPPATH\Config\Routes.php(34): CodeIgniter\Router\RouteCollection->match([...], 'courses', 'Courses::store', [...])
 3 SYSTEMPATH\Router\RouteCollection.php(799): CodeIgniter\Router\RouteCollection->{closure}(Object(CodeIgniter\Router\RouteCollection))
 4 APPPATH\Config\Routes.php(41): CodeIgniter\Router\RouteCollection->group('admin', [...], Object(Closure))
 5 SYSTEMPATH\Router\RouteCollection.php(799): CodeIgniter\Router\RouteCollection->{closure}(Object(CodeIgniter\Router\RouteCollection))
 6 APPPATH\Config\Routes.php(54): CodeIgniter\Router\RouteCollection->group('', [...], Object(Closure))
 7 SYSTEMPATH\Router\RouteCollection.php(799): CodeIgniter\Router\RouteCollection->{closure}(Object(CodeIgniter\Router\RouteCollection))
 8 APPPATH\Config\Routes.php(55): CodeIgniter\Router\RouteCollection->group('', [...], Object(Closure))
 9 SYSTEMPATH\Router\RouteCollection.php(339): require('C:\\xampp\\htdocs\\ITE311-GOMEZ\\app\\Config\\Routes.php')
10 SYSTEMPATH\CodeIgniter.php(821): CodeIgniter\Router\RouteCollection->loadRoutes()
11 SYSTEMPATH\CodeIgniter.php(455): CodeIgniter\CodeIgniter->tryToRouteIt(null)
12 SYSTEMPATH\CodeIgniter.php(354): CodeIgniter\CodeIgniter->handleRequest(null, Object(Config\Cache), false)
13 SYSTEMPATH\Boot.php(363): CodeIgniter\CodeIgniter->run()
14 SYSTEMPATH\Boot.php(68): CodeIgniter\Boot::runCodeIgniter(Object(CodeIgniter\CodeIgniter))
15 FCPATH\index.php(59): CodeIgniter\Boot::bootWeb(Object(Config\Paths))
DEBUG - 2025-10-09 15:30:05 --> Session: Class initialized using 'CodeIgniter\Session\Handlers\FileHandler' driver.
WARNING - 2025-10-09 15:30:06 --> [DEPRECATED] Passing lowercase HTTP method "post" is deprecated. Use uppercase HTTP method like "POST". in SYSTEMPATH\Router\RouteCollection.php on line 1029.
 1 SYSTEMPATH\Router\RouteCollection.php(1029): trigger_error('Passing lowercase HTTP method "post" is deprecated. Use uppercase HTTP method like "POST".', 16384)
 2 APPPATH\Config\Routes.php(34): CodeIgniter\Router\RouteCollection->match([...], 'courses', 'Courses::store', [...])
 3 SYSTEMPATH\Router\RouteCollection.php(799): CodeIgniter\Router\RouteCollection->{closure}(Object(CodeIgniter\Router\RouteCollection))
 4 APPPATH\Config\Routes.php(41): CodeIgniter\Router\RouteCollection->group('admin', [...], Object(Closure))
 5 SYSTEMPATH\Router\RouteCollection.php(799): CodeIgniter\Router\RouteCollection->{closure}(Object(CodeIgniter\Router\RouteCollection))
 6 APPPATH\Config\Routes.php(54): CodeIgniter\Router\RouteCollection->group('', [...], Object(Closure))
 7 SYSTEMPATH\Router\RouteCollection.php(799): CodeIgniter\Router\RouteCollection->{closure}(Object(CodeIgniter\Router\RouteCollection))
 8 APPPATH\Config\Routes.php(55): CodeIgniter\Router\RouteCollection->group('', [...], Object(Closure))
 9 SYSTEMPATH\Router\RouteCollection.php(339): require('C:\\xampp\\htdocs\\ITE311-GOMEZ\\app\\Config\\Routes.php')
10 SYSTEMPATH\CodeIgniter.php(821): CodeIgniter\Router\RouteCollection->loadRoutes()
11 SYSTEMPATH\CodeIgniter.php(455): CodeIgniter\CodeIgniter->tryToRouteIt(null)
12 SYSTEMPATH\CodeIgniter.php(354): CodeIgniter\CodeIgniter->handleRequest(null, Object(Config\Cache), false)
13 SYSTEMPATH\Boot.php(363): CodeIgniter\CodeIgniter->run()
14 SYSTEMPATH\Boot.php(68): CodeIgniter\Boot::runCodeIgniter(Object(CodeIgniter\CodeIgniter))
15 FCPATH\index.php(59): CodeIgniter\Boot::bootWeb(Object(Config\Paths))
DEBUG - 2025-10-09 15:30:06 --> Session: Class initialized using 'CodeIgniter\Session\Handlers\FileHandler' driver.
WARNING - 2025-10-09 15:30:10 --> [DEPRECATED] Passing lowercase HTTP method "post" is deprecated. Use uppercase HTTP method like "POST". in SYSTEMPATH\Router\RouteCollection.php on line 1029.
 1 SYSTEMPATH\Router\RouteCollection.php(1029): trigger_error('Passing lowercase HTTP method "post" is deprecated. Use uppercase HTTP method like "POST".', 16384)
 2 APPPATH\Config\Routes.php(34): CodeIgniter\Router\RouteCollection->match([...], 'courses', 'Courses::store', [...])
 3 SYSTEMPATH\Router\RouteCollection.php(799): CodeIgniter\Router\RouteCollection->{closure}(Object(CodeIgniter\Router\RouteCollection))
 4 APPPATH\Config\Routes.php(41): CodeIgniter\Router\RouteCollection->group('admin', [...], Object(Closure))
 5 SYSTEMPATH\Router\RouteCollection.php(799): CodeIgniter\Router\RouteCollection->{closure}(Object(CodeIgniter\Router\RouteCollection))
 6 APPPATH\Config\Routes.php(54): CodeIgniter\Router\RouteCollection->group('', [...], Object(Closure))
 7 SYSTEMPATH\Router\RouteCollection.php(799): CodeIgniter\Router\RouteCollection->{closure}(Object(CodeIgniter\Router\RouteCollection))
 8 APPPATH\Config\Routes.php(55): CodeIgniter\Router\RouteCollection->group('', [...], Object(Closure))
 9 SYSTEMPATH\Router\RouteCollection.php(339): require('C:\\xampp\\htdocs\\ITE311-GOMEZ\\app\\Config\\Routes.php')
10 SYSTEMPATH\CodeIgniter.php(821): CodeIgniter\Router\RouteCollection->loadRoutes()
11 SYSTEMPATH\CodeIgniter.php(455): CodeIgniter\CodeIgniter->tryToRouteIt(null)
12 SYSTEMPATH\CodeIgniter.php(354): CodeIgniter\CodeIgniter->handleRequest(null, Object(Config\Cache), false)
13 SYSTEMPATH\Boot.php(363): CodeIgniter\CodeIgniter->run()
14 SYSTEMPATH\Boot.php(68): CodeIgniter\Boot::runCodeIgniter(Object(CodeIgniter\CodeIgniter))
15 FCPATH\index.php(59): CodeIgniter\Boot::bootWeb(Object(Config\Paths))
DEBUG - 2025-10-09 15:30:10 --> Session: Class initialized using 'CodeIgniter\Session\Handlers\FileHandler' driver.
WARNING - 2025-10-09 15:30:12 --> [DEPRECATED] Passing lowercase HTTP method "post" is deprecated. Use uppercase HTTP method like "POST". in SYSTEMPATH\Router\RouteCollection.php on line 1029.
 1 SYSTEMPATH\Router\RouteCollection.php(1029): trigger_error('Passing lowercase HTTP method "post" is deprecated. Use uppercase HTTP method like "POST".', 16384)
 2 APPPATH\Config\Routes.php(34): CodeIgniter\Router\RouteCollection->match([...], 'courses', 'Courses::store', [...])
 3 SYSTEMPATH\Router\RouteCollection.php(799): CodeIgniter\Router\RouteCollection->{closure}(Object(CodeIgniter\Router\RouteCollection))
 4 APPPATH\Config\Routes.php(41): CodeIgniter\Router\RouteCollection->group('admin', [...], Object(Closure))
 5 SYSTEMPATH\Router\RouteCollection.php(799): CodeIgniter\Router\RouteCollection->{closure}(Object(CodeIgniter\Router\RouteCollection))
 6 APPPATH\Config\Routes.php(54): CodeIgniter\Router\RouteCollection->group('', [...], Object(Closure))
 7 SYSTEMPATH\Router\RouteCollection.php(799): CodeIgniter\Router\RouteCollection->{closure}(Object(CodeIgniter\Router\RouteCollection))
 8 APPPATH\Config\Routes.php(55): CodeIgniter\Router\RouteCollection->group('', [...], Object(Closure))
 9 SYSTEMPATH\Router\RouteCollection.php(339): require('C:\\xampp\\htdocs\\ITE311-GOMEZ\\app\\Config\\Routes.php')
10 SYSTEMPATH\CodeIgniter.php(821): CodeIgniter\Router\RouteCollection->loadRoutes()
11 SYSTEMPATH\CodeIgniter.php(455): CodeIgniter\CodeIgniter->tryToRouteIt(null)
12 SYSTEMPATH\CodeIgniter.php(354): CodeIgniter\CodeIgniter->handleRequest(null, Object(Config\Cache), false)
13 SYSTEMPATH\Boot.php(363): CodeIgniter\CodeIgniter->run()
14 SYSTEMPATH\Boot.php(68): CodeIgniter\Boot::runCodeIgniter(Object(CodeIgniter\CodeIgniter))
15 FCPATH\index.php(59): CodeIgniter\Boot::bootWeb(Object(Config\Paths))
DEBUG - 2025-10-09 15:30:12 --> Session: Class initialized using 'CodeIgniter\Session\Handlers\FileHandler' driver.
WARNING - 2025-10-09 15:30:21 --> [DEPRECATED] Passing lowercase HTTP method "post" is deprecated. Use uppercase HTTP method like "POST". in SYSTEMPATH\Router\RouteCollection.php on line 1029.
 1 SYSTEMPATH\Router\RouteCollection.php(1029): trigger_error('Passing lowercase HTTP method "post" is deprecated. Use uppercase HTTP method like "POST".', 16384)
 2 APPPATH\Config\Routes.php(34): CodeIgniter\Router\RouteCollection->match([...], 'courses', 'Courses::store', [...])
 3 SYSTEMPATH\Router\RouteCollection.php(799): CodeIgniter\Router\RouteCollection->{closure}(Object(CodeIgniter\Router\RouteCollection))
 4 APPPATH\Config\Routes.php(41): CodeIgniter\Router\RouteCollection->group('admin', [...], Object(Closure))
 5 SYSTEMPATH\Router\RouteCollection.php(799): CodeIgniter\Router\RouteCollection->{closure}(Object(CodeIgniter\Router\RouteCollection))
 6 APPPATH\Config\Routes.php(54): CodeIgniter\Router\RouteCollection->group('', [...], Object(Closure))
 7 SYSTEMPATH\Router\RouteCollection.php(799): CodeIgniter\Router\RouteCollection->{closure}(Object(CodeIgniter\Router\RouteCollection))
 8 APPPATH\Config\Routes.php(55): CodeIgniter\Router\RouteCollection->group('', [...], Object(Closure))
 9 SYSTEMPATH\Router\RouteCollection.php(339): require('C:\\xampp\\htdocs\\ITE311-GOMEZ\\app\\Config\\Routes.php')
10 SYSTEMPATH\CodeIgniter.php(821): CodeIgniter\Router\RouteCollection->loadRoutes()
11 SYSTEMPATH\CodeIgniter.php(455): CodeIgniter\CodeIgniter->tryToRouteIt(null)
12 SYSTEMPATH\CodeIgniter.php(354): CodeIgniter\CodeIgniter->handleRequest(null, Object(Config\Cache), false)
13 SYSTEMPATH\Boot.php(363): CodeIgniter\CodeIgniter->run()
14 SYSTEMPATH\Boot.php(68): CodeIgniter\Boot::runCodeIgniter(Object(CodeIgniter\CodeIgniter))
15 FCPATH\index.php(59): CodeIgniter\Boot::bootWeb(Object(Config\Paths))
DEBUG - 2025-10-09 15:30:21 --> Session: Class initialized using 'CodeIgniter\Session\Handlers\FileHandler' driver.
DEBUG - 2025-10-09 15:30:21 --> Form data: Array
(
    [title] => mirai
    [description] => blah
    [teacher_id] => 3
)

WARNING - 2025-10-09 15:30:21 --> [DEPRECATED] Passing lowercase HTTP method "post" is deprecated. Use uppercase HTTP method like "POST". in SYSTEMPATH\Router\RouteCollection.php on line 1029.
 1 SYSTEMPATH\Router\RouteCollection.php(1029): trigger_error('Passing lowercase HTTP method "post" is deprecated. Use uppercase HTTP method like "POST".', 16384)
 2 APPPATH\Config\Routes.php(34): CodeIgniter\Router\RouteCollection->match([...], 'courses', 'Courses::store', [...])
 3 SYSTEMPATH\Router\RouteCollection.php(799): CodeIgniter\Router\RouteCollection->{closure}(Object(CodeIgniter\Router\RouteCollection))
 4 APPPATH\Config\Routes.php(41): CodeIgniter\Router\RouteCollection->group('admin', [...], Object(Closure))
 5 SYSTEMPATH\Router\RouteCollection.php(799): CodeIgniter\Router\RouteCollection->{closure}(Object(CodeIgniter\Router\RouteCollection))
 6 APPPATH\Config\Routes.php(54): CodeIgniter\Router\RouteCollection->group('', [...], Object(Closure))
 7 SYSTEMPATH\Router\RouteCollection.php(799): CodeIgniter\Router\RouteCollection->{closure}(Object(CodeIgniter\Router\RouteCollection))
 8 APPPATH\Config\Routes.php(55): CodeIgniter\Router\RouteCollection->group('', [...], Object(Closure))
 9 SYSTEMPATH\Router\RouteCollection.php(339): require('C:\\xampp\\htdocs\\ITE311-GOMEZ\\app\\Config\\Routes.php')
10 SYSTEMPATH\CodeIgniter.php(821): CodeIgniter\Router\RouteCollection->loadRoutes()
11 SYSTEMPATH\CodeIgniter.php(455): CodeIgniter\CodeIgniter->tryToRouteIt(null)
12 SYSTEMPATH\CodeIgniter.php(354): CodeIgniter\CodeIgniter->handleRequest(null, Object(Config\Cache), false)
13 SYSTEMPATH\Boot.php(363): CodeIgniter\CodeIgniter->run()
14 SYSTEMPATH\Boot.php(68): CodeIgniter\Boot::runCodeIgniter(Object(CodeIgniter\CodeIgniter))
15 FCPATH\index.php(59): CodeIgniter\Boot::bootWeb(Object(Config\Paths))
DEBUG - 2025-10-09 15:30:21 --> Session: Class initialized using 'CodeIgniter\Session\Handlers\FileHandler' driver.
WARNING - 2025-10-09 15:30:24 --> [DEPRECATED] Passing lowercase HTTP method "post" is deprecated. Use uppercase HTTP method like "POST". in SYSTEMPATH\Router\RouteCollection.php on line 1029.
 1 SYSTEMPATH\Router\RouteCollection.php(1029): trigger_error('Passing lowercase HTTP method "post" is deprecated. Use uppercase HTTP method like "POST".', 16384)
 2 APPPATH\Config\Routes.php(34): CodeIgniter\Router\RouteCollection->match([...], 'courses', 'Courses::store', [...])
 3 SYSTEMPATH\Router\RouteCollection.php(799): CodeIgniter\Router\RouteCollection->{closure}(Object(CodeIgniter\Router\RouteCollection))
 4 APPPATH\Config\Routes.php(41): CodeIgniter\Router\RouteCollection->group('admin', [...], Object(Closure))
 5 SYSTEMPATH\Router\RouteCollection.php(799): CodeIgniter\Router\RouteCollection->{closure}(Object(CodeIgniter\Router\RouteCollection))
 6 APPPATH\Config\Routes.php(54): CodeIgniter\Router\RouteCollection->group('', [...], Object(Closure))
 7 SYSTEMPATH\Router\RouteCollection.php(799): CodeIgniter\Router\RouteCollection->{closure}(Object(CodeIgniter\Router\RouteCollection))
 8 APPPATH\Config\Routes.php(55): CodeIgniter\Router\RouteCollection->group('', [...], Object(Closure))
 9 SYSTEMPATH\Router\RouteCollection.php(339): require('C:\\xampp\\htdocs\\ITE311-GOMEZ\\app\\Config\\Routes.php')
10 SYSTEMPATH\CodeIgniter.php(821): CodeIgniter\Router\RouteCollection->loadRoutes()
11 SYSTEMPATH\CodeIgniter.php(455): CodeIgniter\CodeIgniter->tryToRouteIt(null)
12 SYSTEMPATH\CodeIgniter.php(354): CodeIgniter\CodeIgniter->handleRequest(null, Object(Config\Cache), false)
13 SYSTEMPATH\Boot.php(363): CodeIgniter\CodeIgniter->run()
14 SYSTEMPATH\Boot.php(68): CodeIgniter\Boot::runCodeIgniter(Object(CodeIgniter\CodeIgniter))
15 FCPATH\index.php(59): CodeIgniter\Boot::bootWeb(Object(Config\Paths))
DEBUG - 2025-10-09 15:30:24 --> Session: Class initialized using 'CodeIgniter\Session\Handlers\FileHandler' driver.
WARNING - 2025-10-09 15:30:24 --> [DEPRECATED] Passing lowercase HTTP method "post" is deprecated. Use uppercase HTTP method like "POST". in SYSTEMPATH\Router\RouteCollection.php on line 1029.
 1 SYSTEMPATH\Router\RouteCollection.php(1029): trigger_error('Passing lowercase HTTP method "post" is deprecated. Use uppercase HTTP method like "POST".', 16384)
 2 APPPATH\Config\Routes.php(34): CodeIgniter\Router\RouteCollection->match([...], 'courses', 'Courses::store', [...])
 3 SYSTEMPATH\Router\RouteCollection.php(799): CodeIgniter\Router\RouteCollection->{closure}(Object(CodeIgniter\Router\RouteCollection))
 4 APPPATH\Config\Routes.php(41): CodeIgniter\Router\RouteCollection->group('admin', [...], Object(Closure))
 5 SYSTEMPATH\Router\RouteCollection.php(799): CodeIgniter\Router\RouteCollection->{closure}(Object(CodeIgniter\Router\RouteCollection))
 6 APPPATH\Config\Routes.php(54): CodeIgniter\Router\RouteCollection->group('', [...], Object(Closure))
 7 SYSTEMPATH\Router\RouteCollection.php(799): CodeIgniter\Router\RouteCollection->{closure}(Object(CodeIgniter\Router\RouteCollection))
 8 APPPATH\Config\Routes.php(55): CodeIgniter\Router\RouteCollection->group('', [...], Object(Closure))
 9 SYSTEMPATH\Router\RouteCollection.php(339): require('C:\\xampp\\htdocs\\ITE311-GOMEZ\\app\\Config\\Routes.php')
10 SYSTEMPATH\CodeIgniter.php(821): CodeIgniter\Router\RouteCollection->loadRoutes()
11 SYSTEMPATH\CodeIgniter.php(455): CodeIgniter\CodeIgniter->tryToRouteIt(null)
12 SYSTEMPATH\CodeIgniter.php(354): CodeIgniter\CodeIgniter->handleRequest(null, Object(Config\Cache), false)
13 SYSTEMPATH\Boot.php(363): CodeIgniter\CodeIgniter->run()
14 SYSTEMPATH\Boot.php(68): CodeIgniter\Boot::runCodeIgniter(Object(CodeIgniter\CodeIgniter))
15 FCPATH\index.php(59): CodeIgniter\Boot::bootWeb(Object(Config\Paths))
DEBUG - 2025-10-09 15:30:24 --> Session: Class initialized using 'CodeIgniter\Session\Handlers\FileHandler' driver.
WARNING - 2025-10-09 15:30:28 --> [DEPRECATED] Passing lowercase HTTP method "post" is deprecated. Use uppercase HTTP method like "POST". in SYSTEMPATH\Router\RouteCollection.php on line 1029.
 1 SYSTEMPATH\Router\RouteCollection.php(1029): trigger_error('Passing lowercase HTTP method "post" is deprecated. Use uppercase HTTP method like "POST".', 16384)
 2 APPPATH\Config\Routes.php(34): CodeIgniter\Router\RouteCollection->match([...], 'courses', 'Courses::store', [...])
 3 SYSTEMPATH\Router\RouteCollection.php(799): CodeIgniter\Router\RouteCollection->{closure}(Object(CodeIgniter\Router\RouteCollection))
 4 APPPATH\Config\Routes.php(41): CodeIgniter\Router\RouteCollection->group('admin', [...], Object(Closure))
 5 SYSTEMPATH\Router\RouteCollection.php(799): CodeIgniter\Router\RouteCollection->{closure}(Object(CodeIgniter\Router\RouteCollection))
 6 APPPATH\Config\Routes.php(54): CodeIgniter\Router\RouteCollection->group('', [...], Object(Closure))
 7 SYSTEMPATH\Router\RouteCollection.php(799): CodeIgniter\Router\RouteCollection->{closure}(Object(CodeIgniter\Router\RouteCollection))
 8 APPPATH\Config\Routes.php(55): CodeIgniter\Router\RouteCollection->group('', [...], Object(Closure))
 9 SYSTEMPATH\Router\RouteCollection.php(339): require('C:\\xampp\\htdocs\\ITE311-GOMEZ\\app\\Config\\Routes.php')
10 SYSTEMPATH\CodeIgniter.php(821): CodeIgniter\Router\RouteCollection->loadRoutes()
11 SYSTEMPATH\CodeIgniter.php(455): CodeIgniter\CodeIgniter->tryToRouteIt(null)
12 SYSTEMPATH\CodeIgniter.php(354): CodeIgniter\CodeIgniter->handleRequest(null, Object(Config\Cache), false)
13 SYSTEMPATH\Boot.php(363): CodeIgniter\CodeIgniter->run()
14 SYSTEMPATH\Boot.php(68): CodeIgniter\Boot::runCodeIgniter(Object(CodeIgniter\CodeIgniter))
15 FCPATH\index.php(59): CodeIgniter\Boot::bootWeb(Object(Config\Paths))
DEBUG - 2025-10-09 15:30:28 --> Session: Class initialized using 'CodeIgniter\Session\Handlers\FileHandler' driver.
WARNING - 2025-10-09 15:30:28 --> [DEPRECATED] Passing lowercase HTTP method "post" is deprecated. Use uppercase HTTP method like "POST". in SYSTEMPATH\Router\RouteCollection.php on line 1029.
 1 SYSTEMPATH\Router\RouteCollection.php(1029): trigger_error('Passing lowercase HTTP method "post" is deprecated. Use uppercase HTTP method like "POST".', 16384)
 2 APPPATH\Config\Routes.php(34): CodeIgniter\Router\RouteCollection->match([...], 'courses', 'Courses::store', [...])
 3 SYSTEMPATH\Router\RouteCollection.php(799): CodeIgniter\Router\RouteCollection->{closure}(Object(CodeIgniter\Router\RouteCollection))
 4 APPPATH\Config\Routes.php(41): CodeIgniter\Router\RouteCollection->group('admin', [...], Object(Closure))
 5 SYSTEMPATH\Router\RouteCollection.php(799): CodeIgniter\Router\RouteCollection->{closure}(Object(CodeIgniter\Router\RouteCollection))
 6 APPPATH\Config\Routes.php(54): CodeIgniter\Router\RouteCollection->group('', [...], Object(Closure))
 7 SYSTEMPATH\Router\RouteCollection.php(799): CodeIgniter\Router\RouteCollection->{closure}(Object(CodeIgniter\Router\RouteCollection))
 8 APPPATH\Config\Routes.php(55): CodeIgniter\Router\RouteCollection->group('', [...], Object(Closure))
 9 SYSTEMPATH\Router\RouteCollection.php(339): require('C:\\xampp\\htdocs\\ITE311-GOMEZ\\app\\Config\\Routes.php')
10 SYSTEMPATH\CodeIgniter.php(821): CodeIgniter\Router\RouteCollection->loadRoutes()
11 SYSTEMPATH\CodeIgniter.php(455): CodeIgniter\CodeIgniter->tryToRouteIt(null)
12 SYSTEMPATH\CodeIgniter.php(354): CodeIgniter\CodeIgniter->handleRequest(null, Object(Config\Cache), false)
13 SYSTEMPATH\Boot.php(363): CodeIgniter\CodeIgniter->run()
14 SYSTEMPATH\Boot.php(68): CodeIgniter\Boot::runCodeIgniter(Object(CodeIgniter\CodeIgniter))
15 FCPATH\index.php(59): CodeIgniter\Boot::bootWeb(Object(Config\Paths))
DEBUG - 2025-10-09 15:30:28 --> Session: Class initialized using 'CodeIgniter\Session\Handlers\FileHandler' driver.
WARNING - 2025-10-09 15:30:30 --> [DEPRECATED] Passing lowercase HTTP method "post" is deprecated. Use uppercase HTTP method like "POST". in SYSTEMPATH\Router\RouteCollection.php on line 1029.
 1 SYSTEMPATH\Router\RouteCollection.php(1029): trigger_error('Passing lowercase HTTP method "post" is deprecated. Use uppercase HTTP method like "POST".', 16384)
 2 APPPATH\Config\Routes.php(34): CodeIgniter\Router\RouteCollection->match([...], 'courses', 'Courses::store', [...])
 3 SYSTEMPATH\Router\RouteCollection.php(799): CodeIgniter\Router\RouteCollection->{closure}(Object(CodeIgniter\Router\RouteCollection))
 4 APPPATH\Config\Routes.php(41): CodeIgniter\Router\RouteCollection->group('admin', [...], Object(Closure))
 5 SYSTEMPATH\Router\RouteCollection.php(799): CodeIgniter\Router\RouteCollection->{closure}(Object(CodeIgniter\Router\RouteCollection))
 6 APPPATH\Config\Routes.php(54): CodeIgniter\Router\RouteCollection->group('', [...], Object(Closure))
 7 SYSTEMPATH\Router\RouteCollection.php(799): CodeIgniter\Router\RouteCollection->{closure}(Object(CodeIgniter\Router\RouteCollection))
 8 APPPATH\Config\Routes.php(55): CodeIgniter\Router\RouteCollection->group('', [...], Object(Closure))
 9 SYSTEMPATH\Router\RouteCollection.php(339): require('C:\\xampp\\htdocs\\ITE311-GOMEZ\\app\\Config\\Routes.php')
10 SYSTEMPATH\CodeIgniter.php(821): CodeIgniter\Router\RouteCollection->loadRoutes()
11 SYSTEMPATH\CodeIgniter.php(455): CodeIgniter\CodeIgniter->tryToRouteIt(null)
12 SYSTEMPATH\CodeIgniter.php(354): CodeIgniter\CodeIgniter->handleRequest(null, Object(Config\Cache), false)
13 SYSTEMPATH\Boot.php(363): CodeIgniter\CodeIgniter->run()
14 SYSTEMPATH\Boot.php(68): CodeIgniter\Boot::runCodeIgniter(Object(CodeIgniter\CodeIgniter))
15 FCPATH\index.php(59): CodeIgniter\Boot::bootWeb(Object(Config\Paths))
DEBUG - 2025-10-09 15:30:30 --> Session: Class initialized using 'CodeIgniter\Session\Handlers\FileHandler' driver.
WARNING - 2025-10-09 15:30:31 --> [DEPRECATED] Passing lowercase HTTP method "post" is deprecated. Use uppercase HTTP method like "POST". in SYSTEMPATH\Router\RouteCollection.php on line 1029.
 1 SYSTEMPATH\Router\RouteCollection.php(1029): trigger_error('Passing lowercase HTTP method "post" is deprecated. Use uppercase HTTP method like "POST".', 16384)
 2 APPPATH\Config\Routes.php(34): CodeIgniter\Router\RouteCollection->match([...], 'courses', 'Courses::store', [...])
 3 SYSTEMPATH\Router\RouteCollection.php(799): CodeIgniter\Router\RouteCollection->{closure}(Object(CodeIgniter\Router\RouteCollection))
 4 APPPATH\Config\Routes.php(41): CodeIgniter\Router\RouteCollection->group('admin', [...], Object(Closure))
 5 SYSTEMPATH\Router\RouteCollection.php(799): CodeIgniter\Router\RouteCollection->{closure}(Object(CodeIgniter\Router\RouteCollection))
 6 APPPATH\Config\Routes.php(54): CodeIgniter\Router\RouteCollection->group('', [...], Object(Closure))
 7 SYSTEMPATH\Router\RouteCollection.php(799): CodeIgniter\Router\RouteCollection->{closure}(Object(CodeIgniter\Router\RouteCollection))
 8 APPPATH\Config\Routes.php(55): CodeIgniter\Router\RouteCollection->group('', [...], Object(Closure))
 9 SYSTEMPATH\Router\RouteCollection.php(339): require('C:\\xampp\\htdocs\\ITE311-GOMEZ\\app\\Config\\Routes.php')
10 SYSTEMPATH\CodeIgniter.php(821): CodeIgniter\Router\RouteCollection->loadRoutes()
11 SYSTEMPATH\CodeIgniter.php(455): CodeIgniter\CodeIgniter->tryToRouteIt(null)
12 SYSTEMPATH\CodeIgniter.php(354): CodeIgniter\CodeIgniter->handleRequest(null, Object(Config\Cache), false)
13 SYSTEMPATH\Boot.php(363): CodeIgniter\CodeIgniter->run()
14 SYSTEMPATH\Boot.php(68): CodeIgniter\Boot::runCodeIgniter(Object(CodeIgniter\CodeIgniter))
15 FCPATH\index.php(59): CodeIgniter\Boot::bootWeb(Object(Config\Paths))
DEBUG - 2025-10-09 15:30:31 --> Session: Class initialized using 'CodeIgniter\Session\Handlers\FileHandler' driver.
ERROR - 2025-10-09 15:30:31 --> mysqli_sql_exception: Column 'student_id' cannot be null in C:\xampp\htdocs\ITE311-GOMEZ\system\Database\MySQLi\Connection.php:327
Stack trace:
#0 C:\xampp\htdocs\ITE311-GOMEZ\system\Database\MySQLi\Connection.php(327): mysqli->query('INSERT INTO `en...', 0)
#1 C:\xampp\htdocs\ITE311-GOMEZ\system\Database\BaseConnection.php(729): CodeIgniter\Database\MySQLi\Connection->execute('INSERT INTO `en...')
#2 C:\xampp\htdocs\ITE311-GOMEZ\system\Database\BaseConnection.php(646): CodeIgniter\Database\BaseConnection->simpleQuery('INSERT INTO `en...')
#3 C:\xampp\htdocs\ITE311-GOMEZ\system\Database\BaseBuilder.php(2345): CodeIgniter\Database\BaseConnection->query('INSERT INTO `en...', Array, false)
#4 C:\xampp\htdocs\ITE311-GOMEZ\app\Controllers\Student\Courses.php(162): CodeIgniter\Database\BaseBuilder->insert(Array)
#5 C:\xampp\htdocs\ITE311-GOMEZ\system\CodeIgniter.php(933): App\Controllers\Student\Courses->enroll('1')
#6 C:\xampp\htdocs\ITE311-GOMEZ\system\CodeIgniter.php(507): CodeIgniter\CodeIgniter->runController(Object(App\Controllers\Student\Courses))
#7 C:\xampp\htdocs\ITE311-GOMEZ\system\CodeIgniter.php(354): CodeIgniter\CodeIgniter->handleRequest(NULL, Object(Config\Cache), false)
#8 C:\xampp\htdocs\ITE311-GOMEZ\system\Boot.php(363): CodeIgniter\CodeIgniter->run()
#9 C:\xampp\htdocs\ITE311-GOMEZ\system\Boot.php(68): CodeIgniter\Boot::runCodeIgniter(Object(CodeIgniter\CodeIgniter))
#10 C:\xampp\htdocs\ITE311-GOMEZ\public\index.php(59): CodeIgniter\Boot::bootWeb(Object(Config\Paths))
#11 {main}
ERROR - 2025-10-09 15:30:31 --> Enrollment error: Column 'student_id' cannot be null
WARNING - 2025-10-09 15:30:31 --> [DEPRECATED] Passing lowercase HTTP method "post" is deprecated. Use uppercase HTTP method like "POST". in SYSTEMPATH\Router\RouteCollection.php on line 1029.
 1 SYSTEMPATH\Router\RouteCollection.php(1029): trigger_error('Passing lowercase HTTP method "post" is deprecated. Use uppercase HTTP method like "POST".', 16384)
 2 APPPATH\Config\Routes.php(34): CodeIgniter\Router\RouteCollection->match([...], 'courses', 'Courses::store', [...])
 3 SYSTEMPATH\Router\RouteCollection.php(799): CodeIgniter\Router\RouteCollection->{closure}(Object(CodeIgniter\Router\RouteCollection))
 4 APPPATH\Config\Routes.php(41): CodeIgniter\Router\RouteCollection->group('admin', [...], Object(Closure))
 5 SYSTEMPATH\Router\RouteCollection.php(799): CodeIgniter\Router\RouteCollection->{closure}(Object(CodeIgniter\Router\RouteCollection))
 6 APPPATH\Config\Routes.php(54): CodeIgniter\Router\RouteCollection->group('', [...], Object(Closure))
 7 SYSTEMPATH\Router\RouteCollection.php(799): CodeIgniter\Router\RouteCollection->{closure}(Object(CodeIgniter\Router\RouteCollection))
 8 APPPATH\Config\Routes.php(55): CodeIgniter\Router\RouteCollection->group('', [...], Object(Closure))
 9 SYSTEMPATH\Router\RouteCollection.php(339): require('C:\\xampp\\htdocs\\ITE311-GOMEZ\\app\\Config\\Routes.php')
10 SYSTEMPATH\CodeIgniter.php(821): CodeIgniter\Router\RouteCollection->loadRoutes()
11 SYSTEMPATH\CodeIgniter.php(455): CodeIgniter\CodeIgniter->tryToRouteIt(null)
12 SYSTEMPATH\CodeIgniter.php(354): CodeIgniter\CodeIgniter->handleRequest(null, Object(Config\Cache), false)
13 SYSTEMPATH\Boot.php(363): CodeIgniter\CodeIgniter->run()
14 SYSTEMPATH\Boot.php(68): CodeIgniter\Boot::runCodeIgniter(Object(CodeIgniter\CodeIgniter))
15 FCPATH\index.php(59): CodeIgniter\Boot::bootWeb(Object(Config\Paths))
DEBUG - 2025-10-09 15:30:31 --> Session: Class initialized using 'CodeIgniter\Session\Handlers\FileHandler' driver.
WARNING - 2025-10-09 15:30:39 --> [DEPRECATED] Passing lowercase HTTP method "post" is deprecated. Use uppercase HTTP method like "POST". in SYSTEMPATH\Router\RouteCollection.php on line 1029.
 1 SYSTEMPATH\Router\RouteCollection.php(1029): trigger_error('Passing lowercase HTTP method "post" is deprecated. Use uppercase HTTP method like "POST".', 16384)
 2 APPPATH\Config\Routes.php(34): CodeIgniter\Router\RouteCollection->match([...], 'courses', 'Courses::store', [...])
 3 SYSTEMPATH\Router\RouteCollection.php(799): CodeIgniter\Router\RouteCollection->{closure}(Object(CodeIgniter\Router\RouteCollection))
 4 APPPATH\Config\Routes.php(41): CodeIgniter\Router\RouteCollection->group('admin', [...], Object(Closure))
 5 SYSTEMPATH\Router\RouteCollection.php(799): CodeIgniter\Router\RouteCollection->{closure}(Object(CodeIgniter\Router\RouteCollection))
 6 APPPATH\Config\Routes.php(54): CodeIgniter\Router\RouteCollection->group('', [...], Object(Closure))
 7 SYSTEMPATH\Router\RouteCollection.php(799): CodeIgniter\Router\RouteCollection->{closure}(Object(CodeIgniter\Router\RouteCollection))
 8 APPPATH\Config\Routes.php(55): CodeIgniter\Router\RouteCollection->group('', [...], Object(Closure))
 9 SYSTEMPATH\Router\RouteCollection.php(339): require('C:\\xampp\\htdocs\\ITE311-GOMEZ\\app\\Config\\Routes.php')
10 SYSTEMPATH\CodeIgniter.php(821): CodeIgniter\Router\RouteCollection->loadRoutes()
11 SYSTEMPATH\CodeIgniter.php(455): CodeIgniter\CodeIgniter->tryToRouteIt(null)
12 SYSTEMPATH\CodeIgniter.php(354): CodeIgniter\CodeIgniter->handleRequest(null, Object(Config\Cache), false)
13 SYSTEMPATH\Boot.php(363): CodeIgniter\CodeIgniter->run()
14 SYSTEMPATH\Boot.php(68): CodeIgniter\Boot::runCodeIgniter(Object(CodeIgniter\CodeIgniter))
15 FCPATH\index.php(59): CodeIgniter\Boot::bootWeb(Object(Config\Paths))
DEBUG - 2025-10-09 15:30:39 --> Session: Class initialized using 'CodeIgniter\Session\Handlers\FileHandler' driver.
ERROR - 2025-10-09 15:30:39 --> mysqli_sql_exception: Column 'student_id' cannot be null in C:\xampp\htdocs\ITE311-GOMEZ\system\Database\MySQLi\Connection.php:327
Stack trace:
#0 C:\xampp\htdocs\ITE311-GOMEZ\system\Database\MySQLi\Connection.php(327): mysqli->query('INSERT INTO `en...', 0)
#1 C:\xampp\htdocs\ITE311-GOMEZ\system\Database\BaseConnection.php(729): CodeIgniter\Database\MySQLi\Connection->execute('INSERT INTO `en...')
#2 C:\xampp\htdocs\ITE311-GOMEZ\system\Database\BaseConnection.php(646): CodeIgniter\Database\BaseConnection->simpleQuery('INSERT INTO `en...')
#3 C:\xampp\htdocs\ITE311-GOMEZ\system\Database\BaseBuilder.php(2345): CodeIgniter\Database\BaseConnection->query('INSERT INTO `en...', Array, false)
#4 C:\xampp\htdocs\ITE311-GOMEZ\app\Controllers\Student\Courses.php(162): CodeIgniter\Database\BaseBuilder->insert(Array)
#5 C:\xampp\htdocs\ITE311-GOMEZ\system\CodeIgniter.php(933): App\Controllers\Student\Courses->enroll('1')
#6 C:\xampp\htdocs\ITE311-GOMEZ\system\CodeIgniter.php(507): CodeIgniter\CodeIgniter->runController(Object(App\Controllers\Student\Courses))
#7 C:\xampp\htdocs\ITE311-GOMEZ\system\CodeIgniter.php(354): CodeIgniter\CodeIgniter->handleRequest(NULL, Object(Config\Cache), false)
#8 C:\xampp\htdocs\ITE311-GOMEZ\system\Boot.php(363): CodeIgniter\CodeIgniter->run()
#9 C:\xampp\htdocs\ITE311-GOMEZ\system\Boot.php(68): CodeIgniter\Boot::runCodeIgniter(Object(CodeIgniter\CodeIgniter))
#10 C:\xampp\htdocs\ITE311-GOMEZ\public\index.php(59): CodeIgniter\Boot::bootWeb(Object(Config\Paths))
#11 {main}
ERROR - 2025-10-09 15:30:39 --> Enrollment error: Column 'student_id' cannot be null
WARNING - 2025-10-09 15:30:40 --> [DEPRECATED] Passing lowercase HTTP method "post" is deprecated. Use uppercase HTTP method like "POST". in SYSTEMPATH\Router\RouteCollection.php on line 1029.
 1 SYSTEMPATH\Router\RouteCollection.php(1029): trigger_error('Passing lowercase HTTP method "post" is deprecated. Use uppercase HTTP method like "POST".', 16384)
 2 APPPATH\Config\Routes.php(34): CodeIgniter\Router\RouteCollection->match([...], 'courses', 'Courses::store', [...])
 3 SYSTEMPATH\Router\RouteCollection.php(799): CodeIgniter\Router\RouteCollection->{closure}(Object(CodeIgniter\Router\RouteCollection))
 4 APPPATH\Config\Routes.php(41): CodeIgniter\Router\RouteCollection->group('admin', [...], Object(Closure))
 5 SYSTEMPATH\Router\RouteCollection.php(799): CodeIgniter\Router\RouteCollection->{closure}(Object(CodeIgniter\Router\RouteCollection))
 6 APPPATH\Config\Routes.php(54): CodeIgniter\Router\RouteCollection->group('', [...], Object(Closure))
 7 SYSTEMPATH\Router\RouteCollection.php(799): CodeIgniter\Router\RouteCollection->{closure}(Object(CodeIgniter\Router\RouteCollection))
 8 APPPATH\Config\Routes.php(55): CodeIgniter\Router\RouteCollection->group('', [...], Object(Closure))
 9 SYSTEMPATH\Router\RouteCollection.php(339): require('C:\\xampp\\htdocs\\ITE311-GOMEZ\\app\\Config\\Routes.php')
10 SYSTEMPATH\CodeIgniter.php(821): CodeIgniter\Router\RouteCollection->loadRoutes()
11 SYSTEMPATH\CodeIgniter.php(455): CodeIgniter\CodeIgniter->tryToRouteIt(null)
12 SYSTEMPATH\CodeIgniter.php(354): CodeIgniter\CodeIgniter->handleRequest(null, Object(Config\Cache), false)
13 SYSTEMPATH\Boot.php(363): CodeIgniter\CodeIgniter->run()
14 SYSTEMPATH\Boot.php(68): CodeIgniter\Boot::runCodeIgniter(Object(CodeIgniter\CodeIgniter))
15 FCPATH\index.php(59): CodeIgniter\Boot::bootWeb(Object(Config\Paths))
DEBUG - 2025-10-09 15:30:40 --> Session: Class initialized using 'CodeIgniter\Session\Handlers\FileHandler' driver.
WARNING - 2025-10-09 15:31:50 --> [DEPRECATED] Passing lowercase HTTP method "post" is deprecated. Use uppercase HTTP method like "POST". in SYSTEMPATH\Router\RouteCollection.php on line 1029.
 1 SYSTEMPATH\Router\RouteCollection.php(1029): trigger_error('Passing lowercase HTTP method "post" is deprecated. Use uppercase HTTP method like "POST".', 16384)
 2 APPPATH\Config\Routes.php(34): CodeIgniter\Router\RouteCollection->match([...], 'courses', 'Courses::store', [...])
 3 SYSTEMPATH\Router\RouteCollection.php(799): CodeIgniter\Router\RouteCollection->{closure}(Object(CodeIgniter\Router\RouteCollection))
 4 APPPATH\Config\Routes.php(41): CodeIgniter\Router\RouteCollection->group('admin', [...], Object(Closure))
 5 SYSTEMPATH\Router\RouteCollection.php(799): CodeIgniter\Router\RouteCollection->{closure}(Object(CodeIgniter\Router\RouteCollection))
 6 APPPATH\Config\Routes.php(54): CodeIgniter\Router\RouteCollection->group('', [...], Object(Closure))
 7 SYSTEMPATH\Router\RouteCollection.php(799): CodeIgniter\Router\RouteCollection->{closure}(Object(CodeIgniter\Router\RouteCollection))
 8 APPPATH\Config\Routes.php(55): CodeIgniter\Router\RouteCollection->group('', [...], Object(Closure))
 9 SYSTEMPATH\Router\RouteCollection.php(339): require('C:\\xampp\\htdocs\\ITE311-GOMEZ\\app\\Config\\Routes.php')
10 SYSTEMPATH\CodeIgniter.php(821): CodeIgniter\Router\RouteCollection->loadRoutes()
11 SYSTEMPATH\CodeIgniter.php(455): CodeIgniter\CodeIgniter->tryToRouteIt(null)
12 SYSTEMPATH\CodeIgniter.php(354): CodeIgniter\CodeIgniter->handleRequest(null, Object(Config\Cache), false)
13 SYSTEMPATH\Boot.php(363): CodeIgniter\CodeIgniter->run()
14 SYSTEMPATH\Boot.php(68): CodeIgniter\Boot::runCodeIgniter(Object(CodeIgniter\CodeIgniter))
15 FCPATH\index.php(59): CodeIgniter\Boot::bootWeb(Object(Config\Paths))
DEBUG - 2025-10-09 15:31:50 --> Session: Class initialized using 'CodeIgniter\Session\Handlers\FileHandler' driver.
WARNING - 2025-10-09 15:31:52 --> [DEPRECATED] Passing lowercase HTTP method "post" is deprecated. Use uppercase HTTP method like "POST". in SYSTEMPATH\Router\RouteCollection.php on line 1029.
 1 SYSTEMPATH\Router\RouteCollection.php(1029): trigger_error('Passing lowercase HTTP method "post" is deprecated. Use uppercase HTTP method like "POST".', 16384)
 2 APPPATH\Config\Routes.php(34): CodeIgniter\Router\RouteCollection->match([...], 'courses', 'Courses::store', [...])
 3 SYSTEMPATH\Router\RouteCollection.php(799): CodeIgniter\Router\RouteCollection->{closure}(Object(CodeIgniter\Router\RouteCollection))
 4 APPPATH\Config\Routes.php(41): CodeIgniter\Router\RouteCollection->group('admin', [...], Object(Closure))
 5 SYSTEMPATH\Router\RouteCollection.php(799): CodeIgniter\Router\RouteCollection->{closure}(Object(CodeIgniter\Router\RouteCollection))
 6 APPPATH\Config\Routes.php(54): CodeIgniter\Router\RouteCollection->group('', [...], Object(Closure))
 7 SYSTEMPATH\Router\RouteCollection.php(799): CodeIgniter\Router\RouteCollection->{closure}(Object(CodeIgniter\Router\RouteCollection))
 8 APPPATH\Config\Routes.php(55): CodeIgniter\Router\RouteCollection->group('', [...], Object(Closure))
 9 SYSTEMPATH\Router\RouteCollection.php(339): require('C:\\xampp\\htdocs\\ITE311-GOMEZ\\app\\Config\\Routes.php')
10 SYSTEMPATH\CodeIgniter.php(821): CodeIgniter\Router\RouteCollection->loadRoutes()
11 SYSTEMPATH\CodeIgniter.php(455): CodeIgniter\CodeIgniter->tryToRouteIt(null)
12 SYSTEMPATH\CodeIgniter.php(354): CodeIgniter\CodeIgniter->handleRequest(null, Object(Config\Cache), false)
13 SYSTEMPATH\Boot.php(363): CodeIgniter\CodeIgniter->run()
14 SYSTEMPATH\Boot.php(68): CodeIgniter\Boot::runCodeIgniter(Object(CodeIgniter\CodeIgniter))
15 FCPATH\index.php(59): CodeIgniter\Boot::bootWeb(Object(Config\Paths))
DEBUG - 2025-10-09 15:31:52 --> Session: Class initialized using 'CodeIgniter\Session\Handlers\FileHandler' driver.
ERROR - 2025-10-09 15:31:52 --> mysqli_sql_exception: Column 'student_id' cannot be null in C:\xampp\htdocs\ITE311-GOMEZ\system\Database\MySQLi\Connection.php:327
Stack trace:
#0 C:\xampp\htdocs\ITE311-GOMEZ\system\Database\MySQLi\Connection.php(327): mysqli->query('INSERT INTO `en...', 0)
#1 C:\xampp\htdocs\ITE311-GOMEZ\system\Database\BaseConnection.php(729): CodeIgniter\Database\MySQLi\Connection->execute('INSERT INTO `en...')
#2 C:\xampp\htdocs\ITE311-GOMEZ\system\Database\BaseConnection.php(646): CodeIgniter\Database\BaseConnection->simpleQuery('INSERT INTO `en...')
#3 C:\xampp\htdocs\ITE311-GOMEZ\system\Database\BaseBuilder.php(2345): CodeIgniter\Database\BaseConnection->query('INSERT INTO `en...', Array, false)
#4 C:\xampp\htdocs\ITE311-GOMEZ\app\Controllers\Student\Courses.php(162): CodeIgniter\Database\BaseBuilder->insert(Array)
#5 C:\xampp\htdocs\ITE311-GOMEZ\system\CodeIgniter.php(933): App\Controllers\Student\Courses->enroll('1')
#6 C:\xampp\htdocs\ITE311-GOMEZ\system\CodeIgniter.php(507): CodeIgniter\CodeIgniter->runController(Object(App\Controllers\Student\Courses))
#7 C:\xampp\htdocs\ITE311-GOMEZ\system\CodeIgniter.php(354): CodeIgniter\CodeIgniter->handleRequest(NULL, Object(Config\Cache), false)
#8 C:\xampp\htdocs\ITE311-GOMEZ\system\Boot.php(363): CodeIgniter\CodeIgniter->run()
#9 C:\xampp\htdocs\ITE311-GOMEZ\system\Boot.php(68): CodeIgniter\Boot::runCodeIgniter(Object(CodeIgniter\CodeIgniter))
#10 C:\xampp\htdocs\ITE311-GOMEZ\public\index.php(59): CodeIgniter\Boot::bootWeb(Object(Config\Paths))
#11 {main}
ERROR - 2025-10-09 15:31:52 --> Enrollment error: Column 'student_id' cannot be null
WARNING - 2025-10-09 15:31:52 --> [DEPRECATED] Passing lowercase HTTP method "post" is deprecated. Use uppercase HTTP method like "POST". in SYSTEMPATH\Router\RouteCollection.php on line 1029.
 1 SYSTEMPATH\Router\RouteCollection.php(1029): trigger_error('Passing lowercase HTTP method "post" is deprecated. Use uppercase HTTP method like "POST".', 16384)
 2 APPPATH\Config\Routes.php(34): CodeIgniter\Router\RouteCollection->match([...], 'courses', 'Courses::store', [...])
 3 SYSTEMPATH\Router\RouteCollection.php(799): CodeIgniter\Router\RouteCollection->{closure}(Object(CodeIgniter\Router\RouteCollection))
 4 APPPATH\Config\Routes.php(41): CodeIgniter\Router\RouteCollection->group('admin', [...], Object(Closure))
 5 SYSTEMPATH\Router\RouteCollection.php(799): CodeIgniter\Router\RouteCollection->{closure}(Object(CodeIgniter\Router\RouteCollection))
 6 APPPATH\Config\Routes.php(54): CodeIgniter\Router\RouteCollection->group('', [...], Object(Closure))
 7 SYSTEMPATH\Router\RouteCollection.php(799): CodeIgniter\Router\RouteCollection->{closure}(Object(CodeIgniter\Router\RouteCollection))
 8 APPPATH\Config\Routes.php(55): CodeIgniter\Router\RouteCollection->group('', [...], Object(Closure))
 9 SYSTEMPATH\Router\RouteCollection.php(339): require('C:\\xampp\\htdocs\\ITE311-GOMEZ\\app\\Config\\Routes.php')
10 SYSTEMPATH\CodeIgniter.php(821): CodeIgniter\Router\RouteCollection->loadRoutes()
11 SYSTEMPATH\CodeIgniter.php(455): CodeIgniter\CodeIgniter->tryToRouteIt(null)
12 SYSTEMPATH\CodeIgniter.php(354): CodeIgniter\CodeIgniter->handleRequest(null, Object(Config\Cache), false)
13 SYSTEMPATH\Boot.php(363): CodeIgniter\CodeIgniter->run()
14 SYSTEMPATH\Boot.php(68): CodeIgniter\Boot::runCodeIgniter(Object(CodeIgniter\CodeIgniter))
15 FCPATH\index.php(59): CodeIgniter\Boot::bootWeb(Object(Config\Paths))
DEBUG - 2025-10-09 15:31:52 --> Session: Class initialized using 'CodeIgniter\Session\Handlers\FileHandler' driver.
WARNING - 2025-10-09 15:32:16 --> [DEPRECATED] Passing lowercase HTTP method "post" is deprecated. Use uppercase HTTP method like "POST". in SYSTEMPATH\Router\RouteCollection.php on line 1029.
 1 SYSTEMPATH\Router\RouteCollection.php(1029): trigger_error('Passing lowercase HTTP method "post" is deprecated. Use uppercase HTTP method like "POST".', 16384)
 2 APPPATH\Config\Routes.php(34): CodeIgniter\Router\RouteCollection->match([...], 'courses', 'Courses::store', [...])
 3 SYSTEMPATH\Router\RouteCollection.php(799): CodeIgniter\Router\RouteCollection->{closure}(Object(CodeIgniter\Router\RouteCollection))
 4 APPPATH\Config\Routes.php(41): CodeIgniter\Router\RouteCollection->group('admin', [...], Object(Closure))
 5 SYSTEMPATH\Router\RouteCollection.php(799): CodeIgniter\Router\RouteCollection->{closure}(Object(CodeIgniter\Router\RouteCollection))
 6 APPPATH\Config\Routes.php(54): CodeIgniter\Router\RouteCollection->group('', [...], Object(Closure))
 7 SYSTEMPATH\Router\RouteCollection.php(799): CodeIgniter\Router\RouteCollection->{closure}(Object(CodeIgniter\Router\RouteCollection))
 8 APPPATH\Config\Routes.php(55): CodeIgniter\Router\RouteCollection->group('', [...], Object(Closure))
 9 SYSTEMPATH\Router\RouteCollection.php(339): require('C:\\xampp\\htdocs\\ITE311-GOMEZ\\app\\Config\\Routes.php')
10 SYSTEMPATH\CodeIgniter.php(821): CodeIgniter\Router\RouteCollection->loadRoutes()
11 SYSTEMPATH\CodeIgniter.php(455): CodeIgniter\CodeIgniter->tryToRouteIt(null)
12 SYSTEMPATH\CodeIgniter.php(354): CodeIgniter\CodeIgniter->handleRequest(null, Object(Config\Cache), false)
13 SYSTEMPATH\Boot.php(363): CodeIgniter\CodeIgniter->run()
14 SYSTEMPATH\Boot.php(68): CodeIgniter\Boot::runCodeIgniter(Object(CodeIgniter\CodeIgniter))
15 FCPATH\index.php(59): CodeIgniter\Boot::bootWeb(Object(Config\Paths))
DEBUG - 2025-10-09 15:32:16 --> Session: Class initialized using 'CodeIgniter\Session\Handlers\FileHandler' driver.
WARNING - 2025-10-09 15:32:18 --> [DEPRECATED] Passing lowercase HTTP method "post" is deprecated. Use uppercase HTTP method like "POST". in SYSTEMPATH\Router\RouteCollection.php on line 1029.
 1 SYSTEMPATH\Router\RouteCollection.php(1029): trigger_error('Passing lowercase HTTP method "post" is deprecated. Use uppercase HTTP method like "POST".', 16384)
 2 APPPATH\Config\Routes.php(34): CodeIgniter\Router\RouteCollection->match([...], 'courses', 'Courses::store', [...])
 3 SYSTEMPATH\Router\RouteCollection.php(799): CodeIgniter\Router\RouteCollection->{closure}(Object(CodeIgniter\Router\RouteCollection))
 4 APPPATH\Config\Routes.php(41): CodeIgniter\Router\RouteCollection->group('admin', [...], Object(Closure))
 5 SYSTEMPATH\Router\RouteCollection.php(799): CodeIgniter\Router\RouteCollection->{closure}(Object(CodeIgniter\Router\RouteCollection))
 6 APPPATH\Config\Routes.php(54): CodeIgniter\Router\RouteCollection->group('', [...], Object(Closure))
 7 SYSTEMPATH\Router\RouteCollection.php(799): CodeIgniter\Router\RouteCollection->{closure}(Object(CodeIgniter\Router\RouteCollection))
 8 APPPATH\Config\Routes.php(55): CodeIgniter\Router\RouteCollection->group('', [...], Object(Closure))
 9 SYSTEMPATH\Router\RouteCollection.php(339): require('C:\\xampp\\htdocs\\ITE311-GOMEZ\\app\\Config\\Routes.php')
10 SYSTEMPATH\CodeIgniter.php(821): CodeIgniter\Router\RouteCollection->loadRoutes()
11 SYSTEMPATH\CodeIgniter.php(455): CodeIgniter\CodeIgniter->tryToRouteIt(null)
12 SYSTEMPATH\CodeIgniter.php(354): CodeIgniter\CodeIgniter->handleRequest(null, Object(Config\Cache), false)
13 SYSTEMPATH\Boot.php(363): CodeIgniter\CodeIgniter->run()
14 SYSTEMPATH\Boot.php(68): CodeIgniter\Boot::runCodeIgniter(Object(CodeIgniter\CodeIgniter))
15 FCPATH\index.php(59): CodeIgniter\Boot::bootWeb(Object(Config\Paths))
DEBUG - 2025-10-09 15:32:18 --> Session: Class initialized using 'CodeIgniter\Session\Handlers\FileHandler' driver.
ERROR - 2025-10-09 15:32:18 --> mysqli_sql_exception: Column 'student_id' cannot be null in C:\xampp\htdocs\ITE311-GOMEZ\system\Database\MySQLi\Connection.php:327
Stack trace:
#0 C:\xampp\htdocs\ITE311-GOMEZ\system\Database\MySQLi\Connection.php(327): mysqli->query('INSERT INTO `en...', 0)
#1 C:\xampp\htdocs\ITE311-GOMEZ\system\Database\BaseConnection.php(729): CodeIgniter\Database\MySQLi\Connection->execute('INSERT INTO `en...')
#2 C:\xampp\htdocs\ITE311-GOMEZ\system\Database\BaseConnection.php(646): CodeIgniter\Database\BaseConnection->simpleQuery('INSERT INTO `en...')
#3 C:\xampp\htdocs\ITE311-GOMEZ\system\Database\BaseBuilder.php(2345): CodeIgniter\Database\BaseConnection->query('INSERT INTO `en...', Array, false)
#4 C:\xampp\htdocs\ITE311-GOMEZ\app\Controllers\Student\Courses.php(162): CodeIgniter\Database\BaseBuilder->insert(Array)
#5 C:\xampp\htdocs\ITE311-GOMEZ\system\CodeIgniter.php(933): App\Controllers\Student\Courses->enroll('1')
#6 C:\xampp\htdocs\ITE311-GOMEZ\system\CodeIgniter.php(507): CodeIgniter\CodeIgniter->runController(Object(App\Controllers\Student\Courses))
#7 C:\xampp\htdocs\ITE311-GOMEZ\system\CodeIgniter.php(354): CodeIgniter\CodeIgniter->handleRequest(NULL, Object(Config\Cache), false)
#8 C:\xampp\htdocs\ITE311-GOMEZ\system\Boot.php(363): CodeIgniter\CodeIgniter->run()
#9 C:\xampp\htdocs\ITE311-GOMEZ\system\Boot.php(68): CodeIgniter\Boot::runCodeIgniter(Object(CodeIgniter\CodeIgniter))
#10 C:\xampp\htdocs\ITE311-GOMEZ\public\index.php(59): CodeIgniter\Boot::bootWeb(Object(Config\Paths))
#11 {main}
ERROR - 2025-10-09 15:32:18 --> Enrollment error: Column 'student_id' cannot be null
WARNING - 2025-10-09 15:32:18 --> [DEPRECATED] Passing lowercase HTTP method "post" is deprecated. Use uppercase HTTP method like "POST". in SYSTEMPATH\Router\RouteCollection.php on line 1029.
 1 SYSTEMPATH\Router\RouteCollection.php(1029): trigger_error('Passing lowercase HTTP method "post" is deprecated. Use uppercase HTTP method like "POST".', 16384)
 2 APPPATH\Config\Routes.php(34): CodeIgniter\Router\RouteCollection->match([...], 'courses', 'Courses::store', [...])
 3 SYSTEMPATH\Router\RouteCollection.php(799): CodeIgniter\Router\RouteCollection->{closure}(Object(CodeIgniter\Router\RouteCollection))
 4 APPPATH\Config\Routes.php(41): CodeIgniter\Router\RouteCollection->group('admin', [...], Object(Closure))
 5 SYSTEMPATH\Router\RouteCollection.php(799): CodeIgniter\Router\RouteCollection->{closure}(Object(CodeIgniter\Router\RouteCollection))
 6 APPPATH\Config\Routes.php(54): CodeIgniter\Router\RouteCollection->group('', [...], Object(Closure))
 7 SYSTEMPATH\Router\RouteCollection.php(799): CodeIgniter\Router\RouteCollection->{closure}(Object(CodeIgniter\Router\RouteCollection))
 8 APPPATH\Config\Routes.php(55): CodeIgniter\Router\RouteCollection->group('', [...], Object(Closure))
 9 SYSTEMPATH\Router\RouteCollection.php(339): require('C:\\xampp\\htdocs\\ITE311-GOMEZ\\app\\Config\\Routes.php')
10 SYSTEMPATH\CodeIgniter.php(821): CodeIgniter\Router\RouteCollection->loadRoutes()
11 SYSTEMPATH\CodeIgniter.php(455): CodeIgniter\CodeIgniter->tryToRouteIt(null)
12 SYSTEMPATH\CodeIgniter.php(354): CodeIgniter\CodeIgniter->handleRequest(null, Object(Config\Cache), false)
13 SYSTEMPATH\Boot.php(363): CodeIgniter\CodeIgniter->run()
14 SYSTEMPATH\Boot.php(68): CodeIgniter\Boot::runCodeIgniter(Object(CodeIgniter\CodeIgniter))
15 FCPATH\index.php(59): CodeIgniter\Boot::bootWeb(Object(Config\Paths))
DEBUG - 2025-10-09 15:32:18 --> Session: Class initialized using 'CodeIgniter\Session\Handlers\FileHandler' driver.
WARNING - 2025-10-09 15:33:14 --> [DEPRECATED] Passing lowercase HTTP method "post" is deprecated. Use uppercase HTTP method like "POST". in SYSTEMPATH\Router\RouteCollection.php on line 1029.
 1 SYSTEMPATH\Router\RouteCollection.php(1029): trigger_error('Passing lowercase HTTP method "post" is deprecated. Use uppercase HTTP method like "POST".', 16384)
 2 APPPATH\Config\Routes.php(34): CodeIgniter\Router\RouteCollection->match([...], 'courses', 'Courses::store', [...])
 3 SYSTEMPATH\Router\RouteCollection.php(799): CodeIgniter\Router\RouteCollection->{closure}(Object(CodeIgniter\Router\RouteCollection))
 4 APPPATH\Config\Routes.php(41): CodeIgniter\Router\RouteCollection->group('admin', [...], Object(Closure))
 5 SYSTEMPATH\Router\RouteCollection.php(799): CodeIgniter\Router\RouteCollection->{closure}(Object(CodeIgniter\Router\RouteCollection))
 6 APPPATH\Config\Routes.php(54): CodeIgniter\Router\RouteCollection->group('', [...], Object(Closure))
 7 SYSTEMPATH\Router\RouteCollection.php(799): CodeIgniter\Router\RouteCollection->{closure}(Object(CodeIgniter\Router\RouteCollection))
 8 APPPATH\Config\Routes.php(55): CodeIgniter\Router\RouteCollection->group('', [...], Object(Closure))
 9 SYSTEMPATH\Router\RouteCollection.php(339): require('C:\\xampp\\htdocs\\ITE311-GOMEZ\\app\\Config\\Routes.php')
10 SYSTEMPATH\CodeIgniter.php(821): CodeIgniter\Router\RouteCollection->loadRoutes()
11 SYSTEMPATH\CodeIgniter.php(455): CodeIgniter\CodeIgniter->tryToRouteIt(null)
12 SYSTEMPATH\CodeIgniter.php(354): CodeIgniter\CodeIgniter->handleRequest(null, Object(Config\Cache), false)
13 SYSTEMPATH\Boot.php(363): CodeIgniter\CodeIgniter->run()
14 SYSTEMPATH\Boot.php(68): CodeIgniter\Boot::runCodeIgniter(Object(CodeIgniter\CodeIgniter))
15 FCPATH\index.php(59): CodeIgniter\Boot::bootWeb(Object(Config\Paths))
DEBUG - 2025-10-09 15:33:14 --> Session: Class initialized using 'CodeIgniter\Session\Handlers\FileHandler' driver.
WARNING - 2025-10-09 15:33:16 --> [DEPRECATED] Passing lowercase HTTP method "post" is deprecated. Use uppercase HTTP method like "POST". in SYSTEMPATH\Router\RouteCollection.php on line 1029.
 1 SYSTEMPATH\Router\RouteCollection.php(1029): trigger_error('Passing lowercase HTTP method "post" is deprecated. Use uppercase HTTP method like "POST".', 16384)
 2 APPPATH\Config\Routes.php(34): CodeIgniter\Router\RouteCollection->match([...], 'courses', 'Courses::store', [...])
 3 SYSTEMPATH\Router\RouteCollection.php(799): CodeIgniter\Router\RouteCollection->{closure}(Object(CodeIgniter\Router\RouteCollection))
 4 APPPATH\Config\Routes.php(41): CodeIgniter\Router\RouteCollection->group('admin', [...], Object(Closure))
 5 SYSTEMPATH\Router\RouteCollection.php(799): CodeIgniter\Router\RouteCollection->{closure}(Object(CodeIgniter\Router\RouteCollection))
 6 APPPATH\Config\Routes.php(54): CodeIgniter\Router\RouteCollection->group('', [...], Object(Closure))
 7 SYSTEMPATH\Router\RouteCollection.php(799): CodeIgniter\Router\RouteCollection->{closure}(Object(CodeIgniter\Router\RouteCollection))
 8 APPPATH\Config\Routes.php(55): CodeIgniter\Router\RouteCollection->group('', [...], Object(Closure))
 9 SYSTEMPATH\Router\RouteCollection.php(339): require('C:\\xampp\\htdocs\\ITE311-GOMEZ\\app\\Config\\Routes.php')
10 SYSTEMPATH\CodeIgniter.php(821): CodeIgniter\Router\RouteCollection->loadRoutes()
11 SYSTEMPATH\CodeIgniter.php(455): CodeIgniter\CodeIgniter->tryToRouteIt(null)
12 SYSTEMPATH\CodeIgniter.php(354): CodeIgniter\CodeIgniter->handleRequest(null, Object(Config\Cache), false)
13 SYSTEMPATH\Boot.php(363): CodeIgniter\CodeIgniter->run()
14 SYSTEMPATH\Boot.php(68): CodeIgniter\Boot::runCodeIgniter(Object(CodeIgniter\CodeIgniter))
15 FCPATH\index.php(59): CodeIgniter\Boot::bootWeb(Object(Config\Paths))
DEBUG - 2025-10-09 15:33:16 --> Session: Class initialized using 'CodeIgniter\Session\Handlers\FileHandler' driver.
ERROR - 2025-10-09 15:33:16 --> mysqli_sql_exception: Column 'student_id' cannot be null in C:\xampp\htdocs\ITE311-GOMEZ\system\Database\MySQLi\Connection.php:327
Stack trace:
#0 C:\xampp\htdocs\ITE311-GOMEZ\system\Database\MySQLi\Connection.php(327): mysqli->query('INSERT INTO `en...', 0)
#1 C:\xampp\htdocs\ITE311-GOMEZ\system\Database\BaseConnection.php(729): CodeIgniter\Database\MySQLi\Connection->execute('INSERT INTO `en...')
#2 C:\xampp\htdocs\ITE311-GOMEZ\system\Database\BaseConnection.php(646): CodeIgniter\Database\BaseConnection->simpleQuery('INSERT INTO `en...')
#3 C:\xampp\htdocs\ITE311-GOMEZ\system\Database\BaseBuilder.php(2345): CodeIgniter\Database\BaseConnection->query('INSERT INTO `en...', Array, false)
#4 C:\xampp\htdocs\ITE311-GOMEZ\app\Controllers\Student\Courses.php(162): CodeIgniter\Database\BaseBuilder->insert(Array)
#5 C:\xampp\htdocs\ITE311-GOMEZ\system\CodeIgniter.php(933): App\Controllers\Student\Courses->enroll('1')
#6 C:\xampp\htdocs\ITE311-GOMEZ\system\CodeIgniter.php(507): CodeIgniter\CodeIgniter->runController(Object(App\Controllers\Student\Courses))
#7 C:\xampp\htdocs\ITE311-GOMEZ\system\CodeIgniter.php(354): CodeIgniter\CodeIgniter->handleRequest(NULL, Object(Config\Cache), false)
#8 C:\xampp\htdocs\ITE311-GOMEZ\system\Boot.php(363): CodeIgniter\CodeIgniter->run()
#9 C:\xampp\htdocs\ITE311-GOMEZ\system\Boot.php(68): CodeIgniter\Boot::runCodeIgniter(Object(CodeIgniter\CodeIgniter))
#10 C:\xampp\htdocs\ITE311-GOMEZ\public\index.php(59): CodeIgniter\Boot::bootWeb(Object(Config\Paths))
#11 {main}
ERROR - 2025-10-09 15:33:16 --> Enrollment error: Column 'student_id' cannot be null
WARNING - 2025-10-09 15:33:16 --> [DEPRECATED] Passing lowercase HTTP method "post" is deprecated. Use uppercase HTTP method like "POST". in SYSTEMPATH\Router\RouteCollection.php on line 1029.
 1 SYSTEMPATH\Router\RouteCollection.php(1029): trigger_error('Passing lowercase HTTP method "post" is deprecated. Use uppercase HTTP method like "POST".', 16384)
 2 APPPATH\Config\Routes.php(34): CodeIgniter\Router\RouteCollection->match([...], 'courses', 'Courses::store', [...])
 3 SYSTEMPATH\Router\RouteCollection.php(799): CodeIgniter\Router\RouteCollection->{closure}(Object(CodeIgniter\Router\RouteCollection))
 4 APPPATH\Config\Routes.php(41): CodeIgniter\Router\RouteCollection->group('admin', [...], Object(Closure))
 5 SYSTEMPATH\Router\RouteCollection.php(799): CodeIgniter\Router\RouteCollection->{closure}(Object(CodeIgniter\Router\RouteCollection))
 6 APPPATH\Config\Routes.php(54): CodeIgniter\Router\RouteCollection->group('', [...], Object(Closure))
 7 SYSTEMPATH\Router\RouteCollection.php(799): CodeIgniter\Router\RouteCollection->{closure}(Object(CodeIgniter\Router\RouteCollection))
 8 APPPATH\Config\Routes.php(55): CodeIgniter\Router\RouteCollection->group('', [...], Object(Closure))
 9 SYSTEMPATH\Router\RouteCollection.php(339): require('C:\\xampp\\htdocs\\ITE311-GOMEZ\\app\\Config\\Routes.php')
10 SYSTEMPATH\CodeIgniter.php(821): CodeIgniter\Router\RouteCollection->loadRoutes()
11 SYSTEMPATH\CodeIgniter.php(455): CodeIgniter\CodeIgniter->tryToRouteIt(null)
12 SYSTEMPATH\CodeIgniter.php(354): CodeIgniter\CodeIgniter->handleRequest(null, Object(Config\Cache), false)
13 SYSTEMPATH\Boot.php(363): CodeIgniter\CodeIgniter->run()
14 SYSTEMPATH\Boot.php(68): CodeIgniter\Boot::runCodeIgniter(Object(CodeIgniter\CodeIgniter))
15 FCPATH\index.php(59): CodeIgniter\Boot::bootWeb(Object(Config\Paths))
DEBUG - 2025-10-09 15:33:16 --> Session: Class initialized using 'CodeIgniter\Session\Handlers\FileHandler' driver.
WARNING - 2025-10-09 15:34:59 --> [DEPRECATED] Passing lowercase HTTP method "post" is deprecated. Use uppercase HTTP method like "POST". in SYSTEMPATH\Router\RouteCollection.php on line 1029.
 1 SYSTEMPATH\Router\RouteCollection.php(1029): trigger_error('Passing lowercase HTTP method "post" is deprecated. Use uppercase HTTP method like "POST".', 16384)
 2 APPPATH\Config\Routes.php(34): CodeIgniter\Router\RouteCollection->match([...], 'courses', 'Courses::store', [...])
 3 SYSTEMPATH\Router\RouteCollection.php(799): CodeIgniter\Router\RouteCollection->{closure}(Object(CodeIgniter\Router\RouteCollection))
 4 APPPATH\Config\Routes.php(41): CodeIgniter\Router\RouteCollection->group('admin', [...], Object(Closure))
 5 SYSTEMPATH\Router\RouteCollection.php(799): CodeIgniter\Router\RouteCollection->{closure}(Object(CodeIgniter\Router\RouteCollection))
 6 APPPATH\Config\Routes.php(54): CodeIgniter\Router\RouteCollection->group('', [...], Object(Closure))
 7 SYSTEMPATH\Router\RouteCollection.php(799): CodeIgniter\Router\RouteCollection->{closure}(Object(CodeIgniter\Router\RouteCollection))
 8 APPPATH\Config\Routes.php(55): CodeIgniter\Router\RouteCollection->group('', [...], Object(Closure))
 9 SYSTEMPATH\Router\RouteCollection.php(339): require('C:\\xampp\\htdocs\\ITE311-GOMEZ\\app\\Config\\Routes.php')
10 SYSTEMPATH\CodeIgniter.php(821): CodeIgniter\Router\RouteCollection->loadRoutes()
11 SYSTEMPATH\CodeIgniter.php(455): CodeIgniter\CodeIgniter->tryToRouteIt(null)
12 SYSTEMPATH\CodeIgniter.php(354): CodeIgniter\CodeIgniter->handleRequest(null, Object(Config\Cache), false)
13 SYSTEMPATH\Boot.php(363): CodeIgniter\CodeIgniter->run()
14 SYSTEMPATH\Boot.php(68): CodeIgniter\Boot::runCodeIgniter(Object(CodeIgniter\CodeIgniter))
15 FCPATH\index.php(59): CodeIgniter\Boot::bootWeb(Object(Config\Paths))
DEBUG - 2025-10-09 15:34:59 --> Session: Class initialized using 'CodeIgniter\Session\Handlers\FileHandler' driver.
WARNING - 2025-10-09 15:35:00 --> [DEPRECATED] Passing lowercase HTTP method "post" is deprecated. Use uppercase HTTP method like "POST". in SYSTEMPATH\Router\RouteCollection.php on line 1029.
 1 SYSTEMPATH\Router\RouteCollection.php(1029): trigger_error('Passing lowercase HTTP method "post" is deprecated. Use uppercase HTTP method like "POST".', 16384)
 2 APPPATH\Config\Routes.php(34): CodeIgniter\Router\RouteCollection->match([...], 'courses', 'Courses::store', [...])
 3 SYSTEMPATH\Router\RouteCollection.php(799): CodeIgniter\Router\RouteCollection->{closure}(Object(CodeIgniter\Router\RouteCollection))
 4 APPPATH\Config\Routes.php(41): CodeIgniter\Router\RouteCollection->group('admin', [...], Object(Closure))
 5 SYSTEMPATH\Router\RouteCollection.php(799): CodeIgniter\Router\RouteCollection->{closure}(Object(CodeIgniter\Router\RouteCollection))
 6 APPPATH\Config\Routes.php(54): CodeIgniter\Router\RouteCollection->group('', [...], Object(Closure))
 7 SYSTEMPATH\Router\RouteCollection.php(799): CodeIgniter\Router\RouteCollection->{closure}(Object(CodeIgniter\Router\RouteCollection))
 8 APPPATH\Config\Routes.php(55): CodeIgniter\Router\RouteCollection->group('', [...], Object(Closure))
 9 SYSTEMPATH\Router\RouteCollection.php(339): require('C:\\xampp\\htdocs\\ITE311-GOMEZ\\app\\Config\\Routes.php')
10 SYSTEMPATH\CodeIgniter.php(821): CodeIgniter\Router\RouteCollection->loadRoutes()
11 SYSTEMPATH\CodeIgniter.php(455): CodeIgniter\CodeIgniter->tryToRouteIt(null)
12 SYSTEMPATH\CodeIgniter.php(354): CodeIgniter\CodeIgniter->handleRequest(null, Object(Config\Cache), false)
13 SYSTEMPATH\Boot.php(363): CodeIgniter\CodeIgniter->run()
14 SYSTEMPATH\Boot.php(68): CodeIgniter\Boot::runCodeIgniter(Object(CodeIgniter\CodeIgniter))
15 FCPATH\index.php(59): CodeIgniter\Boot::bootWeb(Object(Config\Paths))
DEBUG - 2025-10-09 15:35:00 --> Session: Class initialized using 'CodeIgniter\Session\Handlers\FileHandler' driver.
ERROR - 2025-10-09 15:35:00 --> Enrollment error: Failed to create enrollment record\n#0 C:\xampp\htdocs\ITE311-GOMEZ\system\CodeIgniter.php(933): App\Controllers\Student\Courses->enroll('1')
#1 C:\xampp\htdocs\ITE311-GOMEZ\system\CodeIgniter.php(507): CodeIgniter\CodeIgniter->runController(Object(App\Controllers\Student\Courses))
#2 C:\xampp\htdocs\ITE311-GOMEZ\system\CodeIgniter.php(354): CodeIgniter\CodeIgniter->handleRequest(NULL, Object(Config\Cache), false)
#3 C:\xampp\htdocs\ITE311-GOMEZ\system\Boot.php(363): CodeIgniter\CodeIgniter->run()
#4 C:\xampp\htdocs\ITE311-GOMEZ\system\Boot.php(68): CodeIgniter\Boot::runCodeIgniter(Object(CodeIgniter\CodeIgniter))
#5 C:\xampp\htdocs\ITE311-GOMEZ\public\index.php(59): CodeIgniter\Boot::bootWeb(Object(Config\Paths))
#6 {main}
WARNING - 2025-10-09 15:35:00 --> [DEPRECATED] Passing lowercase HTTP method "post" is deprecated. Use uppercase HTTP method like "POST". in SYSTEMPATH\Router\RouteCollection.php on line 1029.
 1 SYSTEMPATH\Router\RouteCollection.php(1029): trigger_error('Passing lowercase HTTP method "post" is deprecated. Use uppercase HTTP method like "POST".', 16384)
 2 APPPATH\Config\Routes.php(34): CodeIgniter\Router\RouteCollection->match([...], 'courses', 'Courses::store', [...])
 3 SYSTEMPATH\Router\RouteCollection.php(799): CodeIgniter\Router\RouteCollection->{closure}(Object(CodeIgniter\Router\RouteCollection))
 4 APPPATH\Config\Routes.php(41): CodeIgniter\Router\RouteCollection->group('admin', [...], Object(Closure))
 5 SYSTEMPATH\Router\RouteCollection.php(799): CodeIgniter\Router\RouteCollection->{closure}(Object(CodeIgniter\Router\RouteCollection))
 6 APPPATH\Config\Routes.php(54): CodeIgniter\Router\RouteCollection->group('', [...], Object(Closure))
 7 SYSTEMPATH\Router\RouteCollection.php(799): CodeIgniter\Router\RouteCollection->{closure}(Object(CodeIgniter\Router\RouteCollection))
 8 APPPATH\Config\Routes.php(55): CodeIgniter\Router\RouteCollection->group('', [...], Object(Closure))
 9 SYSTEMPATH\Router\RouteCollection.php(339): require('C:\\xampp\\htdocs\\ITE311-GOMEZ\\app\\Config\\Routes.php')
10 SYSTEMPATH\CodeIgniter.php(821): CodeIgniter\Router\RouteCollection->loadRoutes()
11 SYSTEMPATH\CodeIgniter.php(455): CodeIgniter\CodeIgniter->tryToRouteIt(null)
12 SYSTEMPATH\CodeIgniter.php(354): CodeIgniter\CodeIgniter->handleRequest(null, Object(Config\Cache), false)
13 SYSTEMPATH\Boot.php(363): CodeIgniter\CodeIgniter->run()
14 SYSTEMPATH\Boot.php(68): CodeIgniter\Boot::runCodeIgniter(Object(CodeIgniter\CodeIgniter))
15 FCPATH\index.php(59): CodeIgniter\Boot::bootWeb(Object(Config\Paths))
DEBUG - 2025-10-09 15:35:00 --> Session: Class initialized using 'CodeIgniter\Session\Handlers\FileHandler' driver.
WARNING - 2025-10-09 15:35:35 --> [DEPRECATED] Passing lowercase HTTP method "post" is deprecated. Use uppercase HTTP method like "POST". in SYSTEMPATH\Router\RouteCollection.php on line 1029.
 1 SYSTEMPATH\Router\RouteCollection.php(1029): trigger_error('Passing lowercase HTTP method "post" is deprecated. Use uppercase HTTP method like "POST".', 16384)
 2 APPPATH\Config\Routes.php(34): CodeIgniter\Router\RouteCollection->match([...], 'courses', 'Courses::store', [...])
 3 SYSTEMPATH\Router\RouteCollection.php(799): CodeIgniter\Router\RouteCollection->{closure}(Object(CodeIgniter\Router\RouteCollection))
 4 APPPATH\Config\Routes.php(41): CodeIgniter\Router\RouteCollection->group('admin', [...], Object(Closure))
 5 SYSTEMPATH\Router\RouteCollection.php(799): CodeIgniter\Router\RouteCollection->{closure}(Object(CodeIgniter\Router\RouteCollection))
 6 APPPATH\Config\Routes.php(54): CodeIgniter\Router\RouteCollection->group('', [...], Object(Closure))
 7 SYSTEMPATH\Router\RouteCollection.php(799): CodeIgniter\Router\RouteCollection->{closure}(Object(CodeIgniter\Router\RouteCollection))
 8 APPPATH\Config\Routes.php(55): CodeIgniter\Router\RouteCollection->group('', [...], Object(Closure))
 9 SYSTEMPATH\Router\RouteCollection.php(339): require('C:\\xampp\\htdocs\\ITE311-GOMEZ\\app\\Config\\Routes.php')
10 SYSTEMPATH\CodeIgniter.php(821): CodeIgniter\Router\RouteCollection->loadRoutes()
11 SYSTEMPATH\CodeIgniter.php(455): CodeIgniter\CodeIgniter->tryToRouteIt(null)
12 SYSTEMPATH\CodeIgniter.php(354): CodeIgniter\CodeIgniter->handleRequest(null, Object(Config\Cache), false)
13 SYSTEMPATH\Boot.php(363): CodeIgniter\CodeIgniter->run()
14 SYSTEMPATH\Boot.php(68): CodeIgniter\Boot::runCodeIgniter(Object(CodeIgniter\CodeIgniter))
15 FCPATH\index.php(59): CodeIgniter\Boot::bootWeb(Object(Config\Paths))
DEBUG - 2025-10-09 15:35:35 --> Session: Class initialized using 'CodeIgniter\Session\Handlers\FileHandler' driver.
WARNING - 2025-10-09 15:35:37 --> [DEPRECATED] Passing lowercase HTTP method "post" is deprecated. Use uppercase HTTP method like "POST". in SYSTEMPATH\Router\RouteCollection.php on line 1029.
 1 SYSTEMPATH\Router\RouteCollection.php(1029): trigger_error('Passing lowercase HTTP method "post" is deprecated. Use uppercase HTTP method like "POST".', 16384)
 2 APPPATH\Config\Routes.php(34): CodeIgniter\Router\RouteCollection->match([...], 'courses', 'Courses::store', [...])
 3 SYSTEMPATH\Router\RouteCollection.php(799): CodeIgniter\Router\RouteCollection->{closure}(Object(CodeIgniter\Router\RouteCollection))
 4 APPPATH\Config\Routes.php(41): CodeIgniter\Router\RouteCollection->group('admin', [...], Object(Closure))
 5 SYSTEMPATH\Router\RouteCollection.php(799): CodeIgniter\Router\RouteCollection->{closure}(Object(CodeIgniter\Router\RouteCollection))
 6 APPPATH\Config\Routes.php(54): CodeIgniter\Router\RouteCollection->group('', [...], Object(Closure))
 7 SYSTEMPATH\Router\RouteCollection.php(799): CodeIgniter\Router\RouteCollection->{closure}(Object(CodeIgniter\Router\RouteCollection))
 8 APPPATH\Config\Routes.php(55): CodeIgniter\Router\RouteCollection->group('', [...], Object(Closure))
 9 SYSTEMPATH\Router\RouteCollection.php(339): require('C:\\xampp\\htdocs\\ITE311-GOMEZ\\app\\Config\\Routes.php')
10 SYSTEMPATH\CodeIgniter.php(821): CodeIgniter\Router\RouteCollection->loadRoutes()
11 SYSTEMPATH\CodeIgniter.php(455): CodeIgniter\CodeIgniter->tryToRouteIt(null)
12 SYSTEMPATH\CodeIgniter.php(354): CodeIgniter\CodeIgniter->handleRequest(null, Object(Config\Cache), false)
13 SYSTEMPATH\Boot.php(363): CodeIgniter\CodeIgniter->run()
14 SYSTEMPATH\Boot.php(68): CodeIgniter\Boot::runCodeIgniter(Object(CodeIgniter\CodeIgniter))
15 FCPATH\index.php(59): CodeIgniter\Boot::bootWeb(Object(Config\Paths))
DEBUG - 2025-10-09 15:35:37 --> Session: Class initialized using 'CodeIgniter\Session\Handlers\FileHandler' driver.
ERROR - 2025-10-09 15:35:37 --> Enrollment error: Failed to create enrollment record\n#0 C:\xampp\htdocs\ITE311-GOMEZ\system\CodeIgniter.php(933): App\Controllers\Student\Courses->enroll('1')
#1 C:\xampp\htdocs\ITE311-GOMEZ\system\CodeIgniter.php(507): CodeIgniter\CodeIgniter->runController(Object(App\Controllers\Student\Courses))
#2 C:\xampp\htdocs\ITE311-GOMEZ\system\CodeIgniter.php(354): CodeIgniter\CodeIgniter->handleRequest(NULL, Object(Config\Cache), false)
#3 C:\xampp\htdocs\ITE311-GOMEZ\system\Boot.php(363): CodeIgniter\CodeIgniter->run()
#4 C:\xampp\htdocs\ITE311-GOMEZ\system\Boot.php(68): CodeIgniter\Boot::runCodeIgniter(Object(CodeIgniter\CodeIgniter))
#5 C:\xampp\htdocs\ITE311-GOMEZ\public\index.php(59): CodeIgniter\Boot::bootWeb(Object(Config\Paths))
#6 {main}
WARNING - 2025-10-09 15:35:37 --> [DEPRECATED] Passing lowercase HTTP method "post" is deprecated. Use uppercase HTTP method like "POST". in SYSTEMPATH\Router\RouteCollection.php on line 1029.
 1 SYSTEMPATH\Router\RouteCollection.php(1029): trigger_error('Passing lowercase HTTP method "post" is deprecated. Use uppercase HTTP method like "POST".', 16384)
 2 APPPATH\Config\Routes.php(34): CodeIgniter\Router\RouteCollection->match([...], 'courses', 'Courses::store', [...])
 3 SYSTEMPATH\Router\RouteCollection.php(799): CodeIgniter\Router\RouteCollection->{closure}(Object(CodeIgniter\Router\RouteCollection))
 4 APPPATH\Config\Routes.php(41): CodeIgniter\Router\RouteCollection->group('admin', [...], Object(Closure))
 5 SYSTEMPATH\Router\RouteCollection.php(799): CodeIgniter\Router\RouteCollection->{closure}(Object(CodeIgniter\Router\RouteCollection))
 6 APPPATH\Config\Routes.php(54): CodeIgniter\Router\RouteCollection->group('', [...], Object(Closure))
 7 SYSTEMPATH\Router\RouteCollection.php(799): CodeIgniter\Router\RouteCollection->{closure}(Object(CodeIgniter\Router\RouteCollection))
 8 APPPATH\Config\Routes.php(55): CodeIgniter\Router\RouteCollection->group('', [...], Object(Closure))
 9 SYSTEMPATH\Router\RouteCollection.php(339): require('C:\\xampp\\htdocs\\ITE311-GOMEZ\\app\\Config\\Routes.php')
10 SYSTEMPATH\CodeIgniter.php(821): CodeIgniter\Router\RouteCollection->loadRoutes()
11 SYSTEMPATH\CodeIgniter.php(455): CodeIgniter\CodeIgniter->tryToRouteIt(null)
12 SYSTEMPATH\CodeIgniter.php(354): CodeIgniter\CodeIgniter->handleRequest(null, Object(Config\Cache), false)
13 SYSTEMPATH\Boot.php(363): CodeIgniter\CodeIgniter->run()
14 SYSTEMPATH\Boot.php(68): CodeIgniter\Boot::runCodeIgniter(Object(CodeIgniter\CodeIgniter))
15 FCPATH\index.php(59): CodeIgniter\Boot::bootWeb(Object(Config\Paths))
DEBUG - 2025-10-09 15:35:37 --> Session: Class initialized using 'CodeIgniter\Session\Handlers\FileHandler' driver.
WARNING - 2025-10-09 15:35:45 --> [DEPRECATED] Passing lowercase HTTP method "post" is deprecated. Use uppercase HTTP method like "POST". in SYSTEMPATH\Router\RouteCollection.php on line 1029.
 1 SYSTEMPATH\Router\RouteCollection.php(1029): trigger_error('Passing lowercase HTTP method "post" is deprecated. Use uppercase HTTP method like "POST".', 16384)
 2 APPPATH\Config\Routes.php(34): CodeIgniter\Router\RouteCollection->match([...], 'courses', 'Courses::store', [...])
 3 SYSTEMPATH\Router\RouteCollection.php(799): CodeIgniter\Router\RouteCollection->{closure}(Object(CodeIgniter\Router\RouteCollection))
 4 APPPATH\Config\Routes.php(41): CodeIgniter\Router\RouteCollection->group('admin', [...], Object(Closure))
 5 SYSTEMPATH\Router\RouteCollection.php(799): CodeIgniter\Router\RouteCollection->{closure}(Object(CodeIgniter\Router\RouteCollection))
 6 APPPATH\Config\Routes.php(54): CodeIgniter\Router\RouteCollection->group('', [...], Object(Closure))
 7 SYSTEMPATH\Router\RouteCollection.php(799): CodeIgniter\Router\RouteCollection->{closure}(Object(CodeIgniter\Router\RouteCollection))
 8 APPPATH\Config\Routes.php(55): CodeIgniter\Router\RouteCollection->group('', [...], Object(Closure))
 9 SYSTEMPATH\Router\RouteCollection.php(339): require('C:\\xampp\\htdocs\\ITE311-GOMEZ\\app\\Config\\Routes.php')
10 SYSTEMPATH\CodeIgniter.php(821): CodeIgniter\Router\RouteCollection->loadRoutes()
11 SYSTEMPATH\CodeIgniter.php(455): CodeIgniter\CodeIgniter->tryToRouteIt(null)
12 SYSTEMPATH\CodeIgniter.php(354): CodeIgniter\CodeIgniter->handleRequest(null, Object(Config\Cache), false)
13 SYSTEMPATH\Boot.php(363): CodeIgniter\CodeIgniter->run()
14 SYSTEMPATH\Boot.php(68): CodeIgniter\Boot::runCodeIgniter(Object(CodeIgniter\CodeIgniter))
15 FCPATH\index.php(59): CodeIgniter\Boot::bootWeb(Object(Config\Paths))
DEBUG - 2025-10-09 15:35:45 --> Session: Class initialized using 'CodeIgniter\Session\Handlers\FileHandler' driver.
WARNING - 2025-10-09 15:35:46 --> [DEPRECATED] Passing lowercase HTTP method "post" is deprecated. Use uppercase HTTP method like "POST". in SYSTEMPATH\Router\RouteCollection.php on line 1029.
 1 SYSTEMPATH\Router\RouteCollection.php(1029): trigger_error('Passing lowercase HTTP method "post" is deprecated. Use uppercase HTTP method like "POST".', 16384)
 2 APPPATH\Config\Routes.php(34): CodeIgniter\Router\RouteCollection->match([...], 'courses', 'Courses::store', [...])
 3 SYSTEMPATH\Router\RouteCollection.php(799): CodeIgniter\Router\RouteCollection->{closure}(Object(CodeIgniter\Router\RouteCollection))
 4 APPPATH\Config\Routes.php(41): CodeIgniter\Router\RouteCollection->group('admin', [...], Object(Closure))
 5 SYSTEMPATH\Router\RouteCollection.php(799): CodeIgniter\Router\RouteCollection->{closure}(Object(CodeIgniter\Router\RouteCollection))
 6 APPPATH\Config\Routes.php(54): CodeIgniter\Router\RouteCollection->group('', [...], Object(Closure))
 7 SYSTEMPATH\Router\RouteCollection.php(799): CodeIgniter\Router\RouteCollection->{closure}(Object(CodeIgniter\Router\RouteCollection))
 8 APPPATH\Config\Routes.php(55): CodeIgniter\Router\RouteCollection->group('', [...], Object(Closure))
 9 SYSTEMPATH\Router\RouteCollection.php(339): require('C:\\xampp\\htdocs\\ITE311-GOMEZ\\app\\Config\\Routes.php')
10 SYSTEMPATH\CodeIgniter.php(821): CodeIgniter\Router\RouteCollection->loadRoutes()
11 SYSTEMPATH\CodeIgniter.php(455): CodeIgniter\CodeIgniter->tryToRouteIt(null)
12 SYSTEMPATH\CodeIgniter.php(354): CodeIgniter\CodeIgniter->handleRequest(null, Object(Config\Cache), false)
13 SYSTEMPATH\Boot.php(363): CodeIgniter\CodeIgniter->run()
14 SYSTEMPATH\Boot.php(68): CodeIgniter\Boot::runCodeIgniter(Object(CodeIgniter\CodeIgniter))
15 FCPATH\index.php(59): CodeIgniter\Boot::bootWeb(Object(Config\Paths))
DEBUG - 2025-10-09 15:35:46 --> Session: Class initialized using 'CodeIgniter\Session\Handlers\FileHandler' driver.
ERROR - 2025-10-09 15:35:46 --> Enrollment error: Failed to create enrollment record\n#0 C:\xampp\htdocs\ITE311-GOMEZ\system\CodeIgniter.php(933): App\Controllers\Student\Courses->enroll('1')
#1 C:\xampp\htdocs\ITE311-GOMEZ\system\CodeIgniter.php(507): CodeIgniter\CodeIgniter->runController(Object(App\Controllers\Student\Courses))
#2 C:\xampp\htdocs\ITE311-GOMEZ\system\CodeIgniter.php(354): CodeIgniter\CodeIgniter->handleRequest(NULL, Object(Config\Cache), false)
#3 C:\xampp\htdocs\ITE311-GOMEZ\system\Boot.php(363): CodeIgniter\CodeIgniter->run()
#4 C:\xampp\htdocs\ITE311-GOMEZ\system\Boot.php(68): CodeIgniter\Boot::runCodeIgniter(Object(CodeIgniter\CodeIgniter))
#5 C:\xampp\htdocs\ITE311-GOMEZ\public\index.php(59): CodeIgniter\Boot::bootWeb(Object(Config\Paths))
#6 {main}
WARNING - 2025-10-09 15:35:47 --> [DEPRECATED] Passing lowercase HTTP method "post" is deprecated. Use uppercase HTTP method like "POST". in SYSTEMPATH\Router\RouteCollection.php on line 1029.
 1 SYSTEMPATH\Router\RouteCollection.php(1029): trigger_error('Passing lowercase HTTP method "post" is deprecated. Use uppercase HTTP method like "POST".', 16384)
 2 APPPATH\Config\Routes.php(34): CodeIgniter\Router\RouteCollection->match([...], 'courses', 'Courses::store', [...])
 3 SYSTEMPATH\Router\RouteCollection.php(799): CodeIgniter\Router\RouteCollection->{closure}(Object(CodeIgniter\Router\RouteCollection))
 4 APPPATH\Config\Routes.php(41): CodeIgniter\Router\RouteCollection->group('admin', [...], Object(Closure))
 5 SYSTEMPATH\Router\RouteCollection.php(799): CodeIgniter\Router\RouteCollection->{closure}(Object(CodeIgniter\Router\RouteCollection))
 6 APPPATH\Config\Routes.php(54): CodeIgniter\Router\RouteCollection->group('', [...], Object(Closure))
 7 SYSTEMPATH\Router\RouteCollection.php(799): CodeIgniter\Router\RouteCollection->{closure}(Object(CodeIgniter\Router\RouteCollection))
 8 APPPATH\Config\Routes.php(55): CodeIgniter\Router\RouteCollection->group('', [...], Object(Closure))
 9 SYSTEMPATH\Router\RouteCollection.php(339): require('C:\\xampp\\htdocs\\ITE311-GOMEZ\\app\\Config\\Routes.php')
10 SYSTEMPATH\CodeIgniter.php(821): CodeIgniter\Router\RouteCollection->loadRoutes()
11 SYSTEMPATH\CodeIgniter.php(455): CodeIgniter\CodeIgniter->tryToRouteIt(null)
12 SYSTEMPATH\CodeIgniter.php(354): CodeIgniter\CodeIgniter->handleRequest(null, Object(Config\Cache), false)
13 SYSTEMPATH\Boot.php(363): CodeIgniter\CodeIgniter->run()
14 SYSTEMPATH\Boot.php(68): CodeIgniter\Boot::runCodeIgniter(Object(CodeIgniter\CodeIgniter))
15 FCPATH\index.php(59): CodeIgniter\Boot::bootWeb(Object(Config\Paths))
DEBUG - 2025-10-09 15:35:47 --> Session: Class initialized using 'CodeIgniter\Session\Handlers\FileHandler' driver.
WARNING - 2025-10-09 15:36:24 --> [DEPRECATED] Passing lowercase HTTP method "post" is deprecated. Use uppercase HTTP method like "POST". in SYSTEMPATH\Router\RouteCollection.php on line 1029.
 1 SYSTEMPATH\Router\RouteCollection.php(1029): trigger_error('Passing lowercase HTTP method "post" is deprecated. Use uppercase HTTP method like "POST".', 16384)
 2 APPPATH\Config\Routes.php(34): CodeIgniter\Router\RouteCollection->match([...], 'courses', 'Courses::store', [...])
 3 SYSTEMPATH\Router\RouteCollection.php(799): CodeIgniter\Router\RouteCollection->{closure}(Object(CodeIgniter\Router\RouteCollection))
 4 APPPATH\Config\Routes.php(41): CodeIgniter\Router\RouteCollection->group('admin', [...], Object(Closure))
 5 SYSTEMPATH\Router\RouteCollection.php(799): CodeIgniter\Router\RouteCollection->{closure}(Object(CodeIgniter\Router\RouteCollection))
 6 APPPATH\Config\Routes.php(54): CodeIgniter\Router\RouteCollection->group('', [...], Object(Closure))
 7 SYSTEMPATH\Router\RouteCollection.php(799): CodeIgniter\Router\RouteCollection->{closure}(Object(CodeIgniter\Router\RouteCollection))
 8 APPPATH\Config\Routes.php(55): CodeIgniter\Router\RouteCollection->group('', [...], Object(Closure))
 9 SYSTEMPATH\Router\RouteCollection.php(339): require('C:\\xampp\\htdocs\\ITE311-GOMEZ\\app\\Config\\Routes.php')
10 SYSTEMPATH\CodeIgniter.php(821): CodeIgniter\Router\RouteCollection->loadRoutes()
11 SYSTEMPATH\CodeIgniter.php(455): CodeIgniter\CodeIgniter->tryToRouteIt(null)
12 SYSTEMPATH\CodeIgniter.php(354): CodeIgniter\CodeIgniter->handleRequest(null, Object(Config\Cache), false)
13 SYSTEMPATH\Boot.php(363): CodeIgniter\CodeIgniter->run()
14 SYSTEMPATH\Boot.php(68): CodeIgniter\Boot::runCodeIgniter(Object(CodeIgniter\CodeIgniter))
15 FCPATH\index.php(59): CodeIgniter\Boot::bootWeb(Object(Config\Paths))
DEBUG - 2025-10-09 15:36:24 --> Session: Class initialized using 'CodeIgniter\Session\Handlers\FileHandler' driver.
WARNING - 2025-10-09 15:36:26 --> [DEPRECATED] Passing lowercase HTTP method "post" is deprecated. Use uppercase HTTP method like "POST". in SYSTEMPATH\Router\RouteCollection.php on line 1029.
 1 SYSTEMPATH\Router\RouteCollection.php(1029): trigger_error('Passing lowercase HTTP method "post" is deprecated. Use uppercase HTTP method like "POST".', 16384)
 2 APPPATH\Config\Routes.php(34): CodeIgniter\Router\RouteCollection->match([...], 'courses', 'Courses::store', [...])
 3 SYSTEMPATH\Router\RouteCollection.php(799): CodeIgniter\Router\RouteCollection->{closure}(Object(CodeIgniter\Router\RouteCollection))
 4 APPPATH\Config\Routes.php(41): CodeIgniter\Router\RouteCollection->group('admin', [...], Object(Closure))
 5 SYSTEMPATH\Router\RouteCollection.php(799): CodeIgniter\Router\RouteCollection->{closure}(Object(CodeIgniter\Router\RouteCollection))
 6 APPPATH\Config\Routes.php(54): CodeIgniter\Router\RouteCollection->group('', [...], Object(Closure))
 7 SYSTEMPATH\Router\RouteCollection.php(799): CodeIgniter\Router\RouteCollection->{closure}(Object(CodeIgniter\Router\RouteCollection))
 8 APPPATH\Config\Routes.php(55): CodeIgniter\Router\RouteCollection->group('', [...], Object(Closure))
 9 SYSTEMPATH\Router\RouteCollection.php(339): require('C:\\xampp\\htdocs\\ITE311-GOMEZ\\app\\Config\\Routes.php')
10 SYSTEMPATH\CodeIgniter.php(821): CodeIgniter\Router\RouteCollection->loadRoutes()
11 SYSTEMPATH\CodeIgniter.php(455): CodeIgniter\CodeIgniter->tryToRouteIt(null)
12 SYSTEMPATH\CodeIgniter.php(354): CodeIgniter\CodeIgniter->handleRequest(null, Object(Config\Cache), false)
13 SYSTEMPATH\Boot.php(363): CodeIgniter\CodeIgniter->run()
14 SYSTEMPATH\Boot.php(68): CodeIgniter\Boot::runCodeIgniter(Object(CodeIgniter\CodeIgniter))
15 FCPATH\index.php(59): CodeIgniter\Boot::bootWeb(Object(Config\Paths))
DEBUG - 2025-10-09 15:36:26 --> Session: Class initialized using 'CodeIgniter\Session\Handlers\FileHandler' driver.
ERROR - 2025-10-09 15:36:26 --> Enrollment error: Failed to create enrollment record\n#0 C:\xampp\htdocs\ITE311-GOMEZ\system\CodeIgniter.php(933): App\Controllers\Student\Courses->enroll('1')
#1 C:\xampp\htdocs\ITE311-GOMEZ\system\CodeIgniter.php(507): CodeIgniter\CodeIgniter->runController(Object(App\Controllers\Student\Courses))
#2 C:\xampp\htdocs\ITE311-GOMEZ\system\CodeIgniter.php(354): CodeIgniter\CodeIgniter->handleRequest(NULL, Object(Config\Cache), false)
#3 C:\xampp\htdocs\ITE311-GOMEZ\system\Boot.php(363): CodeIgniter\CodeIgniter->run()
#4 C:\xampp\htdocs\ITE311-GOMEZ\system\Boot.php(68): CodeIgniter\Boot::runCodeIgniter(Object(CodeIgniter\CodeIgniter))
#5 C:\xampp\htdocs\ITE311-GOMEZ\public\index.php(59): CodeIgniter\Boot::bootWeb(Object(Config\Paths))
#6 {main}
WARNING - 2025-10-09 15:36:26 --> [DEPRECATED] Passing lowercase HTTP method "post" is deprecated. Use uppercase HTTP method like "POST". in SYSTEMPATH\Router\RouteCollection.php on line 1029.
 1 SYSTEMPATH\Router\RouteCollection.php(1029): trigger_error('Passing lowercase HTTP method "post" is deprecated. Use uppercase HTTP method like "POST".', 16384)
 2 APPPATH\Config\Routes.php(34): CodeIgniter\Router\RouteCollection->match([...], 'courses', 'Courses::store', [...])
 3 SYSTEMPATH\Router\RouteCollection.php(799): CodeIgniter\Router\RouteCollection->{closure}(Object(CodeIgniter\Router\RouteCollection))
 4 APPPATH\Config\Routes.php(41): CodeIgniter\Router\RouteCollection->group('admin', [...], Object(Closure))
 5 SYSTEMPATH\Router\RouteCollection.php(799): CodeIgniter\Router\RouteCollection->{closure}(Object(CodeIgniter\Router\RouteCollection))
 6 APPPATH\Config\Routes.php(54): CodeIgniter\Router\RouteCollection->group('', [...], Object(Closure))
 7 SYSTEMPATH\Router\RouteCollection.php(799): CodeIgniter\Router\RouteCollection->{closure}(Object(CodeIgniter\Router\RouteCollection))
 8 APPPATH\Config\Routes.php(55): CodeIgniter\Router\RouteCollection->group('', [...], Object(Closure))
 9 SYSTEMPATH\Router\RouteCollection.php(339): require('C:\\xampp\\htdocs\\ITE311-GOMEZ\\app\\Config\\Routes.php')
10 SYSTEMPATH\CodeIgniter.php(821): CodeIgniter\Router\RouteCollection->loadRoutes()
11 SYSTEMPATH\CodeIgniter.php(455): CodeIgniter\CodeIgniter->tryToRouteIt(null)
12 SYSTEMPATH\CodeIgniter.php(354): CodeIgniter\CodeIgniter->handleRequest(null, Object(Config\Cache), false)
13 SYSTEMPATH\Boot.php(363): CodeIgniter\CodeIgniter->run()
14 SYSTEMPATH\Boot.php(68): CodeIgniter\Boot::runCodeIgniter(Object(CodeIgniter\CodeIgniter))
15 FCPATH\index.php(59): CodeIgniter\Boot::bootWeb(Object(Config\Paths))
DEBUG - 2025-10-09 15:36:26 --> Session: Class initialized using 'CodeIgniter\Session\Handlers\FileHandler' driver.
WARNING - 2025-10-09 15:36:37 --> [DEPRECATED] Passing lowercase HTTP method "post" is deprecated. Use uppercase HTTP method like "POST". in SYSTEMPATH\Router\RouteCollection.php on line 1029.
 1 SYSTEMPATH\Router\RouteCollection.php(1029): trigger_error('Passing lowercase HTTP method "post" is deprecated. Use uppercase HTTP method like "POST".', 16384)
 2 APPPATH\Config\Routes.php(34): CodeIgniter\Router\RouteCollection->match([...], 'courses', 'Courses::store', [...])
 3 SYSTEMPATH\Router\RouteCollection.php(799): CodeIgniter\Router\RouteCollection->{closure}(Object(CodeIgniter\Router\RouteCollection))
 4 APPPATH\Config\Routes.php(41): CodeIgniter\Router\RouteCollection->group('admin', [...], Object(Closure))
 5 SYSTEMPATH\Router\RouteCollection.php(799): CodeIgniter\Router\RouteCollection->{closure}(Object(CodeIgniter\Router\RouteCollection))
 6 APPPATH\Config\Routes.php(54): CodeIgniter\Router\RouteCollection->group('', [...], Object(Closure))
 7 SYSTEMPATH\Router\RouteCollection.php(799): CodeIgniter\Router\RouteCollection->{closure}(Object(CodeIgniter\Router\RouteCollection))
 8 APPPATH\Config\Routes.php(55): CodeIgniter\Router\RouteCollection->group('', [...], Object(Closure))
 9 SYSTEMPATH\Router\RouteCollection.php(339): require('C:\\xampp\\htdocs\\ITE311-GOMEZ\\app\\Config\\Routes.php')
10 SYSTEMPATH\CodeIgniter.php(821): CodeIgniter\Router\RouteCollection->loadRoutes()
11 SYSTEMPATH\CodeIgniter.php(455): CodeIgniter\CodeIgniter->tryToRouteIt(null)
12 SYSTEMPATH\CodeIgniter.php(354): CodeIgniter\CodeIgniter->handleRequest(null, Object(Config\Cache), false)
13 SYSTEMPATH\Boot.php(363): CodeIgniter\CodeIgniter->run()
14 SYSTEMPATH\Boot.php(68): CodeIgniter\Boot::runCodeIgniter(Object(CodeIgniter\CodeIgniter))
15 FCPATH\index.php(59): CodeIgniter\Boot::bootWeb(Object(Config\Paths))
DEBUG - 2025-10-09 15:36:37 --> Session: Class initialized using 'CodeIgniter\Session\Handlers\FileHandler' driver.
ERROR - 2025-10-09 15:36:37 --> Enrollment error: Failed to create enrollment record\n#0 C:\xampp\htdocs\ITE311-GOMEZ\system\CodeIgniter.php(933): App\Controllers\Student\Courses->enroll('1')
#1 C:\xampp\htdocs\ITE311-GOMEZ\system\CodeIgniter.php(507): CodeIgniter\CodeIgniter->runController(Object(App\Controllers\Student\Courses))
#2 C:\xampp\htdocs\ITE311-GOMEZ\system\CodeIgniter.php(354): CodeIgniter\CodeIgniter->handleRequest(NULL, Object(Config\Cache), false)
#3 C:\xampp\htdocs\ITE311-GOMEZ\system\Boot.php(363): CodeIgniter\CodeIgniter->run()
#4 C:\xampp\htdocs\ITE311-GOMEZ\system\Boot.php(68): CodeIgniter\Boot::runCodeIgniter(Object(CodeIgniter\CodeIgniter))
#5 C:\xampp\htdocs\ITE311-GOMEZ\public\index.php(59): CodeIgniter\Boot::bootWeb(Object(Config\Paths))
#6 {main}
WARNING - 2025-10-09 15:36:37 --> [DEPRECATED] Passing lowercase HTTP method "post" is deprecated. Use uppercase HTTP method like "POST". in SYSTEMPATH\Router\RouteCollection.php on line 1029.
 1 SYSTEMPATH\Router\RouteCollection.php(1029): trigger_error('Passing lowercase HTTP method "post" is deprecated. Use uppercase HTTP method like "POST".', 16384)
 2 APPPATH\Config\Routes.php(34): CodeIgniter\Router\RouteCollection->match([...], 'courses', 'Courses::store', [...])
 3 SYSTEMPATH\Router\RouteCollection.php(799): CodeIgniter\Router\RouteCollection->{closure}(Object(CodeIgniter\Router\RouteCollection))
 4 APPPATH\Config\Routes.php(41): CodeIgniter\Router\RouteCollection->group('admin', [...], Object(Closure))
 5 SYSTEMPATH\Router\RouteCollection.php(799): CodeIgniter\Router\RouteCollection->{closure}(Object(CodeIgniter\Router\RouteCollection))
 6 APPPATH\Config\Routes.php(54): CodeIgniter\Router\RouteCollection->group('', [...], Object(Closure))
 7 SYSTEMPATH\Router\RouteCollection.php(799): CodeIgniter\Router\RouteCollection->{closure}(Object(CodeIgniter\Router\RouteCollection))
 8 APPPATH\Config\Routes.php(55): CodeIgniter\Router\RouteCollection->group('', [...], Object(Closure))
 9 SYSTEMPATH\Router\RouteCollection.php(339): require('C:\\xampp\\htdocs\\ITE311-GOMEZ\\app\\Config\\Routes.php')
10 SYSTEMPATH\CodeIgniter.php(821): CodeIgniter\Router\RouteCollection->loadRoutes()
11 SYSTEMPATH\CodeIgniter.php(455): CodeIgniter\CodeIgniter->tryToRouteIt(null)
12 SYSTEMPATH\CodeIgniter.php(354): CodeIgniter\CodeIgniter->handleRequest(null, Object(Config\Cache), false)
13 SYSTEMPATH\Boot.php(363): CodeIgniter\CodeIgniter->run()
14 SYSTEMPATH\Boot.php(68): CodeIgniter\Boot::runCodeIgniter(Object(CodeIgniter\CodeIgniter))
15 FCPATH\index.php(59): CodeIgniter\Boot::bootWeb(Object(Config\Paths))
DEBUG - 2025-10-09 15:36:37 --> Session: Class initialized using 'CodeIgniter\Session\Handlers\FileHandler' driver.
WARNING - 2025-10-09 15:37:11 --> [DEPRECATED] Passing lowercase HTTP method "post" is deprecated. Use uppercase HTTP method like "POST". in SYSTEMPATH\Router\RouteCollection.php on line 1029.
 1 SYSTEMPATH\Router\RouteCollection.php(1029): trigger_error('Passing lowercase HTTP method "post" is deprecated. Use uppercase HTTP method like "POST".', 16384)
 2 APPPATH\Config\Routes.php(34): CodeIgniter\Router\RouteCollection->match([...], 'courses', 'Courses::store', [...])
 3 SYSTEMPATH\Router\RouteCollection.php(799): CodeIgniter\Router\RouteCollection->{closure}(Object(CodeIgniter\Router\RouteCollection))
 4 APPPATH\Config\Routes.php(41): CodeIgniter\Router\RouteCollection->group('admin', [...], Object(Closure))
 5 SYSTEMPATH\Router\RouteCollection.php(799): CodeIgniter\Router\RouteCollection->{closure}(Object(CodeIgniter\Router\RouteCollection))
 6 APPPATH\Config\Routes.php(54): CodeIgniter\Router\RouteCollection->group('', [...], Object(Closure))
 7 SYSTEMPATH\Router\RouteCollection.php(799): CodeIgniter\Router\RouteCollection->{closure}(Object(CodeIgniter\Router\RouteCollection))
 8 APPPATH\Config\Routes.php(55): CodeIgniter\Router\RouteCollection->group('', [...], Object(Closure))
 9 SYSTEMPATH\Router\RouteCollection.php(339): require('C:\\xampp\\htdocs\\ITE311-GOMEZ\\app\\Config\\Routes.php')
10 SYSTEMPATH\CodeIgniter.php(821): CodeIgniter\Router\RouteCollection->loadRoutes()
11 SYSTEMPATH\CodeIgniter.php(455): CodeIgniter\CodeIgniter->tryToRouteIt(null)
12 SYSTEMPATH\CodeIgniter.php(354): CodeIgniter\CodeIgniter->handleRequest(null, Object(Config\Cache), false)
13 SYSTEMPATH\Boot.php(363): CodeIgniter\CodeIgniter->run()
14 SYSTEMPATH\Boot.php(68): CodeIgniter\Boot::runCodeIgniter(Object(CodeIgniter\CodeIgniter))
15 FCPATH\index.php(59): CodeIgniter\Boot::bootWeb(Object(Config\Paths))
DEBUG - 2025-10-09 15:37:11 --> Session: Class initialized using 'CodeIgniter\Session\Handlers\FileHandler' driver.
WARNING - 2025-10-09 15:37:12 --> [DEPRECATED] Passing lowercase HTTP method "post" is deprecated. Use uppercase HTTP method like "POST". in SYSTEMPATH\Router\RouteCollection.php on line 1029.
 1 SYSTEMPATH\Router\RouteCollection.php(1029): trigger_error('Passing lowercase HTTP method "post" is deprecated. Use uppercase HTTP method like "POST".', 16384)
 2 APPPATH\Config\Routes.php(34): CodeIgniter\Router\RouteCollection->match([...], 'courses', 'Courses::store', [...])
 3 SYSTEMPATH\Router\RouteCollection.php(799): CodeIgniter\Router\RouteCollection->{closure}(Object(CodeIgniter\Router\RouteCollection))
 4 APPPATH\Config\Routes.php(41): CodeIgniter\Router\RouteCollection->group('admin', [...], Object(Closure))
 5 SYSTEMPATH\Router\RouteCollection.php(799): CodeIgniter\Router\RouteCollection->{closure}(Object(CodeIgniter\Router\RouteCollection))
 6 APPPATH\Config\Routes.php(54): CodeIgniter\Router\RouteCollection->group('', [...], Object(Closure))
 7 SYSTEMPATH\Router\RouteCollection.php(799): CodeIgniter\Router\RouteCollection->{closure}(Object(CodeIgniter\Router\RouteCollection))
 8 APPPATH\Config\Routes.php(55): CodeIgniter\Router\RouteCollection->group('', [...], Object(Closure))
 9 SYSTEMPATH\Router\RouteCollection.php(339): require('C:\\xampp\\htdocs\\ITE311-GOMEZ\\app\\Config\\Routes.php')
10 SYSTEMPATH\CodeIgniter.php(821): CodeIgniter\Router\RouteCollection->loadRoutes()
11 SYSTEMPATH\CodeIgniter.php(455): CodeIgniter\CodeIgniter->tryToRouteIt(null)
12 SYSTEMPATH\CodeIgniter.php(354): CodeIgniter\CodeIgniter->handleRequest(null, Object(Config\Cache), false)
13 SYSTEMPATH\Boot.php(363): CodeIgniter\CodeIgniter->run()
14 SYSTEMPATH\Boot.php(68): CodeIgniter\Boot::runCodeIgniter(Object(CodeIgniter\CodeIgniter))
15 FCPATH\index.php(59): CodeIgniter\Boot::bootWeb(Object(Config\Paths))
DEBUG - 2025-10-09 15:37:12 --> Session: Class initialized using 'CodeIgniter\Session\Handlers\FileHandler' driver.
ERROR - 2025-10-09 15:37:13 --> Enrollment error: Failed to create enrollment record\n#0 C:\xampp\htdocs\ITE311-GOMEZ\system\CodeIgniter.php(933): App\Controllers\Student\Courses->enroll('1')
#1 C:\xampp\htdocs\ITE311-GOMEZ\system\CodeIgniter.php(507): CodeIgniter\CodeIgniter->runController(Object(App\Controllers\Student\Courses))
#2 C:\xampp\htdocs\ITE311-GOMEZ\system\CodeIgniter.php(354): CodeIgniter\CodeIgniter->handleRequest(NULL, Object(Config\Cache), false)
#3 C:\xampp\htdocs\ITE311-GOMEZ\system\Boot.php(363): CodeIgniter\CodeIgniter->run()
#4 C:\xampp\htdocs\ITE311-GOMEZ\system\Boot.php(68): CodeIgniter\Boot::runCodeIgniter(Object(CodeIgniter\CodeIgniter))
#5 C:\xampp\htdocs\ITE311-GOMEZ\public\index.php(59): CodeIgniter\Boot::bootWeb(Object(Config\Paths))
#6 {main}
WARNING - 2025-10-09 15:37:13 --> [DEPRECATED] Passing lowercase HTTP method "post" is deprecated. Use uppercase HTTP method like "POST". in SYSTEMPATH\Router\RouteCollection.php on line 1029.
 1 SYSTEMPATH\Router\RouteCollection.php(1029): trigger_error('Passing lowercase HTTP method "post" is deprecated. Use uppercase HTTP method like "POST".', 16384)
 2 APPPATH\Config\Routes.php(34): CodeIgniter\Router\RouteCollection->match([...], 'courses', 'Courses::store', [...])
 3 SYSTEMPATH\Router\RouteCollection.php(799): CodeIgniter\Router\RouteCollection->{closure}(Object(CodeIgniter\Router\RouteCollection))
 4 APPPATH\Config\Routes.php(41): CodeIgniter\Router\RouteCollection->group('admin', [...], Object(Closure))
 5 SYSTEMPATH\Router\RouteCollection.php(799): CodeIgniter\Router\RouteCollection->{closure}(Object(CodeIgniter\Router\RouteCollection))
 6 APPPATH\Config\Routes.php(54): CodeIgniter\Router\RouteCollection->group('', [...], Object(Closure))
 7 SYSTEMPATH\Router\RouteCollection.php(799): CodeIgniter\Router\RouteCollection->{closure}(Object(CodeIgniter\Router\RouteCollection))
 8 APPPATH\Config\Routes.php(55): CodeIgniter\Router\RouteCollection->group('', [...], Object(Closure))
 9 SYSTEMPATH\Router\RouteCollection.php(339): require('C:\\xampp\\htdocs\\ITE311-GOMEZ\\app\\Config\\Routes.php')
10 SYSTEMPATH\CodeIgniter.php(821): CodeIgniter\Router\RouteCollection->loadRoutes()
11 SYSTEMPATH\CodeIgniter.php(455): CodeIgniter\CodeIgniter->tryToRouteIt(null)
12 SYSTEMPATH\CodeIgniter.php(354): CodeIgniter\CodeIgniter->handleRequest(null, Object(Config\Cache), false)
13 SYSTEMPATH\Boot.php(363): CodeIgniter\CodeIgniter->run()
14 SYSTEMPATH\Boot.php(68): CodeIgniter\Boot::runCodeIgniter(Object(CodeIgniter\CodeIgniter))
15 FCPATH\index.php(59): CodeIgniter\Boot::bootWeb(Object(Config\Paths))
DEBUG - 2025-10-09 15:37:13 --> Session: Class initialized using 'CodeIgniter\Session\Handlers\FileHandler' driver.
WARNING - 2025-10-09 15:37:22 --> [DEPRECATED] Passing lowercase HTTP method "post" is deprecated. Use uppercase HTTP method like "POST". in SYSTEMPATH\Router\RouteCollection.php on line 1029.
 1 SYSTEMPATH\Router\RouteCollection.php(1029): trigger_error('Passing lowercase HTTP method "post" is deprecated. Use uppercase HTTP method like "POST".', 16384)
 2 APPPATH\Config\Routes.php(34): CodeIgniter\Router\RouteCollection->match([...], 'courses', 'Courses::store', [...])
 3 SYSTEMPATH\Router\RouteCollection.php(799): CodeIgniter\Router\RouteCollection->{closure}(Object(CodeIgniter\Router\RouteCollection))
 4 APPPATH\Config\Routes.php(41): CodeIgniter\Router\RouteCollection->group('admin', [...], Object(Closure))
 5 SYSTEMPATH\Router\RouteCollection.php(799): CodeIgniter\Router\RouteCollection->{closure}(Object(CodeIgniter\Router\RouteCollection))
 6 APPPATH\Config\Routes.php(54): CodeIgniter\Router\RouteCollection->group('', [...], Object(Closure))
 7 SYSTEMPATH\Router\RouteCollection.php(799): CodeIgniter\Router\RouteCollection->{closure}(Object(CodeIgniter\Router\RouteCollection))
 8 APPPATH\Config\Routes.php(55): CodeIgniter\Router\RouteCollection->group('', [...], Object(Closure))
 9 SYSTEMPATH\Router\RouteCollection.php(339): require('C:\\xampp\\htdocs\\ITE311-GOMEZ\\app\\Config\\Routes.php')
10 SYSTEMPATH\CodeIgniter.php(821): CodeIgniter\Router\RouteCollection->loadRoutes()
11 SYSTEMPATH\CodeIgniter.php(455): CodeIgniter\CodeIgniter->tryToRouteIt(null)
12 SYSTEMPATH\CodeIgniter.php(354): CodeIgniter\CodeIgniter->handleRequest(null, Object(Config\Cache), false)
13 SYSTEMPATH\Boot.php(363): CodeIgniter\CodeIgniter->run()
14 SYSTEMPATH\Boot.php(68): CodeIgniter\Boot::runCodeIgniter(Object(CodeIgniter\CodeIgniter))
15 FCPATH\index.php(59): CodeIgniter\Boot::bootWeb(Object(Config\Paths))
DEBUG - 2025-10-09 15:37:22 --> Session: Class initialized using 'CodeIgniter\Session\Handlers\FileHandler' driver.
ERROR - 2025-10-09 15:37:22 --> Enrollment error: Failed to create enrollment record\n#0 C:\xampp\htdocs\ITE311-GOMEZ\system\CodeIgniter.php(933): App\Controllers\Student\Courses->enroll('1')
#1 C:\xampp\htdocs\ITE311-GOMEZ\system\CodeIgniter.php(507): CodeIgniter\CodeIgniter->runController(Object(App\Controllers\Student\Courses))
#2 C:\xampp\htdocs\ITE311-GOMEZ\system\CodeIgniter.php(354): CodeIgniter\CodeIgniter->handleRequest(NULL, Object(Config\Cache), false)
#3 C:\xampp\htdocs\ITE311-GOMEZ\system\Boot.php(363): CodeIgniter\CodeIgniter->run()
#4 C:\xampp\htdocs\ITE311-GOMEZ\system\Boot.php(68): CodeIgniter\Boot::runCodeIgniter(Object(CodeIgniter\CodeIgniter))
#5 C:\xampp\htdocs\ITE311-GOMEZ\public\index.php(59): CodeIgniter\Boot::bootWeb(Object(Config\Paths))
#6 {main}
WARNING - 2025-10-09 15:37:22 --> [DEPRECATED] Passing lowercase HTTP method "post" is deprecated. Use uppercase HTTP method like "POST". in SYSTEMPATH\Router\RouteCollection.php on line 1029.
 1 SYSTEMPATH\Router\RouteCollection.php(1029): trigger_error('Passing lowercase HTTP method "post" is deprecated. Use uppercase HTTP method like "POST".', 16384)
 2 APPPATH\Config\Routes.php(34): CodeIgniter\Router\RouteCollection->match([...], 'courses', 'Courses::store', [...])
 3 SYSTEMPATH\Router\RouteCollection.php(799): CodeIgniter\Router\RouteCollection->{closure}(Object(CodeIgniter\Router\RouteCollection))
 4 APPPATH\Config\Routes.php(41): CodeIgniter\Router\RouteCollection->group('admin', [...], Object(Closure))
 5 SYSTEMPATH\Router\RouteCollection.php(799): CodeIgniter\Router\RouteCollection->{closure}(Object(CodeIgniter\Router\RouteCollection))
 6 APPPATH\Config\Routes.php(54): CodeIgniter\Router\RouteCollection->group('', [...], Object(Closure))
 7 SYSTEMPATH\Router\RouteCollection.php(799): CodeIgniter\Router\RouteCollection->{closure}(Object(CodeIgniter\Router\RouteCollection))
 8 APPPATH\Config\Routes.php(55): CodeIgniter\Router\RouteCollection->group('', [...], Object(Closure))
 9 SYSTEMPATH\Router\RouteCollection.php(339): require('C:\\xampp\\htdocs\\ITE311-GOMEZ\\app\\Config\\Routes.php')
10 SYSTEMPATH\CodeIgniter.php(821): CodeIgniter\Router\RouteCollection->loadRoutes()
11 SYSTEMPATH\CodeIgniter.php(455): CodeIgniter\CodeIgniter->tryToRouteIt(null)
12 SYSTEMPATH\CodeIgniter.php(354): CodeIgniter\CodeIgniter->handleRequest(null, Object(Config\Cache), false)
13 SYSTEMPATH\Boot.php(363): CodeIgniter\CodeIgniter->run()
14 SYSTEMPATH\Boot.php(68): CodeIgniter\Boot::runCodeIgniter(Object(CodeIgniter\CodeIgniter))
15 FCPATH\index.php(59): CodeIgniter\Boot::bootWeb(Object(Config\Paths))
DEBUG - 2025-10-09 15:37:22 --> Session: Class initialized using 'CodeIgniter\Session\Handlers\FileHandler' driver.
WARNING - 2025-10-09 15:37:35 --> [DEPRECATED] Passing lowercase HTTP method "post" is deprecated. Use uppercase HTTP method like "POST". in SYSTEMPATH\Router\RouteCollection.php on line 1029.
 1 SYSTEMPATH\Router\RouteCollection.php(1029): trigger_error('Passing lowercase HTTP method "post" is deprecated. Use uppercase HTTP method like "POST".', 16384)
 2 APPPATH\Config\Routes.php(34): CodeIgniter\Router\RouteCollection->match([...], 'courses', 'Courses::store', [...])
 3 SYSTEMPATH\Router\RouteCollection.php(799): CodeIgniter\Router\RouteCollection->{closure}(Object(CodeIgniter\Router\RouteCollection))
 4 APPPATH\Config\Routes.php(41): CodeIgniter\Router\RouteCollection->group('admin', [...], Object(Closure))
 5 SYSTEMPATH\Router\RouteCollection.php(799): CodeIgniter\Router\RouteCollection->{closure}(Object(CodeIgniter\Router\RouteCollection))
 6 APPPATH\Config\Routes.php(54): CodeIgniter\Router\RouteCollection->group('', [...], Object(Closure))
 7 SYSTEMPATH\Router\RouteCollection.php(799): CodeIgniter\Router\RouteCollection->{closure}(Object(CodeIgniter\Router\RouteCollection))
 8 APPPATH\Config\Routes.php(55): CodeIgniter\Router\RouteCollection->group('', [...], Object(Closure))
 9 SYSTEMPATH\Router\RouteCollection.php(339): require('C:\\xampp\\htdocs\\ITE311-GOMEZ\\app\\Config\\Routes.php')
10 SYSTEMPATH\CodeIgniter.php(821): CodeIgniter\Router\RouteCollection->loadRoutes()
11 SYSTEMPATH\CodeIgniter.php(455): CodeIgniter\CodeIgniter->tryToRouteIt(null)
12 SYSTEMPATH\CodeIgniter.php(354): CodeIgniter\CodeIgniter->handleRequest(null, Object(Config\Cache), false)
13 SYSTEMPATH\Boot.php(363): CodeIgniter\CodeIgniter->run()
14 SYSTEMPATH\Boot.php(68): CodeIgniter\Boot::runCodeIgniter(Object(CodeIgniter\CodeIgniter))
15 FCPATH\index.php(59): CodeIgniter\Boot::bootWeb(Object(Config\Paths))
DEBUG - 2025-10-09 15:37:35 --> Session: Class initialized using 'CodeIgniter\Session\Handlers\FileHandler' driver.
ERROR - 2025-10-09 15:37:35 --> Enrollment error: Failed to create enrollment record\n#0 C:\xampp\htdocs\ITE311-GOMEZ\system\CodeIgniter.php(933): App\Controllers\Student\Courses->enroll('1')
#1 C:\xampp\htdocs\ITE311-GOMEZ\system\CodeIgniter.php(507): CodeIgniter\CodeIgniter->runController(Object(App\Controllers\Student\Courses))
#2 C:\xampp\htdocs\ITE311-GOMEZ\system\CodeIgniter.php(354): CodeIgniter\CodeIgniter->handleRequest(NULL, Object(Config\Cache), false)
#3 C:\xampp\htdocs\ITE311-GOMEZ\system\Boot.php(363): CodeIgniter\CodeIgniter->run()
#4 C:\xampp\htdocs\ITE311-GOMEZ\system\Boot.php(68): CodeIgniter\Boot::runCodeIgniter(Object(CodeIgniter\CodeIgniter))
#5 C:\xampp\htdocs\ITE311-GOMEZ\public\index.php(59): CodeIgniter\Boot::bootWeb(Object(Config\Paths))
#6 {main}
WARNING - 2025-10-09 15:37:35 --> [DEPRECATED] Passing lowercase HTTP method "post" is deprecated. Use uppercase HTTP method like "POST". in SYSTEMPATH\Router\RouteCollection.php on line 1029.
 1 SYSTEMPATH\Router\RouteCollection.php(1029): trigger_error('Passing lowercase HTTP method "post" is deprecated. Use uppercase HTTP method like "POST".', 16384)
 2 APPPATH\Config\Routes.php(34): CodeIgniter\Router\RouteCollection->match([...], 'courses', 'Courses::store', [...])
 3 SYSTEMPATH\Router\RouteCollection.php(799): CodeIgniter\Router\RouteCollection->{closure}(Object(CodeIgniter\Router\RouteCollection))
 4 APPPATH\Config\Routes.php(41): CodeIgniter\Router\RouteCollection->group('admin', [...], Object(Closure))
 5 SYSTEMPATH\Router\RouteCollection.php(799): CodeIgniter\Router\RouteCollection->{closure}(Object(CodeIgniter\Router\RouteCollection))
 6 APPPATH\Config\Routes.php(54): CodeIgniter\Router\RouteCollection->group('', [...], Object(Closure))
 7 SYSTEMPATH\Router\RouteCollection.php(799): CodeIgniter\Router\RouteCollection->{closure}(Object(CodeIgniter\Router\RouteCollection))
 8 APPPATH\Config\Routes.php(55): CodeIgniter\Router\RouteCollection->group('', [...], Object(Closure))
 9 SYSTEMPATH\Router\RouteCollection.php(339): require('C:\\xampp\\htdocs\\ITE311-GOMEZ\\app\\Config\\Routes.php')
10 SYSTEMPATH\CodeIgniter.php(821): CodeIgniter\Router\RouteCollection->loadRoutes()
11 SYSTEMPATH\CodeIgniter.php(455): CodeIgniter\CodeIgniter->tryToRouteIt(null)
12 SYSTEMPATH\CodeIgniter.php(354): CodeIgniter\CodeIgniter->handleRequest(null, Object(Config\Cache), false)
13 SYSTEMPATH\Boot.php(363): CodeIgniter\CodeIgniter->run()
14 SYSTEMPATH\Boot.php(68): CodeIgniter\Boot::runCodeIgniter(Object(CodeIgniter\CodeIgniter))
15 FCPATH\index.php(59): CodeIgniter\Boot::bootWeb(Object(Config\Paths))
DEBUG - 2025-10-09 15:37:35 --> Session: Class initialized using 'CodeIgniter\Session\Handlers\FileHandler' driver.
WARNING - 2025-10-09 15:38:39 --> [DEPRECATED] Passing lowercase HTTP method "post" is deprecated. Use uppercase HTTP method like "POST". in SYSTEMPATH\Router\RouteCollection.php on line 1029.
 1 SYSTEMPATH\Router\RouteCollection.php(1029): trigger_error('Passing lowercase HTTP method "post" is deprecated. Use uppercase HTTP method like "POST".', 16384)
 2 APPPATH\Config\Routes.php(34): CodeIgniter\Router\RouteCollection->match([...], 'courses', 'Courses::store', [...])
 3 SYSTEMPATH\Router\RouteCollection.php(799): CodeIgniter\Router\RouteCollection->{closure}(Object(CodeIgniter\Router\RouteCollection))
 4 APPPATH\Config\Routes.php(41): CodeIgniter\Router\RouteCollection->group('admin', [...], Object(Closure))
 5 SYSTEMPATH\Router\RouteCollection.php(799): CodeIgniter\Router\RouteCollection->{closure}(Object(CodeIgniter\Router\RouteCollection))
 6 APPPATH\Config\Routes.php(54): CodeIgniter\Router\RouteCollection->group('', [...], Object(Closure))
 7 SYSTEMPATH\Router\RouteCollection.php(799): CodeIgniter\Router\RouteCollection->{closure}(Object(CodeIgniter\Router\RouteCollection))
 8 APPPATH\Config\Routes.php(55): CodeIgniter\Router\RouteCollection->group('', [...], Object(Closure))
 9 SYSTEMPATH\Router\RouteCollection.php(339): require('C:\\xampp\\htdocs\\ITE311-GOMEZ\\app\\Config\\Routes.php')
10 SYSTEMPATH\CodeIgniter.php(821): CodeIgniter\Router\RouteCollection->loadRoutes()
11 SYSTEMPATH\CodeIgniter.php(455): CodeIgniter\CodeIgniter->tryToRouteIt(null)
12 SYSTEMPATH\CodeIgniter.php(354): CodeIgniter\CodeIgniter->handleRequest(null, Object(Config\Cache), false)
13 SYSTEMPATH\Boot.php(363): CodeIgniter\CodeIgniter->run()
14 SYSTEMPATH\Boot.php(68): CodeIgniter\Boot::runCodeIgniter(Object(CodeIgniter\CodeIgniter))
15 FCPATH\index.php(59): CodeIgniter\Boot::bootWeb(Object(Config\Paths))
DEBUG - 2025-10-09 15:38:39 --> Session: Class initialized using 'CodeIgniter\Session\Handlers\FileHandler' driver.
WARNING - 2025-10-09 15:38:41 --> [DEPRECATED] Passing lowercase HTTP method "post" is deprecated. Use uppercase HTTP method like "POST". in SYSTEMPATH\Router\RouteCollection.php on line 1029.
 1 SYSTEMPATH\Router\RouteCollection.php(1029): trigger_error('Passing lowercase HTTP method "post" is deprecated. Use uppercase HTTP method like "POST".', 16384)
 2 APPPATH\Config\Routes.php(34): CodeIgniter\Router\RouteCollection->match([...], 'courses', 'Courses::store', [...])
 3 SYSTEMPATH\Router\RouteCollection.php(799): CodeIgniter\Router\RouteCollection->{closure}(Object(CodeIgniter\Router\RouteCollection))
 4 APPPATH\Config\Routes.php(41): CodeIgniter\Router\RouteCollection->group('admin', [...], Object(Closure))
 5 SYSTEMPATH\Router\RouteCollection.php(799): CodeIgniter\Router\RouteCollection->{closure}(Object(CodeIgniter\Router\RouteCollection))
 6 APPPATH\Config\Routes.php(54): CodeIgniter\Router\RouteCollection->group('', [...], Object(Closure))
 7 SYSTEMPATH\Router\RouteCollection.php(799): CodeIgniter\Router\RouteCollection->{closure}(Object(CodeIgniter\Router\RouteCollection))
 8 APPPATH\Config\Routes.php(55): CodeIgniter\Router\RouteCollection->group('', [...], Object(Closure))
 9 SYSTEMPATH\Router\RouteCollection.php(339): require('C:\\xampp\\htdocs\\ITE311-GOMEZ\\app\\Config\\Routes.php')
10 SYSTEMPATH\CodeIgniter.php(821): CodeIgniter\Router\RouteCollection->loadRoutes()
11 SYSTEMPATH\CodeIgniter.php(455): CodeIgniter\CodeIgniter->tryToRouteIt(null)
12 SYSTEMPATH\CodeIgniter.php(354): CodeIgniter\CodeIgniter->handleRequest(null, Object(Config\Cache), false)
13 SYSTEMPATH\Boot.php(363): CodeIgniter\CodeIgniter->run()
14 SYSTEMPATH\Boot.php(68): CodeIgniter\Boot::runCodeIgniter(Object(CodeIgniter\CodeIgniter))
15 FCPATH\index.php(59): CodeIgniter\Boot::bootWeb(Object(Config\Paths))
DEBUG - 2025-10-09 15:38:41 --> Session: Class initialized using 'CodeIgniter\Session\Handlers\FileHandler' driver.
ERROR - 2025-10-09 15:38:41 --> Enrollment error: Failed to create enrollment record\n#0 C:\xampp\htdocs\ITE311-GOMEZ\system\CodeIgniter.php(933): App\Controllers\Student\Courses->enroll('1')
#1 C:\xampp\htdocs\ITE311-GOMEZ\system\CodeIgniter.php(507): CodeIgniter\CodeIgniter->runController(Object(App\Controllers\Student\Courses))
#2 C:\xampp\htdocs\ITE311-GOMEZ\system\CodeIgniter.php(354): CodeIgniter\CodeIgniter->handleRequest(NULL, Object(Config\Cache), false)
#3 C:\xampp\htdocs\ITE311-GOMEZ\system\Boot.php(363): CodeIgniter\CodeIgniter->run()
#4 C:\xampp\htdocs\ITE311-GOMEZ\system\Boot.php(68): CodeIgniter\Boot::runCodeIgniter(Object(CodeIgniter\CodeIgniter))
#5 C:\xampp\htdocs\ITE311-GOMEZ\public\index.php(59): CodeIgniter\Boot::bootWeb(Object(Config\Paths))
#6 {main}
WARNING - 2025-10-09 15:38:41 --> [DEPRECATED] Passing lowercase HTTP method "post" is deprecated. Use uppercase HTTP method like "POST". in SYSTEMPATH\Router\RouteCollection.php on line 1029.
 1 SYSTEMPATH\Router\RouteCollection.php(1029): trigger_error('Passing lowercase HTTP method "post" is deprecated. Use uppercase HTTP method like "POST".', 16384)
 2 APPPATH\Config\Routes.php(34): CodeIgniter\Router\RouteCollection->match([...], 'courses', 'Courses::store', [...])
 3 SYSTEMPATH\Router\RouteCollection.php(799): CodeIgniter\Router\RouteCollection->{closure}(Object(CodeIgniter\Router\RouteCollection))
 4 APPPATH\Config\Routes.php(41): CodeIgniter\Router\RouteCollection->group('admin', [...], Object(Closure))
 5 SYSTEMPATH\Router\RouteCollection.php(799): CodeIgniter\Router\RouteCollection->{closure}(Object(CodeIgniter\Router\RouteCollection))
 6 APPPATH\Config\Routes.php(54): CodeIgniter\Router\RouteCollection->group('', [...], Object(Closure))
 7 SYSTEMPATH\Router\RouteCollection.php(799): CodeIgniter\Router\RouteCollection->{closure}(Object(CodeIgniter\Router\RouteCollection))
 8 APPPATH\Config\Routes.php(55): CodeIgniter\Router\RouteCollection->group('', [...], Object(Closure))
 9 SYSTEMPATH\Router\RouteCollection.php(339): require('C:\\xampp\\htdocs\\ITE311-GOMEZ\\app\\Config\\Routes.php')
10 SYSTEMPATH\CodeIgniter.php(821): CodeIgniter\Router\RouteCollection->loadRoutes()
11 SYSTEMPATH\CodeIgniter.php(455): CodeIgniter\CodeIgniter->tryToRouteIt(null)
12 SYSTEMPATH\CodeIgniter.php(354): CodeIgniter\CodeIgniter->handleRequest(null, Object(Config\Cache), false)
13 SYSTEMPATH\Boot.php(363): CodeIgniter\CodeIgniter->run()
14 SYSTEMPATH\Boot.php(68): CodeIgniter\Boot::runCodeIgniter(Object(CodeIgniter\CodeIgniter))
15 FCPATH\index.php(59): CodeIgniter\Boot::bootWeb(Object(Config\Paths))
DEBUG - 2025-10-09 15:38:41 --> Session: Class initialized using 'CodeIgniter\Session\Handlers\FileHandler' driver.
WARNING - 2025-10-09 15:39:20 --> [DEPRECATED] Passing lowercase HTTP method "post" is deprecated. Use uppercase HTTP method like "POST". in SYSTEMPATH\Router\RouteCollection.php on line 1029.
 1 SYSTEMPATH\Router\RouteCollection.php(1029): trigger_error('Passing lowercase HTTP method "post" is deprecated. Use uppercase HTTP method like "POST".', 16384)
 2 APPPATH\Config\Routes.php(34): CodeIgniter\Router\RouteCollection->match([...], 'courses', 'Courses::store', [...])
 3 SYSTEMPATH\Router\RouteCollection.php(799): CodeIgniter\Router\RouteCollection->{closure}(Object(CodeIgniter\Router\RouteCollection))
 4 APPPATH\Config\Routes.php(41): CodeIgniter\Router\RouteCollection->group('admin', [...], Object(Closure))
 5 SYSTEMPATH\Router\RouteCollection.php(799): CodeIgniter\Router\RouteCollection->{closure}(Object(CodeIgniter\Router\RouteCollection))
 6 APPPATH\Config\Routes.php(54): CodeIgniter\Router\RouteCollection->group('', [...], Object(Closure))
 7 SYSTEMPATH\Router\RouteCollection.php(799): CodeIgniter\Router\RouteCollection->{closure}(Object(CodeIgniter\Router\RouteCollection))
 8 APPPATH\Config\Routes.php(55): CodeIgniter\Router\RouteCollection->group('', [...], Object(Closure))
 9 SYSTEMPATH\Router\RouteCollection.php(339): require('C:\\xampp\\htdocs\\ITE311-GOMEZ\\app\\Config\\Routes.php')
10 SYSTEMPATH\CodeIgniter.php(821): CodeIgniter\Router\RouteCollection->loadRoutes()
11 SYSTEMPATH\CodeIgniter.php(455): CodeIgniter\CodeIgniter->tryToRouteIt(null)
12 SYSTEMPATH\CodeIgniter.php(354): CodeIgniter\CodeIgniter->handleRequest(null, Object(Config\Cache), false)
13 SYSTEMPATH\Boot.php(363): CodeIgniter\CodeIgniter->run()
14 SYSTEMPATH\Boot.php(68): CodeIgniter\Boot::runCodeIgniter(Object(CodeIgniter\CodeIgniter))
15 FCPATH\index.php(59): CodeIgniter\Boot::bootWeb(Object(Config\Paths))
DEBUG - 2025-10-09 15:39:20 --> Session: Class initialized using 'CodeIgniter\Session\Handlers\FileHandler' driver.
WARNING - 2025-10-09 15:39:21 --> [DEPRECATED] Passing lowercase HTTP method "post" is deprecated. Use uppercase HTTP method like "POST". in SYSTEMPATH\Router\RouteCollection.php on line 1029.
 1 SYSTEMPATH\Router\RouteCollection.php(1029): trigger_error('Passing lowercase HTTP method "post" is deprecated. Use uppercase HTTP method like "POST".', 16384)
 2 APPPATH\Config\Routes.php(34): CodeIgniter\Router\RouteCollection->match([...], 'courses', 'Courses::store', [...])
 3 SYSTEMPATH\Router\RouteCollection.php(799): CodeIgniter\Router\RouteCollection->{closure}(Object(CodeIgniter\Router\RouteCollection))
 4 APPPATH\Config\Routes.php(41): CodeIgniter\Router\RouteCollection->group('admin', [...], Object(Closure))
 5 SYSTEMPATH\Router\RouteCollection.php(799): CodeIgniter\Router\RouteCollection->{closure}(Object(CodeIgniter\Router\RouteCollection))
 6 APPPATH\Config\Routes.php(54): CodeIgniter\Router\RouteCollection->group('', [...], Object(Closure))
 7 SYSTEMPATH\Router\RouteCollection.php(799): CodeIgniter\Router\RouteCollection->{closure}(Object(CodeIgniter\Router\RouteCollection))
 8 APPPATH\Config\Routes.php(55): CodeIgniter\Router\RouteCollection->group('', [...], Object(Closure))
 9 SYSTEMPATH\Router\RouteCollection.php(339): require('C:\\xampp\\htdocs\\ITE311-GOMEZ\\app\\Config\\Routes.php')
10 SYSTEMPATH\CodeIgniter.php(821): CodeIgniter\Router\RouteCollection->loadRoutes()
11 SYSTEMPATH\CodeIgniter.php(455): CodeIgniter\CodeIgniter->tryToRouteIt(null)
12 SYSTEMPATH\CodeIgniter.php(354): CodeIgniter\CodeIgniter->handleRequest(null, Object(Config\Cache), false)
13 SYSTEMPATH\Boot.php(363): CodeIgniter\CodeIgniter->run()
14 SYSTEMPATH\Boot.php(68): CodeIgniter\Boot::runCodeIgniter(Object(CodeIgniter\CodeIgniter))
15 FCPATH\index.php(59): CodeIgniter\Boot::bootWeb(Object(Config\Paths))
DEBUG - 2025-10-09 15:39:21 --> Session: Class initialized using 'CodeIgniter\Session\Handlers\FileHandler' driver.
ERROR - 2025-10-09 15:39:21 --> Enrollment error: Failed to create enrollment record\n#0 C:\xampp\htdocs\ITE311-GOMEZ\system\CodeIgniter.php(933): App\Controllers\Student\Courses->enroll('1')
#1 C:\xampp\htdocs\ITE311-GOMEZ\system\CodeIgniter.php(507): CodeIgniter\CodeIgniter->runController(Object(App\Controllers\Student\Courses))
#2 C:\xampp\htdocs\ITE311-GOMEZ\system\CodeIgniter.php(354): CodeIgniter\CodeIgniter->handleRequest(NULL, Object(Config\Cache), false)
#3 C:\xampp\htdocs\ITE311-GOMEZ\system\Boot.php(363): CodeIgniter\CodeIgniter->run()
#4 C:\xampp\htdocs\ITE311-GOMEZ\system\Boot.php(68): CodeIgniter\Boot::runCodeIgniter(Object(CodeIgniter\CodeIgniter))
#5 C:\xampp\htdocs\ITE311-GOMEZ\public\index.php(59): CodeIgniter\Boot::bootWeb(Object(Config\Paths))
#6 {main}
WARNING - 2025-10-09 15:39:21 --> [DEPRECATED] Passing lowercase HTTP method "post" is deprecated. Use uppercase HTTP method like "POST". in SYSTEMPATH\Router\RouteCollection.php on line 1029.
 1 SYSTEMPATH\Router\RouteCollection.php(1029): trigger_error('Passing lowercase HTTP method "post" is deprecated. Use uppercase HTTP method like "POST".', 16384)
 2 APPPATH\Config\Routes.php(34): CodeIgniter\Router\RouteCollection->match([...], 'courses', 'Courses::store', [...])
 3 SYSTEMPATH\Router\RouteCollection.php(799): CodeIgniter\Router\RouteCollection->{closure}(Object(CodeIgniter\Router\RouteCollection))
 4 APPPATH\Config\Routes.php(41): CodeIgniter\Router\RouteCollection->group('admin', [...], Object(Closure))
 5 SYSTEMPATH\Router\RouteCollection.php(799): CodeIgniter\Router\RouteCollection->{closure}(Object(CodeIgniter\Router\RouteCollection))
 6 APPPATH\Config\Routes.php(54): CodeIgniter\Router\RouteCollection->group('', [...], Object(Closure))
 7 SYSTEMPATH\Router\RouteCollection.php(799): CodeIgniter\Router\RouteCollection->{closure}(Object(CodeIgniter\Router\RouteCollection))
 8 APPPATH\Config\Routes.php(55): CodeIgniter\Router\RouteCollection->group('', [...], Object(Closure))
 9 SYSTEMPATH\Router\RouteCollection.php(339): require('C:\\xampp\\htdocs\\ITE311-GOMEZ\\app\\Config\\Routes.php')
10 SYSTEMPATH\CodeIgniter.php(821): CodeIgniter\Router\RouteCollection->loadRoutes()
11 SYSTEMPATH\CodeIgniter.php(455): CodeIgniter\CodeIgniter->tryToRouteIt(null)
12 SYSTEMPATH\CodeIgniter.php(354): CodeIgniter\CodeIgniter->handleRequest(null, Object(Config\Cache), false)
13 SYSTEMPATH\Boot.php(363): CodeIgniter\CodeIgniter->run()
14 SYSTEMPATH\Boot.php(68): CodeIgniter\Boot::runCodeIgniter(Object(CodeIgniter\CodeIgniter))
15 FCPATH\index.php(59): CodeIgniter\Boot::bootWeb(Object(Config\Paths))
DEBUG - 2025-10-09 15:39:21 --> Session: Class initialized using 'CodeIgniter\Session\Handlers\FileHandler' driver.
WARNING - 2025-10-09 15:39:31 --> [DEPRECATED] Passing lowercase HTTP method "post" is deprecated. Use uppercase HTTP method like "POST". in SYSTEMPATH\Router\RouteCollection.php on line 1029.
 1 SYSTEMPATH\Router\RouteCollection.php(1029): trigger_error('Passing lowercase HTTP method "post" is deprecated. Use uppercase HTTP method like "POST".', 16384)
 2 APPPATH\Config\Routes.php(34): CodeIgniter\Router\RouteCollection->match([...], 'courses', 'Courses::store', [...])
 3 SYSTEMPATH\Router\RouteCollection.php(799): CodeIgniter\Router\RouteCollection->{closure}(Object(CodeIgniter\Router\RouteCollection))
 4 APPPATH\Config\Routes.php(41): CodeIgniter\Router\RouteCollection->group('admin', [...], Object(Closure))
 5 SYSTEMPATH\Router\RouteCollection.php(799): CodeIgniter\Router\RouteCollection->{closure}(Object(CodeIgniter\Router\RouteCollection))
 6 APPPATH\Config\Routes.php(54): CodeIgniter\Router\RouteCollection->group('', [...], Object(Closure))
 7 SYSTEMPATH\Router\RouteCollection.php(799): CodeIgniter\Router\RouteCollection->{closure}(Object(CodeIgniter\Router\RouteCollection))
 8 APPPATH\Config\Routes.php(55): CodeIgniter\Router\RouteCollection->group('', [...], Object(Closure))
 9 SYSTEMPATH\Router\RouteCollection.php(339): require('C:\\xampp\\htdocs\\ITE311-GOMEZ\\app\\Config\\Routes.php')
10 SYSTEMPATH\CodeIgniter.php(821): CodeIgniter\Router\RouteCollection->loadRoutes()
11 SYSTEMPATH\CodeIgniter.php(455): CodeIgniter\CodeIgniter->tryToRouteIt(null)
12 SYSTEMPATH\CodeIgniter.php(354): CodeIgniter\CodeIgniter->handleRequest(null, Object(Config\Cache), false)
13 SYSTEMPATH\Boot.php(363): CodeIgniter\CodeIgniter->run()
14 SYSTEMPATH\Boot.php(68): CodeIgniter\Boot::runCodeIgniter(Object(CodeIgniter\CodeIgniter))
15 FCPATH\index.php(59): CodeIgniter\Boot::bootWeb(Object(Config\Paths))
DEBUG - 2025-10-09 15:39:32 --> Session: Class initialized using 'CodeIgniter\Session\Handlers\FileHandler' driver.
WARNING - 2025-10-09 15:39:33 --> [DEPRECATED] Passing lowercase HTTP method "post" is deprecated. Use uppercase HTTP method like "POST". in SYSTEMPATH\Router\RouteCollection.php on line 1029.
 1 SYSTEMPATH\Router\RouteCollection.php(1029): trigger_error('Passing lowercase HTTP method "post" is deprecated. Use uppercase HTTP method like "POST".', 16384)
 2 APPPATH\Config\Routes.php(34): CodeIgniter\Router\RouteCollection->match([...], 'courses', 'Courses::store', [...])
 3 SYSTEMPATH\Router\RouteCollection.php(799): CodeIgniter\Router\RouteCollection->{closure}(Object(CodeIgniter\Router\RouteCollection))
 4 APPPATH\Config\Routes.php(41): CodeIgniter\Router\RouteCollection->group('admin', [...], Object(Closure))
 5 SYSTEMPATH\Router\RouteCollection.php(799): CodeIgniter\Router\RouteCollection->{closure}(Object(CodeIgniter\Router\RouteCollection))
 6 APPPATH\Config\Routes.php(54): CodeIgniter\Router\RouteCollection->group('', [...], Object(Closure))
 7 SYSTEMPATH\Router\RouteCollection.php(799): CodeIgniter\Router\RouteCollection->{closure}(Object(CodeIgniter\Router\RouteCollection))
 8 APPPATH\Config\Routes.php(55): CodeIgniter\Router\RouteCollection->group('', [...], Object(Closure))
 9 SYSTEMPATH\Router\RouteCollection.php(339): require('C:\\xampp\\htdocs\\ITE311-GOMEZ\\app\\Config\\Routes.php')
10 SYSTEMPATH\CodeIgniter.php(821): CodeIgniter\Router\RouteCollection->loadRoutes()
11 SYSTEMPATH\CodeIgniter.php(455): CodeIgniter\CodeIgniter->tryToRouteIt(null)
12 SYSTEMPATH\CodeIgniter.php(354): CodeIgniter\CodeIgniter->handleRequest(null, Object(Config\Cache), false)
13 SYSTEMPATH\Boot.php(363): CodeIgniter\CodeIgniter->run()
14 SYSTEMPATH\Boot.php(68): CodeIgniter\Boot::runCodeIgniter(Object(CodeIgniter\CodeIgniter))
15 FCPATH\index.php(59): CodeIgniter\Boot::bootWeb(Object(Config\Paths))
DEBUG - 2025-10-09 15:39:33 --> Session: Class initialized using 'CodeIgniter\Session\Handlers\FileHandler' driver.
ERROR - 2025-10-09 15:39:33 --> Enrollment error: Failed to create enrollment record\n#0 C:\xampp\htdocs\ITE311-GOMEZ\system\CodeIgniter.php(933): App\Controllers\Student\Courses->enroll('1')
#1 C:\xampp\htdocs\ITE311-GOMEZ\system\CodeIgniter.php(507): CodeIgniter\CodeIgniter->runController(Object(App\Controllers\Student\Courses))
#2 C:\xampp\htdocs\ITE311-GOMEZ\system\CodeIgniter.php(354): CodeIgniter\CodeIgniter->handleRequest(NULL, Object(Config\Cache), false)
#3 C:\xampp\htdocs\ITE311-GOMEZ\system\Boot.php(363): CodeIgniter\CodeIgniter->run()
#4 C:\xampp\htdocs\ITE311-GOMEZ\system\Boot.php(68): CodeIgniter\Boot::runCodeIgniter(Object(CodeIgniter\CodeIgniter))
#5 C:\xampp\htdocs\ITE311-GOMEZ\public\index.php(59): CodeIgniter\Boot::bootWeb(Object(Config\Paths))
#6 {main}
WARNING - 2025-10-09 15:39:33 --> [DEPRECATED] Passing lowercase HTTP method "post" is deprecated. Use uppercase HTTP method like "POST". in SYSTEMPATH\Router\RouteCollection.php on line 1029.
 1 SYSTEMPATH\Router\RouteCollection.php(1029): trigger_error('Passing lowercase HTTP method "post" is deprecated. Use uppercase HTTP method like "POST".', 16384)
 2 APPPATH\Config\Routes.php(34): CodeIgniter\Router\RouteCollection->match([...], 'courses', 'Courses::store', [...])
 3 SYSTEMPATH\Router\RouteCollection.php(799): CodeIgniter\Router\RouteCollection->{closure}(Object(CodeIgniter\Router\RouteCollection))
 4 APPPATH\Config\Routes.php(41): CodeIgniter\Router\RouteCollection->group('admin', [...], Object(Closure))
 5 SYSTEMPATH\Router\RouteCollection.php(799): CodeIgniter\Router\RouteCollection->{closure}(Object(CodeIgniter\Router\RouteCollection))
 6 APPPATH\Config\Routes.php(54): CodeIgniter\Router\RouteCollection->group('', [...], Object(Closure))
 7 SYSTEMPATH\Router\RouteCollection.php(799): CodeIgniter\Router\RouteCollection->{closure}(Object(CodeIgniter\Router\RouteCollection))
 8 APPPATH\Config\Routes.php(55): CodeIgniter\Router\RouteCollection->group('', [...], Object(Closure))
 9 SYSTEMPATH\Router\RouteCollection.php(339): require('C:\\xampp\\htdocs\\ITE311-GOMEZ\\app\\Config\\Routes.php')
10 SYSTEMPATH\CodeIgniter.php(821): CodeIgniter\Router\RouteCollection->loadRoutes()
11 SYSTEMPATH\CodeIgniter.php(455): CodeIgniter\CodeIgniter->tryToRouteIt(null)
12 SYSTEMPATH\CodeIgniter.php(354): CodeIgniter\CodeIgniter->handleRequest(null, Object(Config\Cache), false)
13 SYSTEMPATH\Boot.php(363): CodeIgniter\CodeIgniter->run()
14 SYSTEMPATH\Boot.php(68): CodeIgniter\Boot::runCodeIgniter(Object(CodeIgniter\CodeIgniter))
15 FCPATH\index.php(59): CodeIgniter\Boot::bootWeb(Object(Config\Paths))
DEBUG - 2025-10-09 15:39:33 --> Session: Class initialized using 'CodeIgniter\Session\Handlers\FileHandler' driver.
WARNING - 2025-10-09 15:43:41 --> [DEPRECATED] Passing lowercase HTTP method "post" is deprecated. Use uppercase HTTP method like "POST". in SYSTEMPATH\Router\RouteCollection.php on line 1029.
 1 SYSTEMPATH\Router\RouteCollection.php(1029): trigger_error('Passing lowercase HTTP method "post" is deprecated. Use uppercase HTTP method like "POST".', 16384)
 2 APPPATH\Config\Routes.php(34): CodeIgniter\Router\RouteCollection->match([...], 'courses', 'Courses::store', [...])
 3 SYSTEMPATH\Router\RouteCollection.php(799): CodeIgniter\Router\RouteCollection->{closure}(Object(CodeIgniter\Router\RouteCollection))
 4 APPPATH\Config\Routes.php(41): CodeIgniter\Router\RouteCollection->group('admin', [...], Object(Closure))
 5 SYSTEMPATH\Router\RouteCollection.php(799): CodeIgniter\Router\RouteCollection->{closure}(Object(CodeIgniter\Router\RouteCollection))
 6 APPPATH\Config\Routes.php(54): CodeIgniter\Router\RouteCollection->group('', [...], Object(Closure))
 7 SYSTEMPATH\Router\RouteCollection.php(799): CodeIgniter\Router\RouteCollection->{closure}(Object(CodeIgniter\Router\RouteCollection))
 8 APPPATH\Config\Routes.php(55): CodeIgniter\Router\RouteCollection->group('', [...], Object(Closure))
 9 SYSTEMPATH\Router\RouteCollection.php(339): require('C:\\xampp\\htdocs\\ITE311-GOMEZ\\app\\Config\\Routes.php')
10 SYSTEMPATH\CodeIgniter.php(821): CodeIgniter\Router\RouteCollection->loadRoutes()
11 SYSTEMPATH\CodeIgniter.php(455): CodeIgniter\CodeIgniter->tryToRouteIt(null)
12 SYSTEMPATH\CodeIgniter.php(354): CodeIgniter\CodeIgniter->handleRequest(null, Object(Config\Cache), false)
13 SYSTEMPATH\Boot.php(363): CodeIgniter\CodeIgniter->run()
14 SYSTEMPATH\Boot.php(68): CodeIgniter\Boot::runCodeIgniter(Object(CodeIgniter\CodeIgniter))
15 FCPATH\index.php(59): CodeIgniter\Boot::bootWeb(Object(Config\Paths))
DEBUG - 2025-10-09 15:43:41 --> Session: Class initialized using 'CodeIgniter\Session\Handlers\FileHandler' driver.
WARNING - 2025-10-09 15:43:42 --> [DEPRECATED] Passing lowercase HTTP method "post" is deprecated. Use uppercase HTTP method like "POST". in SYSTEMPATH\Router\RouteCollection.php on line 1029.
 1 SYSTEMPATH\Router\RouteCollection.php(1029): trigger_error('Passing lowercase HTTP method "post" is deprecated. Use uppercase HTTP method like "POST".', 16384)
 2 APPPATH\Config\Routes.php(34): CodeIgniter\Router\RouteCollection->match([...], 'courses', 'Courses::store', [...])
 3 SYSTEMPATH\Router\RouteCollection.php(799): CodeIgniter\Router\RouteCollection->{closure}(Object(CodeIgniter\Router\RouteCollection))
 4 APPPATH\Config\Routes.php(41): CodeIgniter\Router\RouteCollection->group('admin', [...], Object(Closure))
 5 SYSTEMPATH\Router\RouteCollection.php(799): CodeIgniter\Router\RouteCollection->{closure}(Object(CodeIgniter\Router\RouteCollection))
 6 APPPATH\Config\Routes.php(54): CodeIgniter\Router\RouteCollection->group('', [...], Object(Closure))
 7 SYSTEMPATH\Router\RouteCollection.php(799): CodeIgniter\Router\RouteCollection->{closure}(Object(CodeIgniter\Router\RouteCollection))
 8 APPPATH\Config\Routes.php(55): CodeIgniter\Router\RouteCollection->group('', [...], Object(Closure))
 9 SYSTEMPATH\Router\RouteCollection.php(339): require('C:\\xampp\\htdocs\\ITE311-GOMEZ\\app\\Config\\Routes.php')
10 SYSTEMPATH\CodeIgniter.php(821): CodeIgniter\Router\RouteCollection->loadRoutes()
11 SYSTEMPATH\CodeIgniter.php(455): CodeIgniter\CodeIgniter->tryToRouteIt(null)
12 SYSTEMPATH\CodeIgniter.php(354): CodeIgniter\CodeIgniter->handleRequest(null, Object(Config\Cache), false)
13 SYSTEMPATH\Boot.php(363): CodeIgniter\CodeIgniter->run()
14 SYSTEMPATH\Boot.php(68): CodeIgniter\Boot::runCodeIgniter(Object(CodeIgniter\CodeIgniter))
15 FCPATH\index.php(59): CodeIgniter\Boot::bootWeb(Object(Config\Paths))
DEBUG - 2025-10-09 15:43:42 --> Session: Class initialized using 'CodeIgniter\Session\Handlers\FileHandler' driver.
ERROR - 2025-10-09 15:43:42 --> Enrollment error: Failed to create enrollment record\n#0 C:\xampp\htdocs\ITE311-GOMEZ\system\CodeIgniter.php(933): App\Controllers\Student\Courses->enroll('1')
#1 C:\xampp\htdocs\ITE311-GOMEZ\system\CodeIgniter.php(507): CodeIgniter\CodeIgniter->runController(Object(App\Controllers\Student\Courses))
#2 C:\xampp\htdocs\ITE311-GOMEZ\system\CodeIgniter.php(354): CodeIgniter\CodeIgniter->handleRequest(NULL, Object(Config\Cache), false)
#3 C:\xampp\htdocs\ITE311-GOMEZ\system\Boot.php(363): CodeIgniter\CodeIgniter->run()
#4 C:\xampp\htdocs\ITE311-GOMEZ\system\Boot.php(68): CodeIgniter\Boot::runCodeIgniter(Object(CodeIgniter\CodeIgniter))
#5 C:\xampp\htdocs\ITE311-GOMEZ\public\index.php(59): CodeIgniter\Boot::bootWeb(Object(Config\Paths))
#6 {main}
WARNING - 2025-10-09 15:43:43 --> [DEPRECATED] Passing lowercase HTTP method "post" is deprecated. Use uppercase HTTP method like "POST". in SYSTEMPATH\Router\RouteCollection.php on line 1029.
 1 SYSTEMPATH\Router\RouteCollection.php(1029): trigger_error('Passing lowercase HTTP method "post" is deprecated. Use uppercase HTTP method like "POST".', 16384)
 2 APPPATH\Config\Routes.php(34): CodeIgniter\Router\RouteCollection->match([...], 'courses', 'Courses::store', [...])
 3 SYSTEMPATH\Router\RouteCollection.php(799): CodeIgniter\Router\RouteCollection->{closure}(Object(CodeIgniter\Router\RouteCollection))
 4 APPPATH\Config\Routes.php(41): CodeIgniter\Router\RouteCollection->group('admin', [...], Object(Closure))
 5 SYSTEMPATH\Router\RouteCollection.php(799): CodeIgniter\Router\RouteCollection->{closure}(Object(CodeIgniter\Router\RouteCollection))
 6 APPPATH\Config\Routes.php(54): CodeIgniter\Router\RouteCollection->group('', [...], Object(Closure))
 7 SYSTEMPATH\Router\RouteCollection.php(799): CodeIgniter\Router\RouteCollection->{closure}(Object(CodeIgniter\Router\RouteCollection))
 8 APPPATH\Config\Routes.php(55): CodeIgniter\Router\RouteCollection->group('', [...], Object(Closure))
 9 SYSTEMPATH\Router\RouteCollection.php(339): require('C:\\xampp\\htdocs\\ITE311-GOMEZ\\app\\Config\\Routes.php')
10 SYSTEMPATH\CodeIgniter.php(821): CodeIgniter\Router\RouteCollection->loadRoutes()
11 SYSTEMPATH\CodeIgniter.php(455): CodeIgniter\CodeIgniter->tryToRouteIt(null)
12 SYSTEMPATH\CodeIgniter.php(354): CodeIgniter\CodeIgniter->handleRequest(null, Object(Config\Cache), false)
13 SYSTEMPATH\Boot.php(363): CodeIgniter\CodeIgniter->run()
14 SYSTEMPATH\Boot.php(68): CodeIgniter\Boot::runCodeIgniter(Object(CodeIgniter\CodeIgniter))
15 FCPATH\index.php(59): CodeIgniter\Boot::bootWeb(Object(Config\Paths))
DEBUG - 2025-10-09 15:43:43 --> Session: Class initialized using 'CodeIgniter\Session\Handlers\FileHandler' driver.
WARNING - 2025-10-09 15:43:45 --> [DEPRECATED] Passing lowercase HTTP method "post" is deprecated. Use uppercase HTTP method like "POST". in SYSTEMPATH\Router\RouteCollection.php on line 1029.
 1 SYSTEMPATH\Router\RouteCollection.php(1029): trigger_error('Passing lowercase HTTP method "post" is deprecated. Use uppercase HTTP method like "POST".', 16384)
 2 APPPATH\Config\Routes.php(34): CodeIgniter\Router\RouteCollection->match([...], 'courses', 'Courses::store', [...])
 3 SYSTEMPATH\Router\RouteCollection.php(799): CodeIgniter\Router\RouteCollection->{closure}(Object(CodeIgniter\Router\RouteCollection))
 4 APPPATH\Config\Routes.php(41): CodeIgniter\Router\RouteCollection->group('admin', [...], Object(Closure))
 5 SYSTEMPATH\Router\RouteCollection.php(799): CodeIgniter\Router\RouteCollection->{closure}(Object(CodeIgniter\Router\RouteCollection))
 6 APPPATH\Config\Routes.php(54): CodeIgniter\Router\RouteCollection->group('', [...], Object(Closure))
 7 SYSTEMPATH\Router\RouteCollection.php(799): CodeIgniter\Router\RouteCollection->{closure}(Object(CodeIgniter\Router\RouteCollection))
 8 APPPATH\Config\Routes.php(55): CodeIgniter\Router\RouteCollection->group('', [...], Object(Closure))
 9 SYSTEMPATH\Router\RouteCollection.php(339): require('C:\\xampp\\htdocs\\ITE311-GOMEZ\\app\\Config\\Routes.php')
10 SYSTEMPATH\CodeIgniter.php(821): CodeIgniter\Router\RouteCollection->loadRoutes()
11 SYSTEMPATH\CodeIgniter.php(455): CodeIgniter\CodeIgniter->tryToRouteIt(null)
12 SYSTEMPATH\CodeIgniter.php(354): CodeIgniter\CodeIgniter->handleRequest(null, Object(Config\Cache), false)
13 SYSTEMPATH\Boot.php(363): CodeIgniter\CodeIgniter->run()
14 SYSTEMPATH\Boot.php(68): CodeIgniter\Boot::runCodeIgniter(Object(CodeIgniter\CodeIgniter))
15 FCPATH\index.php(59): CodeIgniter\Boot::bootWeb(Object(Config\Paths))
DEBUG - 2025-10-09 15:43:45 --> Session: Class initialized using 'CodeIgniter\Session\Handlers\FileHandler' driver.
WARNING - 2025-10-09 15:43:50 --> [DEPRECATED] Passing lowercase HTTP method "post" is deprecated. Use uppercase HTTP method like "POST". in SYSTEMPATH\Router\RouteCollection.php on line 1029.
 1 SYSTEMPATH\Router\RouteCollection.php(1029): trigger_error('Passing lowercase HTTP method "post" is deprecated. Use uppercase HTTP method like "POST".', 16384)
 2 APPPATH\Config\Routes.php(34): CodeIgniter\Router\RouteCollection->match([...], 'courses', 'Courses::store', [...])
 3 SYSTEMPATH\Router\RouteCollection.php(799): CodeIgniter\Router\RouteCollection->{closure}(Object(CodeIgniter\Router\RouteCollection))
 4 APPPATH\Config\Routes.php(41): CodeIgniter\Router\RouteCollection->group('admin', [...], Object(Closure))
 5 SYSTEMPATH\Router\RouteCollection.php(799): CodeIgniter\Router\RouteCollection->{closure}(Object(CodeIgniter\Router\RouteCollection))
 6 APPPATH\Config\Routes.php(54): CodeIgniter\Router\RouteCollection->group('', [...], Object(Closure))
 7 SYSTEMPATH\Router\RouteCollection.php(799): CodeIgniter\Router\RouteCollection->{closure}(Object(CodeIgniter\Router\RouteCollection))
 8 APPPATH\Config\Routes.php(55): CodeIgniter\Router\RouteCollection->group('', [...], Object(Closure))
 9 SYSTEMPATH\Router\RouteCollection.php(339): require('C:\\xampp\\htdocs\\ITE311-GOMEZ\\app\\Config\\Routes.php')
10 SYSTEMPATH\CodeIgniter.php(821): CodeIgniter\Router\RouteCollection->loadRoutes()
11 SYSTEMPATH\CodeIgniter.php(455): CodeIgniter\CodeIgniter->tryToRouteIt(null)
12 SYSTEMPATH\CodeIgniter.php(354): CodeIgniter\CodeIgniter->handleRequest(null, Object(Config\Cache), false)
13 SYSTEMPATH\Boot.php(363): CodeIgniter\CodeIgniter->run()
14 SYSTEMPATH\Boot.php(68): CodeIgniter\Boot::runCodeIgniter(Object(CodeIgniter\CodeIgniter))
15 FCPATH\index.php(59): CodeIgniter\Boot::bootWeb(Object(Config\Paths))
DEBUG - 2025-10-09 15:43:50 --> Session: Class initialized using 'CodeIgniter\Session\Handlers\FileHandler' driver.
WARNING - 2025-10-09 15:45:34 --> [DEPRECATED] Passing lowercase HTTP method "post" is deprecated. Use uppercase HTTP method like "POST". in SYSTEMPATH\Router\RouteCollection.php on line 1029.
 1 SYSTEMPATH\Router\RouteCollection.php(1029): trigger_error('Passing lowercase HTTP method "post" is deprecated. Use uppercase HTTP method like "POST".', 16384)
 2 APPPATH\Config\Routes.php(34): CodeIgniter\Router\RouteCollection->match([...], 'courses', 'Courses::store', [...])
 3 SYSTEMPATH\Router\RouteCollection.php(799): CodeIgniter\Router\RouteCollection->{closure}(Object(CodeIgniter\Router\RouteCollection))
 4 APPPATH\Config\Routes.php(41): CodeIgniter\Router\RouteCollection->group('admin', [...], Object(Closure))
 5 SYSTEMPATH\Router\RouteCollection.php(799): CodeIgniter\Router\RouteCollection->{closure}(Object(CodeIgniter\Router\RouteCollection))
 6 APPPATH\Config\Routes.php(54): CodeIgniter\Router\RouteCollection->group('', [...], Object(Closure))
 7 SYSTEMPATH\Router\RouteCollection.php(799): CodeIgniter\Router\RouteCollection->{closure}(Object(CodeIgniter\Router\RouteCollection))
 8 APPPATH\Config\Routes.php(55): CodeIgniter\Router\RouteCollection->group('', [...], Object(Closure))
 9 SYSTEMPATH\Router\RouteCollection.php(339): require('C:\\xampp\\htdocs\\ITE311-GOMEZ\\app\\Config\\Routes.php')
10 SYSTEMPATH\CodeIgniter.php(821): CodeIgniter\Router\RouteCollection->loadRoutes()
11 SYSTEMPATH\CodeIgniter.php(455): CodeIgniter\CodeIgniter->tryToRouteIt(null)
12 SYSTEMPATH\CodeIgniter.php(354): CodeIgniter\CodeIgniter->handleRequest(null, Object(Config\Cache), false)
13 SYSTEMPATH\Boot.php(363): CodeIgniter\CodeIgniter->run()
14 SYSTEMPATH\Boot.php(68): CodeIgniter\Boot::runCodeIgniter(Object(CodeIgniter\CodeIgniter))
15 FCPATH\index.php(59): CodeIgniter\Boot::bootWeb(Object(Config\Paths))
DEBUG - 2025-10-09 15:45:34 --> Session: Class initialized using 'CodeIgniter\Session\Handlers\FileHandler' driver.
WARNING - 2025-10-09 15:45:40 --> [DEPRECATED] Passing lowercase HTTP method "post" is deprecated. Use uppercase HTTP method like "POST". in SYSTEMPATH\Router\RouteCollection.php on line 1029.
 1 SYSTEMPATH\Router\RouteCollection.php(1029): trigger_error('Passing lowercase HTTP method "post" is deprecated. Use uppercase HTTP method like "POST".', 16384)
 2 APPPATH\Config\Routes.php(34): CodeIgniter\Router\RouteCollection->match([...], 'courses', 'Courses::store', [...])
 3 SYSTEMPATH\Router\RouteCollection.php(799): CodeIgniter\Router\RouteCollection->{closure}(Object(CodeIgniter\Router\RouteCollection))
 4 APPPATH\Config\Routes.php(41): CodeIgniter\Router\RouteCollection->group('admin', [...], Object(Closure))
 5 SYSTEMPATH\Router\RouteCollection.php(799): CodeIgniter\Router\RouteCollection->{closure}(Object(CodeIgniter\Router\RouteCollection))
 6 APPPATH\Config\Routes.php(54): CodeIgniter\Router\RouteCollection->group('', [...], Object(Closure))
 7 SYSTEMPATH\Router\RouteCollection.php(799): CodeIgniter\Router\RouteCollection->{closure}(Object(CodeIgniter\Router\RouteCollection))
 8 APPPATH\Config\Routes.php(55): CodeIgniter\Router\RouteCollection->group('', [...], Object(Closure))
 9 SYSTEMPATH\Router\RouteCollection.php(339): require('C:\\xampp\\htdocs\\ITE311-GOMEZ\\app\\Config\\Routes.php')
10 SYSTEMPATH\CodeIgniter.php(821): CodeIgniter\Router\RouteCollection->loadRoutes()
11 SYSTEMPATH\CodeIgniter.php(455): CodeIgniter\CodeIgniter->tryToRouteIt(null)
12 SYSTEMPATH\CodeIgniter.php(354): CodeIgniter\CodeIgniter->handleRequest(null, Object(Config\Cache), false)
13 SYSTEMPATH\Boot.php(363): CodeIgniter\CodeIgniter->run()
14 SYSTEMPATH\Boot.php(68): CodeIgniter\Boot::runCodeIgniter(Object(CodeIgniter\CodeIgniter))
15 FCPATH\index.php(59): CodeIgniter\Boot::bootWeb(Object(Config\Paths))
DEBUG - 2025-10-09 15:45:40 --> Session: Class initialized using 'CodeIgniter\Session\Handlers\FileHandler' driver.
WARNING - 2025-10-09 15:45:41 --> [DEPRECATED] Passing lowercase HTTP method "post" is deprecated. Use uppercase HTTP method like "POST". in SYSTEMPATH\Router\RouteCollection.php on line 1029.
 1 SYSTEMPATH\Router\RouteCollection.php(1029): trigger_error('Passing lowercase HTTP method "post" is deprecated. Use uppercase HTTP method like "POST".', 16384)
 2 APPPATH\Config\Routes.php(34): CodeIgniter\Router\RouteCollection->match([...], 'courses', 'Courses::store', [...])
 3 SYSTEMPATH\Router\RouteCollection.php(799): CodeIgniter\Router\RouteCollection->{closure}(Object(CodeIgniter\Router\RouteCollection))
 4 APPPATH\Config\Routes.php(41): CodeIgniter\Router\RouteCollection->group('admin', [...], Object(Closure))
 5 SYSTEMPATH\Router\RouteCollection.php(799): CodeIgniter\Router\RouteCollection->{closure}(Object(CodeIgniter\Router\RouteCollection))
 6 APPPATH\Config\Routes.php(54): CodeIgniter\Router\RouteCollection->group('', [...], Object(Closure))
 7 SYSTEMPATH\Router\RouteCollection.php(799): CodeIgniter\Router\RouteCollection->{closure}(Object(CodeIgniter\Router\RouteCollection))
 8 APPPATH\Config\Routes.php(55): CodeIgniter\Router\RouteCollection->group('', [...], Object(Closure))
 9 SYSTEMPATH\Router\RouteCollection.php(339): require('C:\\xampp\\htdocs\\ITE311-GOMEZ\\app\\Config\\Routes.php')
10 SYSTEMPATH\CodeIgniter.php(821): CodeIgniter\Router\RouteCollection->loadRoutes()
11 SYSTEMPATH\CodeIgniter.php(455): CodeIgniter\CodeIgniter->tryToRouteIt(null)
12 SYSTEMPATH\CodeIgniter.php(354): CodeIgniter\CodeIgniter->handleRequest(null, Object(Config\Cache), false)
13 SYSTEMPATH\Boot.php(363): CodeIgniter\CodeIgniter->run()
14 SYSTEMPATH\Boot.php(68): CodeIgniter\Boot::runCodeIgniter(Object(CodeIgniter\CodeIgniter))
15 FCPATH\index.php(59): CodeIgniter\Boot::bootWeb(Object(Config\Paths))
DEBUG - 2025-10-09 15:45:41 --> Session: Class initialized using 'CodeIgniter\Session\Handlers\FileHandler' driver.
ERROR - 2025-10-09 15:45:41 --> Enrollment error: Failed to create enrollment record\n#0 C:\xampp\htdocs\ITE311-GOMEZ\system\CodeIgniter.php(933): App\Controllers\Student\Courses->enroll('1')
#1 C:\xampp\htdocs\ITE311-GOMEZ\system\CodeIgniter.php(507): CodeIgniter\CodeIgniter->runController(Object(App\Controllers\Student\Courses))
#2 C:\xampp\htdocs\ITE311-GOMEZ\system\CodeIgniter.php(354): CodeIgniter\CodeIgniter->handleRequest(NULL, Object(Config\Cache), false)
#3 C:\xampp\htdocs\ITE311-GOMEZ\system\Boot.php(363): CodeIgniter\CodeIgniter->run()
#4 C:\xampp\htdocs\ITE311-GOMEZ\system\Boot.php(68): CodeIgniter\Boot::runCodeIgniter(Object(CodeIgniter\CodeIgniter))
#5 C:\xampp\htdocs\ITE311-GOMEZ\public\index.php(59): CodeIgniter\Boot::bootWeb(Object(Config\Paths))
#6 {main}
WARNING - 2025-10-09 15:45:42 --> [DEPRECATED] Passing lowercase HTTP method "post" is deprecated. Use uppercase HTTP method like "POST". in SYSTEMPATH\Router\RouteCollection.php on line 1029.
 1 SYSTEMPATH\Router\RouteCollection.php(1029): trigger_error('Passing lowercase HTTP method "post" is deprecated. Use uppercase HTTP method like "POST".', 16384)
 2 APPPATH\Config\Routes.php(34): CodeIgniter\Router\RouteCollection->match([...], 'courses', 'Courses::store', [...])
 3 SYSTEMPATH\Router\RouteCollection.php(799): CodeIgniter\Router\RouteCollection->{closure}(Object(CodeIgniter\Router\RouteCollection))
 4 APPPATH\Config\Routes.php(41): CodeIgniter\Router\RouteCollection->group('admin', [...], Object(Closure))
 5 SYSTEMPATH\Router\RouteCollection.php(799): CodeIgniter\Router\RouteCollection->{closure}(Object(CodeIgniter\Router\RouteCollection))
 6 APPPATH\Config\Routes.php(54): CodeIgniter\Router\RouteCollection->group('', [...], Object(Closure))
 7 SYSTEMPATH\Router\RouteCollection.php(799): CodeIgniter\Router\RouteCollection->{closure}(Object(CodeIgniter\Router\RouteCollection))
 8 APPPATH\Config\Routes.php(55): CodeIgniter\Router\RouteCollection->group('', [...], Object(Closure))
 9 SYSTEMPATH\Router\RouteCollection.php(339): require('C:\\xampp\\htdocs\\ITE311-GOMEZ\\app\\Config\\Routes.php')
10 SYSTEMPATH\CodeIgniter.php(821): CodeIgniter\Router\RouteCollection->loadRoutes()
11 SYSTEMPATH\CodeIgniter.php(455): CodeIgniter\CodeIgniter->tryToRouteIt(null)
12 SYSTEMPATH\CodeIgniter.php(354): CodeIgniter\CodeIgniter->handleRequest(null, Object(Config\Cache), false)
13 SYSTEMPATH\Boot.php(363): CodeIgniter\CodeIgniter->run()
14 SYSTEMPATH\Boot.php(68): CodeIgniter\Boot::runCodeIgniter(Object(CodeIgniter\CodeIgniter))
15 FCPATH\index.php(59): CodeIgniter\Boot::bootWeb(Object(Config\Paths))
DEBUG - 2025-10-09 15:45:42 --> Session: Class initialized using 'CodeIgniter\Session\Handlers\FileHandler' driver.
WARNING - 2025-10-09 15:49:30 --> [DEPRECATED] Passing lowercase HTTP method "post" is deprecated. Use uppercase HTTP method like "POST". in SYSTEMPATH\Router\RouteCollection.php on line 1029.
 1 SYSTEMPATH\Router\RouteCollection.php(1029): trigger_error('Passing lowercase HTTP method "post" is deprecated. Use uppercase HTTP method like "POST".', 16384)
 2 APPPATH\Config\Routes.php(34): CodeIgniter\Router\RouteCollection->match([...], 'courses', 'Courses::store', [...])
 3 SYSTEMPATH\Router\RouteCollection.php(799): CodeIgniter\Router\RouteCollection->{closure}(Object(CodeIgniter\Router\RouteCollection))
 4 APPPATH\Config\Routes.php(41): CodeIgniter\Router\RouteCollection->group('admin', [...], Object(Closure))
 5 SYSTEMPATH\Router\RouteCollection.php(799): CodeIgniter\Router\RouteCollection->{closure}(Object(CodeIgniter\Router\RouteCollection))
 6 APPPATH\Config\Routes.php(54): CodeIgniter\Router\RouteCollection->group('', [...], Object(Closure))
 7 SYSTEMPATH\Router\RouteCollection.php(799): CodeIgniter\Router\RouteCollection->{closure}(Object(CodeIgniter\Router\RouteCollection))
 8 APPPATH\Config\Routes.php(55): CodeIgniter\Router\RouteCollection->group('', [...], Object(Closure))
 9 SYSTEMPATH\Router\RouteCollection.php(339): require('C:\\xampp\\htdocs\\ITE311-GOMEZ\\app\\Config\\Routes.php')
10 SYSTEMPATH\CodeIgniter.php(821): CodeIgniter\Router\RouteCollection->loadRoutes()
11 SYSTEMPATH\CodeIgniter.php(455): CodeIgniter\CodeIgniter->tryToRouteIt(null)
12 SYSTEMPATH\CodeIgniter.php(354): CodeIgniter\CodeIgniter->handleRequest(null, Object(Config\Cache), false)
13 SYSTEMPATH\Boot.php(363): CodeIgniter\CodeIgniter->run()
14 SYSTEMPATH\Boot.php(68): CodeIgniter\Boot::runCodeIgniter(Object(CodeIgniter\CodeIgniter))
15 FCPATH\index.php(59): CodeIgniter\Boot::bootWeb(Object(Config\Paths))
DEBUG - 2025-10-09 15:49:30 --> Session: Class initialized using 'CodeIgniter\Session\Handlers\FileHandler' driver.
WARNING - 2025-10-09 15:49:38 --> [DEPRECATED] Passing lowercase HTTP method "post" is deprecated. Use uppercase HTTP method like "POST". in SYSTEMPATH\Router\RouteCollection.php on line 1029.
 1 SYSTEMPATH\Router\RouteCollection.php(1029): trigger_error('Passing lowercase HTTP method "post" is deprecated. Use uppercase HTTP method like "POST".', 16384)
 2 APPPATH\Config\Routes.php(34): CodeIgniter\Router\RouteCollection->match([...], 'courses', 'Courses::store', [...])
 3 SYSTEMPATH\Router\RouteCollection.php(799): CodeIgniter\Router\RouteCollection->{closure}(Object(CodeIgniter\Router\RouteCollection))
 4 APPPATH\Config\Routes.php(41): CodeIgniter\Router\RouteCollection->group('admin', [...], Object(Closure))
 5 SYSTEMPATH\Router\RouteCollection.php(799): CodeIgniter\Router\RouteCollection->{closure}(Object(CodeIgniter\Router\RouteCollection))
 6 APPPATH\Config\Routes.php(54): CodeIgniter\Router\RouteCollection->group('', [...], Object(Closure))
 7 SYSTEMPATH\Router\RouteCollection.php(799): CodeIgniter\Router\RouteCollection->{closure}(Object(CodeIgniter\Router\RouteCollection))
 8 APPPATH\Config\Routes.php(55): CodeIgniter\Router\RouteCollection->group('', [...], Object(Closure))
 9 SYSTEMPATH\Router\RouteCollection.php(339): require('C:\\xampp\\htdocs\\ITE311-GOMEZ\\app\\Config\\Routes.php')
10 SYSTEMPATH\CodeIgniter.php(821): CodeIgniter\Router\RouteCollection->loadRoutes()
11 SYSTEMPATH\CodeIgniter.php(455): CodeIgniter\CodeIgniter->tryToRouteIt(null)
12 SYSTEMPATH\CodeIgniter.php(354): CodeIgniter\CodeIgniter->handleRequest(null, Object(Config\Cache), false)
13 SYSTEMPATH\Boot.php(363): CodeIgniter\CodeIgniter->run()
14 SYSTEMPATH\Boot.php(68): CodeIgniter\Boot::runCodeIgniter(Object(CodeIgniter\CodeIgniter))
15 FCPATH\index.php(59): CodeIgniter\Boot::bootWeb(Object(Config\Paths))
DEBUG - 2025-10-09 15:49:38 --> Session: Class initialized using 'CodeIgniter\Session\Handlers\FileHandler' driver.
WARNING - 2025-10-09 15:51:01 --> [DEPRECATED] Passing lowercase HTTP method "post" is deprecated. Use uppercase HTTP method like "POST". in SYSTEMPATH\Router\RouteCollection.php on line 1029.
 1 SYSTEMPATH\Router\RouteCollection.php(1029): trigger_error('Passing lowercase HTTP method "post" is deprecated. Use uppercase HTTP method like "POST".', 16384)
 2 APPPATH\Config\Routes.php(34): CodeIgniter\Router\RouteCollection->match([...], 'courses', 'Courses::store', [...])
 3 SYSTEMPATH\Router\RouteCollection.php(799): CodeIgniter\Router\RouteCollection->{closure}(Object(CodeIgniter\Router\RouteCollection))
 4 APPPATH\Config\Routes.php(41): CodeIgniter\Router\RouteCollection->group('admin', [...], Object(Closure))
 5 SYSTEMPATH\Router\RouteCollection.php(799): CodeIgniter\Router\RouteCollection->{closure}(Object(CodeIgniter\Router\RouteCollection))
 6 APPPATH\Config\Routes.php(54): CodeIgniter\Router\RouteCollection->group('', [...], Object(Closure))
 7 SYSTEMPATH\Router\RouteCollection.php(799): CodeIgniter\Router\RouteCollection->{closure}(Object(CodeIgniter\Router\RouteCollection))
 8 APPPATH\Config\Routes.php(55): CodeIgniter\Router\RouteCollection->group('', [...], Object(Closure))
 9 SYSTEMPATH\Router\RouteCollection.php(339): require('C:\\xampp\\htdocs\\ITE311-GOMEZ\\app\\Config\\Routes.php')
10 SYSTEMPATH\CodeIgniter.php(821): CodeIgniter\Router\RouteCollection->loadRoutes()
11 SYSTEMPATH\CodeIgniter.php(455): CodeIgniter\CodeIgniter->tryToRouteIt(null)
12 SYSTEMPATH\CodeIgniter.php(354): CodeIgniter\CodeIgniter->handleRequest(null, Object(Config\Cache), false)
13 SYSTEMPATH\Boot.php(363): CodeIgniter\CodeIgniter->run()
14 SYSTEMPATH\Boot.php(68): CodeIgniter\Boot::runCodeIgniter(Object(CodeIgniter\CodeIgniter))
15 FCPATH\index.php(59): CodeIgniter\Boot::bootWeb(Object(Config\Paths))
DEBUG - 2025-10-09 15:51:01 --> Session: Class initialized using 'CodeIgniter\Session\Handlers\FileHandler' driver.
WARNING - 2025-10-09 15:51:02 --> [DEPRECATED] Passing lowercase HTTP method "post" is deprecated. Use uppercase HTTP method like "POST". in SYSTEMPATH\Router\RouteCollection.php on line 1029.
 1 SYSTEMPATH\Router\RouteCollection.php(1029): trigger_error('Passing lowercase HTTP method "post" is deprecated. Use uppercase HTTP method like "POST".', 16384)
 2 APPPATH\Config\Routes.php(34): CodeIgniter\Router\RouteCollection->match([...], 'courses', 'Courses::store', [...])
 3 SYSTEMPATH\Router\RouteCollection.php(799): CodeIgniter\Router\RouteCollection->{closure}(Object(CodeIgniter\Router\RouteCollection))
 4 APPPATH\Config\Routes.php(41): CodeIgniter\Router\RouteCollection->group('admin', [...], Object(Closure))
 5 SYSTEMPATH\Router\RouteCollection.php(799): CodeIgniter\Router\RouteCollection->{closure}(Object(CodeIgniter\Router\RouteCollection))
 6 APPPATH\Config\Routes.php(54): CodeIgniter\Router\RouteCollection->group('', [...], Object(Closure))
 7 SYSTEMPATH\Router\RouteCollection.php(799): CodeIgniter\Router\RouteCollection->{closure}(Object(CodeIgniter\Router\RouteCollection))
 8 APPPATH\Config\Routes.php(55): CodeIgniter\Router\RouteCollection->group('', [...], Object(Closure))
 9 SYSTEMPATH\Router\RouteCollection.php(339): require('C:\\xampp\\htdocs\\ITE311-GOMEZ\\app\\Config\\Routes.php')
10 SYSTEMPATH\CodeIgniter.php(821): CodeIgniter\Router\RouteCollection->loadRoutes()
11 SYSTEMPATH\CodeIgniter.php(455): CodeIgniter\CodeIgniter->tryToRouteIt(null)
12 SYSTEMPATH\CodeIgniter.php(354): CodeIgniter\CodeIgniter->handleRequest(null, Object(Config\Cache), false)
13 SYSTEMPATH\Boot.php(363): CodeIgniter\CodeIgniter->run()
14 SYSTEMPATH\Boot.php(68): CodeIgniter\Boot::runCodeIgniter(Object(CodeIgniter\CodeIgniter))
15 FCPATH\index.php(59): CodeIgniter\Boot::bootWeb(Object(Config\Paths))
DEBUG - 2025-10-09 15:51:02 --> Session: Class initialized using 'CodeIgniter\Session\Handlers\FileHandler' driver.
WARNING - 2025-10-09 15:52:04 --> [DEPRECATED] Passing lowercase HTTP method "post" is deprecated. Use uppercase HTTP method like "POST". in SYSTEMPATH\Router\RouteCollection.php on line 1029.
 1 SYSTEMPATH\Router\RouteCollection.php(1029): trigger_error('Passing lowercase HTTP method "post" is deprecated. Use uppercase HTTP method like "POST".', 16384)
 2 APPPATH\Config\Routes.php(34): CodeIgniter\Router\RouteCollection->match([...], 'courses', 'Courses::store', [...])
 3 SYSTEMPATH\Router\RouteCollection.php(799): CodeIgniter\Router\RouteCollection->{closure}(Object(CodeIgniter\Router\RouteCollection))
 4 APPPATH\Config\Routes.php(41): CodeIgniter\Router\RouteCollection->group('admin', [...], Object(Closure))
 5 SYSTEMPATH\Router\RouteCollection.php(799): CodeIgniter\Router\RouteCollection->{closure}(Object(CodeIgniter\Router\RouteCollection))
 6 APPPATH\Config\Routes.php(54): CodeIgniter\Router\RouteCollection->group('', [...], Object(Closure))
 7 SYSTEMPATH\Router\RouteCollection.php(799): CodeIgniter\Router\RouteCollection->{closure}(Object(CodeIgniter\Router\RouteCollection))
 8 APPPATH\Config\Routes.php(55): CodeIgniter\Router\RouteCollection->group('', [...], Object(Closure))
 9 SYSTEMPATH\Router\RouteCollection.php(339): require('C:\\xampp\\htdocs\\ITE311-GOMEZ\\app\\Config\\Routes.php')
10 SYSTEMPATH\CodeIgniter.php(821): CodeIgniter\Router\RouteCollection->loadRoutes()
11 SYSTEMPATH\CodeIgniter.php(455): CodeIgniter\CodeIgniter->tryToRouteIt(null)
12 SYSTEMPATH\CodeIgniter.php(354): CodeIgniter\CodeIgniter->handleRequest(null, Object(Config\Cache), false)
13 SYSTEMPATH\Boot.php(363): CodeIgniter\CodeIgniter->run()
14 SYSTEMPATH\Boot.php(68): CodeIgniter\Boot::runCodeIgniter(Object(CodeIgniter\CodeIgniter))
15 FCPATH\index.php(59): CodeIgniter\Boot::bootWeb(Object(Config\Paths))
DEBUG - 2025-10-09 15:52:04 --> Session: Class initialized using 'CodeIgniter\Session\Handlers\FileHandler' driver.
ERROR - 2025-10-09 15:52:04 --> mysqli_sql_exception: Unknown column 'courses.status' in 'where clause' in C:\xampp\htdocs\ITE311-GOMEZ\system\Database\MySQLi\Connection.php:327
Stack trace:
#0 C:\xampp\htdocs\ITE311-GOMEZ\system\Database\MySQLi\Connection.php(327): mysqli->query('SELECT `courses...', 0)
#1 C:\xampp\htdocs\ITE311-GOMEZ\system\Database\BaseConnection.php(729): CodeIgniter\Database\MySQLi\Connection->execute('SELECT `courses...')
#2 C:\xampp\htdocs\ITE311-GOMEZ\system\Database\BaseConnection.php(646): CodeIgniter\Database\BaseConnection->simpleQuery('SELECT `courses...')
#3 C:\xampp\htdocs\ITE311-GOMEZ\system\Database\BaseBuilder.php(1649): CodeIgniter\Database\BaseConnection->query('SELECT `courses...', Array, false)
#4 C:\xampp\htdocs\ITE311-GOMEZ\app\Controllers\Auth.php(247): CodeIgniter\Database\BaseBuilder->get()
#5 C:\xampp\htdocs\ITE311-GOMEZ\system\CodeIgniter.php(933): App\Controllers\Auth->dashboard()
#6 C:\xampp\htdocs\ITE311-GOMEZ\system\CodeIgniter.php(507): CodeIgniter\CodeIgniter->runController(Object(App\Controllers\Auth))
#7 C:\xampp\htdocs\ITE311-GOMEZ\system\CodeIgniter.php(354): CodeIgniter\CodeIgniter->handleRequest(NULL, Object(Config\Cache), false)
#8 C:\xampp\htdocs\ITE311-GOMEZ\system\Boot.php(363): CodeIgniter\CodeIgniter->run()
#9 C:\xampp\htdocs\ITE311-GOMEZ\system\Boot.php(68): CodeIgniter\Boot::runCodeIgniter(Object(CodeIgniter\CodeIgniter))
#10 C:\xampp\htdocs\ITE311-GOMEZ\public\index.php(59): CodeIgniter\Boot::bootWeb(Object(Config\Paths))
#11 {main}
CRITICAL - 2025-10-09 15:52:04 --> CodeIgniter\Database\Exceptions\DatabaseException: Unknown column 'courses.status' in 'where clause'
[Method: GET, Route: dashboard]
in SYSTEMPATH\Database\BaseConnection.php on line 684.
 1 SYSTEMPATH\Database\BaseBuilder.php(1649): CodeIgniter\Database\BaseConnection->query('SELECT `courses`.*, `users`.`name` as `teacher_name`
FROM `courses`
LEFT JOIN `users` ON `users`.`id` = `courses`.`teacher_id`
WHERE `courses`.`status` = :courses.status:', [...], false)
 2 APPPATH\Controllers\Auth.php(247): CodeIgniter\Database\BaseBuilder->get()
 3 SYSTEMPATH\CodeIgniter.php(933): App\Controllers\Auth->dashboard()
 4 SYSTEMPATH\CodeIgniter.php(507): CodeIgniter\CodeIgniter->runController(Object(App\Controllers\Auth))
 5 SYSTEMPATH\CodeIgniter.php(354): CodeIgniter\CodeIgniter->handleRequest(null, Object(Config\Cache), false)
 6 SYSTEMPATH\Boot.php(363): CodeIgniter\CodeIgniter->run()
 7 SYSTEMPATH\Boot.php(68): CodeIgniter\Boot::runCodeIgniter(Object(CodeIgniter\CodeIgniter))
 8 FCPATH\index.php(59): CodeIgniter\Boot::bootWeb(Object(Config\Paths))
CRITICAL - 2025-10-09 15:52:04 --> [Caused by] CodeIgniter\Database\Exceptions\DatabaseException: Unknown column 'courses.status' in 'where clause'
in SYSTEMPATH\Database\MySQLi\Connection.php on line 332.
 1 SYSTEMPATH\Database\BaseConnection.php(729): CodeIgniter\Database\MySQLi\Connection->execute('SELECT `courses`.*, `users`.`name` as `teacher_name`
FROM `courses`
LEFT JOIN `users` ON `users`.`id` = `courses`.`teacher_id`
WHERE `courses`.`status` = \'active\'')
 2 SYSTEMPATH\Database\BaseConnection.php(646): CodeIgniter\Database\BaseConnection->simpleQuery('SELECT `courses`.*, `users`.`name` as `teacher_name`
FROM `courses`
LEFT JOIN `users` ON `users`.`id` = `courses`.`teacher_id`
WHERE `courses`.`status` = \'active\'')
 3 SYSTEMPATH\Database\BaseBuilder.php(1649): CodeIgniter\Database\BaseConnection->query('SELECT `courses`.*, `users`.`name` as `teacher_name`
FROM `courses`
LEFT JOIN `users` ON `users`.`id` = `courses`.`teacher_id`
WHERE `courses`.`status` = :courses.status:', [...], false)
 4 APPPATH\Controllers\Auth.php(247): CodeIgniter\Database\BaseBuilder->get()
 5 SYSTEMPATH\CodeIgniter.php(933): App\Controllers\Auth->dashboard()
 6 SYSTEMPATH\CodeIgniter.php(507): CodeIgniter\CodeIgniter->runController(Object(App\Controllers\Auth))
 7 SYSTEMPATH\CodeIgniter.php(354): CodeIgniter\CodeIgniter->handleRequest(null, Object(Config\Cache), false)
 8 SYSTEMPATH\Boot.php(363): CodeIgniter\CodeIgniter->run()
 9 SYSTEMPATH\Boot.php(68): CodeIgniter\Boot::runCodeIgniter(Object(CodeIgniter\CodeIgniter))
10 FCPATH\index.php(59): CodeIgniter\Boot::bootWeb(Object(Config\Paths))
CRITICAL - 2025-10-09 15:52:04 --> [Caused by] mysqli_sql_exception: Unknown column 'courses.status' in 'where clause'
in SYSTEMPATH\Database\MySQLi\Connection.php on line 327.
 1 SYSTEMPATH\Database\MySQLi\Connection.php(327): mysqli->query('SELECT `courses`.*, `users`.`name` as `teacher_name`
FROM `courses`
LEFT JOIN `users` ON `users`.`id` = `courses`.`teacher_id`
WHERE `courses`.`status` = \'active\'', 0)
 2 SYSTEMPATH\Database\BaseConnection.php(729): CodeIgniter\Database\MySQLi\Connection->execute('SELECT `courses`.*, `users`.`name` as `teacher_name`
FROM `courses`
LEFT JOIN `users` ON `users`.`id` = `courses`.`teacher_id`
WHERE `courses`.`status` = \'active\'')
 3 SYSTEMPATH\Database\BaseConnection.php(646): CodeIgniter\Database\BaseConnection->simpleQuery('SELECT `courses`.*, `users`.`name` as `teacher_name`
FROM `courses`
LEFT JOIN `users` ON `users`.`id` = `courses`.`teacher_id`
WHERE `courses`.`status` = \'active\'')
 4 SYSTEMPATH\Database\BaseBuilder.php(1649): CodeIgniter\Database\BaseConnection->query('SELECT `courses`.*, `users`.`name` as `teacher_name`
FROM `courses`
LEFT JOIN `users` ON `users`.`id` = `courses`.`teacher_id`
WHERE `courses`.`status` = :courses.status:', [...], false)
 5 APPPATH\Controllers\Auth.php(247): CodeIgniter\Database\BaseBuilder->get()
 6 SYSTEMPATH\CodeIgniter.php(933): App\Controllers\Auth->dashboard()
 7 SYSTEMPATH\CodeIgniter.php(507): CodeIgniter\CodeIgniter->runController(Object(App\Controllers\Auth))
 8 SYSTEMPATH\CodeIgniter.php(354): CodeIgniter\CodeIgniter->handleRequest(null, Object(Config\Cache), false)
 9 SYSTEMPATH\Boot.php(363): CodeIgniter\CodeIgniter->run()
10 SYSTEMPATH\Boot.php(68): CodeIgniter\Boot::runCodeIgniter(Object(CodeIgniter\CodeIgniter))
11 FCPATH\index.php(59): CodeIgniter\Boot::bootWeb(Object(Config\Paths))
WARNING - 2025-10-09 15:52:21 --> [DEPRECATED] Passing lowercase HTTP method "post" is deprecated. Use uppercase HTTP method like "POST". in SYSTEMPATH\Router\RouteCollection.php on line 1029.
 1 SYSTEMPATH\Router\RouteCollection.php(1029): trigger_error('Passing lowercase HTTP method "post" is deprecated. Use uppercase HTTP method like "POST".', 16384)
 2 APPPATH\Config\Routes.php(34): CodeIgniter\Router\RouteCollection->match([...], 'courses', 'Courses::store', [...])
 3 SYSTEMPATH\Router\RouteCollection.php(799): CodeIgniter\Router\RouteCollection->{closure}(Object(CodeIgniter\Router\RouteCollection))
 4 APPPATH\Config\Routes.php(41): CodeIgniter\Router\RouteCollection->group('admin', [...], Object(Closure))
 5 SYSTEMPATH\Router\RouteCollection.php(799): CodeIgniter\Router\RouteCollection->{closure}(Object(CodeIgniter\Router\RouteCollection))
 6 APPPATH\Config\Routes.php(54): CodeIgniter\Router\RouteCollection->group('', [...], Object(Closure))
 7 SYSTEMPATH\Router\RouteCollection.php(799): CodeIgniter\Router\RouteCollection->{closure}(Object(CodeIgniter\Router\RouteCollection))
 8 APPPATH\Config\Routes.php(55): CodeIgniter\Router\RouteCollection->group('', [...], Object(Closure))
 9 SYSTEMPATH\Router\RouteCollection.php(339): require('C:\\xampp\\htdocs\\ITE311-GOMEZ\\app\\Config\\Routes.php')
10 SYSTEMPATH\CodeIgniter.php(821): CodeIgniter\Router\RouteCollection->loadRoutes()
11 SYSTEMPATH\CodeIgniter.php(455): CodeIgniter\CodeIgniter->tryToRouteIt(null)
12 SYSTEMPATH\CodeIgniter.php(354): CodeIgniter\CodeIgniter->handleRequest(null, Object(Config\Cache), false)
13 SYSTEMPATH\Boot.php(363): CodeIgniter\CodeIgniter->run()
14 SYSTEMPATH\Boot.php(68): CodeIgniter\Boot::runCodeIgniter(Object(CodeIgniter\CodeIgniter))
15 FCPATH\index.php(59): CodeIgniter\Boot::bootWeb(Object(Config\Paths))
DEBUG - 2025-10-09 15:52:21 --> Session: Class initialized using 'CodeIgniter\Session\Handlers\FileHandler' driver.
WARNING - 2025-10-09 15:53:59 --> [DEPRECATED] Passing lowercase HTTP method "post" is deprecated. Use uppercase HTTP method like "POST". in SYSTEMPATH\Router\RouteCollection.php on line 1029.
 1 SYSTEMPATH\Router\RouteCollection.php(1029): trigger_error('Passing lowercase HTTP method "post" is deprecated. Use uppercase HTTP method like "POST".', 16384)
 2 APPPATH\Config\Routes.php(34): CodeIgniter\Router\RouteCollection->match([...], 'courses', 'Courses::store', [...])
 3 SYSTEMPATH\Router\RouteCollection.php(799): CodeIgniter\Router\RouteCollection->{closure}(Object(CodeIgniter\Router\RouteCollection))
 4 APPPATH\Config\Routes.php(41): CodeIgniter\Router\RouteCollection->group('admin', [...], Object(Closure))
 5 SYSTEMPATH\Router\RouteCollection.php(799): CodeIgniter\Router\RouteCollection->{closure}(Object(CodeIgniter\Router\RouteCollection))
 6 APPPATH\Config\Routes.php(54): CodeIgniter\Router\RouteCollection->group('', [...], Object(Closure))
 7 SYSTEMPATH\Router\RouteCollection.php(799): CodeIgniter\Router\RouteCollection->{closure}(Object(CodeIgniter\Router\RouteCollection))
 8 APPPATH\Config\Routes.php(55): CodeIgniter\Router\RouteCollection->group('', [...], Object(Closure))
 9 SYSTEMPATH\Router\RouteCollection.php(339): require('C:\\xampp\\htdocs\\ITE311-GOMEZ\\app\\Config\\Routes.php')
10 SYSTEMPATH\CodeIgniter.php(821): CodeIgniter\Router\RouteCollection->loadRoutes()
11 SYSTEMPATH\CodeIgniter.php(455): CodeIgniter\CodeIgniter->tryToRouteIt(null)
12 SYSTEMPATH\CodeIgniter.php(354): CodeIgniter\CodeIgniter->handleRequest(null, Object(Config\Cache), false)
13 SYSTEMPATH\Boot.php(363): CodeIgniter\CodeIgniter->run()
14 SYSTEMPATH\Boot.php(68): CodeIgniter\Boot::runCodeIgniter(Object(CodeIgniter\CodeIgniter))
15 FCPATH\index.php(59): CodeIgniter\Boot::bootWeb(Object(Config\Paths))
DEBUG - 2025-10-09 15:53:59 --> Session: Class initialized using 'CodeIgniter\Session\Handlers\FileHandler' driver.
WARNING - 2025-10-09 15:55:44 --> [DEPRECATED] Passing lowercase HTTP method "post" is deprecated. Use uppercase HTTP method like "POST". in SYSTEMPATH\Router\RouteCollection.php on line 1029.
 1 SYSTEMPATH\Router\RouteCollection.php(1029): trigger_error('Passing lowercase HTTP method "post" is deprecated. Use uppercase HTTP method like "POST".', 16384)
 2 APPPATH\Config\Routes.php(34): CodeIgniter\Router\RouteCollection->match([...], 'courses', 'Courses::store', [...])
 3 SYSTEMPATH\Router\RouteCollection.php(799): CodeIgniter\Router\RouteCollection->{closure}(Object(CodeIgniter\Router\RouteCollection))
 4 APPPATH\Config\Routes.php(41): CodeIgniter\Router\RouteCollection->group('admin', [...], Object(Closure))
 5 SYSTEMPATH\Router\RouteCollection.php(799): CodeIgniter\Router\RouteCollection->{closure}(Object(CodeIgniter\Router\RouteCollection))
 6 APPPATH\Config\Routes.php(54): CodeIgniter\Router\RouteCollection->group('', [...], Object(Closure))
 7 SYSTEMPATH\Router\RouteCollection.php(799): CodeIgniter\Router\RouteCollection->{closure}(Object(CodeIgniter\Router\RouteCollection))
 8 APPPATH\Config\Routes.php(55): CodeIgniter\Router\RouteCollection->group('', [...], Object(Closure))
 9 SYSTEMPATH\Router\RouteCollection.php(339): require('C:\\xampp\\htdocs\\ITE311-GOMEZ\\app\\Config\\Routes.php')
10 SYSTEMPATH\CodeIgniter.php(821): CodeIgniter\Router\RouteCollection->loadRoutes()
11 SYSTEMPATH\CodeIgniter.php(455): CodeIgniter\CodeIgniter->tryToRouteIt(null)
12 SYSTEMPATH\CodeIgniter.php(354): CodeIgniter\CodeIgniter->handleRequest(null, Object(Config\Cache), false)
13 SYSTEMPATH\Boot.php(363): CodeIgniter\CodeIgniter->run()
14 SYSTEMPATH\Boot.php(68): CodeIgniter\Boot::runCodeIgniter(Object(CodeIgniter\CodeIgniter))
15 FCPATH\index.php(59): CodeIgniter\Boot::bootWeb(Object(Config\Paths))
DEBUG - 2025-10-09 15:55:44 --> Session: Class initialized using 'CodeIgniter\Session\Handlers\FileHandler' driver.
WARNING - 2025-10-09 15:57:58 --> [DEPRECATED] Passing lowercase HTTP method "post" is deprecated. Use uppercase HTTP method like "POST". in SYSTEMPATH\Router\RouteCollection.php on line 1029.
 1 SYSTEMPATH\Router\RouteCollection.php(1029): trigger_error('Passing lowercase HTTP method "post" is deprecated. Use uppercase HTTP method like "POST".', 16384)
 2 APPPATH\Config\Routes.php(34): CodeIgniter\Router\RouteCollection->match([...], 'courses', 'Courses::store', [...])
 3 SYSTEMPATH\Router\RouteCollection.php(799): CodeIgniter\Router\RouteCollection->{closure}(Object(CodeIgniter\Router\RouteCollection))
 4 APPPATH\Config\Routes.php(41): CodeIgniter\Router\RouteCollection->group('admin', [...], Object(Closure))
 5 SYSTEMPATH\Router\RouteCollection.php(799): CodeIgniter\Router\RouteCollection->{closure}(Object(CodeIgniter\Router\RouteCollection))
 6 APPPATH\Config\Routes.php(54): CodeIgniter\Router\RouteCollection->group('', [...], Object(Closure))
 7 SYSTEMPATH\Router\RouteCollection.php(799): CodeIgniter\Router\RouteCollection->{closure}(Object(CodeIgniter\Router\RouteCollection))
 8 APPPATH\Config\Routes.php(55): CodeIgniter\Router\RouteCollection->group('', [...], Object(Closure))
 9 SYSTEMPATH\Router\RouteCollection.php(339): require('C:\\xampp\\htdocs\\ITE311-GOMEZ\\app\\Config\\Routes.php')
10 SYSTEMPATH\CLI\Console.php(41): CodeIgniter\Router\RouteCollection->loadRoutes()
11 SYSTEMPATH\Boot.php(388): CodeIgniter\CLI\Console->run()
12 SYSTEMPATH\Boot.php(133): CodeIgniter\Boot::runCommand(Object(CodeIgniter\CLI\Console))
13 ROOTPATH\spark(87): CodeIgniter\Boot::bootSpark(Object(Config\Paths))
WARNING - 2025-10-09 15:58:04 --> [DEPRECATED] Passing lowercase HTTP method "post" is deprecated. Use uppercase HTTP method like "POST". in SYSTEMPATH\Router\RouteCollection.php on line 1029.
 1 SYSTEMPATH\Router\RouteCollection.php(1029): trigger_error('Passing lowercase HTTP method "post" is deprecated. Use uppercase HTTP method like "POST".', 16384)
 2 APPPATH\Config\Routes.php(34): CodeIgniter\Router\RouteCollection->match([...], 'courses', 'Courses::store', [...])
 3 SYSTEMPATH\Router\RouteCollection.php(799): CodeIgniter\Router\RouteCollection->{closure}(Object(CodeIgniter\Router\RouteCollection))
 4 APPPATH\Config\Routes.php(41): CodeIgniter\Router\RouteCollection->group('admin', [...], Object(Closure))
 5 SYSTEMPATH\Router\RouteCollection.php(799): CodeIgniter\Router\RouteCollection->{closure}(Object(CodeIgniter\Router\RouteCollection))
 6 APPPATH\Config\Routes.php(54): CodeIgniter\Router\RouteCollection->group('', [...], Object(Closure))
 7 SYSTEMPATH\Router\RouteCollection.php(799): CodeIgniter\Router\RouteCollection->{closure}(Object(CodeIgniter\Router\RouteCollection))
 8 APPPATH\Config\Routes.php(55): CodeIgniter\Router\RouteCollection->group('', [...], Object(Closure))
 9 SYSTEMPATH\Router\RouteCollection.php(339): require('C:\\xampp\\htdocs\\ITE311-GOMEZ\\app\\Config\\Routes.php')
10 SYSTEMPATH\CodeIgniter.php(821): CodeIgniter\Router\RouteCollection->loadRoutes()
11 SYSTEMPATH\CodeIgniter.php(455): CodeIgniter\CodeIgniter->tryToRouteIt(null)
12 SYSTEMPATH\CodeIgniter.php(354): CodeIgniter\CodeIgniter->handleRequest(null, Object(Config\Cache), false)
13 SYSTEMPATH\Boot.php(363): CodeIgniter\CodeIgniter->run()
14 SYSTEMPATH\Boot.php(68): CodeIgniter\Boot::runCodeIgniter(Object(CodeIgniter\CodeIgniter))
15 FCPATH\index.php(59): CodeIgniter\Boot::bootWeb(Object(Config\Paths))
DEBUG - 2025-10-09 15:58:04 --> Session: Class initialized using 'CodeIgniter\Session\Handlers\FileHandler' driver.
WARNING - 2025-10-09 15:58:26 --> [DEPRECATED] Passing lowercase HTTP method "post" is deprecated. Use uppercase HTTP method like "POST". in SYSTEMPATH\Router\RouteCollection.php on line 1029.
 1 SYSTEMPATH\Router\RouteCollection.php(1029): trigger_error('Passing lowercase HTTP method "post" is deprecated. Use uppercase HTTP method like "POST".', 16384)
 2 APPPATH\Config\Routes.php(34): CodeIgniter\Router\RouteCollection->match([...], 'courses', 'Courses::store', [...])
 3 SYSTEMPATH\Router\RouteCollection.php(799): CodeIgniter\Router\RouteCollection->{closure}(Object(CodeIgniter\Router\RouteCollection))
 4 APPPATH\Config\Routes.php(41): CodeIgniter\Router\RouteCollection->group('admin', [...], Object(Closure))
 5 SYSTEMPATH\Router\RouteCollection.php(799): CodeIgniter\Router\RouteCollection->{closure}(Object(CodeIgniter\Router\RouteCollection))
 6 APPPATH\Config\Routes.php(54): CodeIgniter\Router\RouteCollection->group('', [...], Object(Closure))
 7 SYSTEMPATH\Router\RouteCollection.php(799): CodeIgniter\Router\RouteCollection->{closure}(Object(CodeIgniter\Router\RouteCollection))
 8 APPPATH\Config\Routes.php(55): CodeIgniter\Router\RouteCollection->group('', [...], Object(Closure))
 9 SYSTEMPATH\Router\RouteCollection.php(339): require('C:\\xampp\\htdocs\\ITE311-GOMEZ\\app\\Config\\Routes.php')
10 SYSTEMPATH\CodeIgniter.php(821): CodeIgniter\Router\RouteCollection->loadRoutes()
11 SYSTEMPATH\CodeIgniter.php(455): CodeIgniter\CodeIgniter->tryToRouteIt(null)
12 SYSTEMPATH\CodeIgniter.php(354): CodeIgniter\CodeIgniter->handleRequest(null, Object(Config\Cache), false)
13 SYSTEMPATH\Boot.php(363): CodeIgniter\CodeIgniter->run()
14 SYSTEMPATH\Boot.php(68): CodeIgniter\Boot::runCodeIgniter(Object(CodeIgniter\CodeIgniter))
15 FCPATH\index.php(59): CodeIgniter\Boot::bootWeb(Object(Config\Paths))
DEBUG - 2025-10-09 15:58:26 --> Session: Class initialized using 'CodeIgniter\Session\Handlers\FileHandler' driver.
WARNING - 2025-10-09 15:59:39 --> [DEPRECATED] Passing lowercase HTTP method "post" is deprecated. Use uppercase HTTP method like "POST". in SYSTEMPATH\Router\RouteCollection.php on line 1029.
 1 SYSTEMPATH\Router\RouteCollection.php(1029): trigger_error('Passing lowercase HTTP method "post" is deprecated. Use uppercase HTTP method like "POST".', 16384)
 2 APPPATH\Config\Routes.php(34): CodeIgniter\Router\RouteCollection->match([...], 'courses', 'Courses::store', [...])
 3 SYSTEMPATH\Router\RouteCollection.php(799): CodeIgniter\Router\RouteCollection->{closure}(Object(CodeIgniter\Router\RouteCollection))
 4 APPPATH\Config\Routes.php(41): CodeIgniter\Router\RouteCollection->group('admin', [...], Object(Closure))
 5 SYSTEMPATH\Router\RouteCollection.php(799): CodeIgniter\Router\RouteCollection->{closure}(Object(CodeIgniter\Router\RouteCollection))
 6 APPPATH\Config\Routes.php(54): CodeIgniter\Router\RouteCollection->group('', [...], Object(Closure))
 7 SYSTEMPATH\Router\RouteCollection.php(799): CodeIgniter\Router\RouteCollection->{closure}(Object(CodeIgniter\Router\RouteCollection))
 8 APPPATH\Config\Routes.php(55): CodeIgniter\Router\RouteCollection->group('', [...], Object(Closure))
 9 SYSTEMPATH\Router\RouteCollection.php(339): require('C:\\xampp\\htdocs\\ITE311-GOMEZ\\app\\Config\\Routes.php')
10 SYSTEMPATH\CodeIgniter.php(821): CodeIgniter\Router\RouteCollection->loadRoutes()
11 SYSTEMPATH\CodeIgniter.php(455): CodeIgniter\CodeIgniter->tryToRouteIt(null)
12 SYSTEMPATH\CodeIgniter.php(354): CodeIgniter\CodeIgniter->handleRequest(null, Object(Config\Cache), false)
13 SYSTEMPATH\Boot.php(363): CodeIgniter\CodeIgniter->run()
14 SYSTEMPATH\Boot.php(68): CodeIgniter\Boot::runCodeIgniter(Object(CodeIgniter\CodeIgniter))
15 FCPATH\index.php(59): CodeIgniter\Boot::bootWeb(Object(Config\Paths))
DEBUG - 2025-10-09 15:59:39 --> Session: Class initialized using 'CodeIgniter\Session\Handlers\FileHandler' driver.
WARNING - 2025-10-09 16:01:17 --> [DEPRECATED] Passing lowercase HTTP method "post" is deprecated. Use uppercase HTTP method like "POST". in SYSTEMPATH\Router\RouteCollection.php on line 1029.
 1 SYSTEMPATH\Router\RouteCollection.php(1029): trigger_error('Passing lowercase HTTP method "post" is deprecated. Use uppercase HTTP method like "POST".', 16384)
 2 APPPATH\Config\Routes.php(34): CodeIgniter\Router\RouteCollection->match([...], 'courses', 'Courses::store', [...])
 3 SYSTEMPATH\Router\RouteCollection.php(799): CodeIgniter\Router\RouteCollection->{closure}(Object(CodeIgniter\Router\RouteCollection))
 4 APPPATH\Config\Routes.php(41): CodeIgniter\Router\RouteCollection->group('admin', [...], Object(Closure))
 5 SYSTEMPATH\Router\RouteCollection.php(799): CodeIgniter\Router\RouteCollection->{closure}(Object(CodeIgniter\Router\RouteCollection))
 6 APPPATH\Config\Routes.php(54): CodeIgniter\Router\RouteCollection->group('', [...], Object(Closure))
 7 SYSTEMPATH\Router\RouteCollection.php(799): CodeIgniter\Router\RouteCollection->{closure}(Object(CodeIgniter\Router\RouteCollection))
 8 APPPATH\Config\Routes.php(55): CodeIgniter\Router\RouteCollection->group('', [...], Object(Closure))
 9 SYSTEMPATH\Router\RouteCollection.php(339): require('C:\\xampp\\htdocs\\ITE311-GOMEZ\\app\\Config\\Routes.php')
10 SYSTEMPATH\CodeIgniter.php(821): CodeIgniter\Router\RouteCollection->loadRoutes()
11 SYSTEMPATH\CodeIgniter.php(455): CodeIgniter\CodeIgniter->tryToRouteIt(null)
12 SYSTEMPATH\CodeIgniter.php(354): CodeIgniter\CodeIgniter->handleRequest(null, Object(Config\Cache), false)
13 SYSTEMPATH\Boot.php(363): CodeIgniter\CodeIgniter->run()
14 SYSTEMPATH\Boot.php(68): CodeIgniter\Boot::runCodeIgniter(Object(CodeIgniter\CodeIgniter))
15 FCPATH\index.php(59): CodeIgniter\Boot::bootWeb(Object(Config\Paths))
DEBUG - 2025-10-09 16:01:17 --> Session: Class initialized using 'CodeIgniter\Session\Handlers\FileHandler' driver.
WARNING - 2025-10-09 16:01:25 --> [DEPRECATED] Passing lowercase HTTP method "post" is deprecated. Use uppercase HTTP method like "POST". in SYSTEMPATH\Router\RouteCollection.php on line 1029.
 1 SYSTEMPATH\Router\RouteCollection.php(1029): trigger_error('Passing lowercase HTTP method "post" is deprecated. Use uppercase HTTP method like "POST".', 16384)
 2 APPPATH\Config\Routes.php(34): CodeIgniter\Router\RouteCollection->match([...], 'courses', 'Courses::store', [...])
 3 SYSTEMPATH\Router\RouteCollection.php(799): CodeIgniter\Router\RouteCollection->{closure}(Object(CodeIgniter\Router\RouteCollection))
 4 APPPATH\Config\Routes.php(41): CodeIgniter\Router\RouteCollection->group('admin', [...], Object(Closure))
 5 SYSTEMPATH\Router\RouteCollection.php(799): CodeIgniter\Router\RouteCollection->{closure}(Object(CodeIgniter\Router\RouteCollection))
 6 APPPATH\Config\Routes.php(54): CodeIgniter\Router\RouteCollection->group('', [...], Object(Closure))
 7 SYSTEMPATH\Router\RouteCollection.php(799): CodeIgniter\Router\RouteCollection->{closure}(Object(CodeIgniter\Router\RouteCollection))
 8 APPPATH\Config\Routes.php(55): CodeIgniter\Router\RouteCollection->group('', [...], Object(Closure))
 9 SYSTEMPATH\Router\RouteCollection.php(339): require('C:\\xampp\\htdocs\\ITE311-GOMEZ\\app\\Config\\Routes.php')
10 SYSTEMPATH\CodeIgniter.php(821): CodeIgniter\Router\RouteCollection->loadRoutes()
11 SYSTEMPATH\CodeIgniter.php(455): CodeIgniter\CodeIgniter->tryToRouteIt(null)
12 SYSTEMPATH\CodeIgniter.php(354): CodeIgniter\CodeIgniter->handleRequest(null, Object(Config\Cache), false)
13 SYSTEMPATH\Boot.php(363): CodeIgniter\CodeIgniter->run()
14 SYSTEMPATH\Boot.php(68): CodeIgniter\Boot::runCodeIgniter(Object(CodeIgniter\CodeIgniter))
15 FCPATH\index.php(59): CodeIgniter\Boot::bootWeb(Object(Config\Paths))
DEBUG - 2025-10-09 16:01:25 --> Session: Class initialized using 'CodeIgniter\Session\Handlers\FileHandler' driver.
WARNING - 2025-10-09 16:01:26 --> [DEPRECATED] Passing lowercase HTTP method "post" is deprecated. Use uppercase HTTP method like "POST". in SYSTEMPATH\Router\RouteCollection.php on line 1029.
 1 SYSTEMPATH\Router\RouteCollection.php(1029): trigger_error('Passing lowercase HTTP method "post" is deprecated. Use uppercase HTTP method like "POST".', 16384)
 2 APPPATH\Config\Routes.php(34): CodeIgniter\Router\RouteCollection->match([...], 'courses', 'Courses::store', [...])
 3 SYSTEMPATH\Router\RouteCollection.php(799): CodeIgniter\Router\RouteCollection->{closure}(Object(CodeIgniter\Router\RouteCollection))
 4 APPPATH\Config\Routes.php(41): CodeIgniter\Router\RouteCollection->group('admin', [...], Object(Closure))
 5 SYSTEMPATH\Router\RouteCollection.php(799): CodeIgniter\Router\RouteCollection->{closure}(Object(CodeIgniter\Router\RouteCollection))
 6 APPPATH\Config\Routes.php(54): CodeIgniter\Router\RouteCollection->group('', [...], Object(Closure))
 7 SYSTEMPATH\Router\RouteCollection.php(799): CodeIgniter\Router\RouteCollection->{closure}(Object(CodeIgniter\Router\RouteCollection))
 8 APPPATH\Config\Routes.php(55): CodeIgniter\Router\RouteCollection->group('', [...], Object(Closure))
 9 SYSTEMPATH\Router\RouteCollection.php(339): require('C:\\xampp\\htdocs\\ITE311-GOMEZ\\app\\Config\\Routes.php')
10 SYSTEMPATH\CodeIgniter.php(821): CodeIgniter\Router\RouteCollection->loadRoutes()
11 SYSTEMPATH\CodeIgniter.php(455): CodeIgniter\CodeIgniter->tryToRouteIt(null)
12 SYSTEMPATH\CodeIgniter.php(354): CodeIgniter\CodeIgniter->handleRequest(null, Object(Config\Cache), false)
13 SYSTEMPATH\Boot.php(363): CodeIgniter\CodeIgniter->run()
14 SYSTEMPATH\Boot.php(68): CodeIgniter\Boot::runCodeIgniter(Object(CodeIgniter\CodeIgniter))
15 FCPATH\index.php(59): CodeIgniter\Boot::bootWeb(Object(Config\Paths))
DEBUG - 2025-10-09 16:01:26 --> Session: Class initialized using 'CodeIgniter\Session\Handlers\FileHandler' driver.
ERROR - 2025-10-09 16:01:26 --> Enrollment error: Failed to create enrollment record\n#0 C:\xampp\htdocs\ITE311-GOMEZ\system\CodeIgniter.php(933): App\Controllers\Student\Courses->enroll('1')
#1 C:\xampp\htdocs\ITE311-GOMEZ\system\CodeIgniter.php(507): CodeIgniter\CodeIgniter->runController(Object(App\Controllers\Student\Courses))
#2 C:\xampp\htdocs\ITE311-GOMEZ\system\CodeIgniter.php(354): CodeIgniter\CodeIgniter->handleRequest(NULL, Object(Config\Cache), false)
#3 C:\xampp\htdocs\ITE311-GOMEZ\system\Boot.php(363): CodeIgniter\CodeIgniter->run()
#4 C:\xampp\htdocs\ITE311-GOMEZ\system\Boot.php(68): CodeIgniter\Boot::runCodeIgniter(Object(CodeIgniter\CodeIgniter))
#5 C:\xampp\htdocs\ITE311-GOMEZ\public\index.php(59): CodeIgniter\Boot::bootWeb(Object(Config\Paths))
#6 {main}
WARNING - 2025-10-09 16:01:26 --> [DEPRECATED] Passing lowercase HTTP method "post" is deprecated. Use uppercase HTTP method like "POST". in SYSTEMPATH\Router\RouteCollection.php on line 1029.
 1 SYSTEMPATH\Router\RouteCollection.php(1029): trigger_error('Passing lowercase HTTP method "post" is deprecated. Use uppercase HTTP method like "POST".', 16384)
 2 APPPATH\Config\Routes.php(34): CodeIgniter\Router\RouteCollection->match([...], 'courses', 'Courses::store', [...])
 3 SYSTEMPATH\Router\RouteCollection.php(799): CodeIgniter\Router\RouteCollection->{closure}(Object(CodeIgniter\Router\RouteCollection))
 4 APPPATH\Config\Routes.php(41): CodeIgniter\Router\RouteCollection->group('admin', [...], Object(Closure))
 5 SYSTEMPATH\Router\RouteCollection.php(799): CodeIgniter\Router\RouteCollection->{closure}(Object(CodeIgniter\Router\RouteCollection))
 6 APPPATH\Config\Routes.php(54): CodeIgniter\Router\RouteCollection->group('', [...], Object(Closure))
 7 SYSTEMPATH\Router\RouteCollection.php(799): CodeIgniter\Router\RouteCollection->{closure}(Object(CodeIgniter\Router\RouteCollection))
 8 APPPATH\Config\Routes.php(55): CodeIgniter\Router\RouteCollection->group('', [...], Object(Closure))
 9 SYSTEMPATH\Router\RouteCollection.php(339): require('C:\\xampp\\htdocs\\ITE311-GOMEZ\\app\\Config\\Routes.php')
10 SYSTEMPATH\CodeIgniter.php(821): CodeIgniter\Router\RouteCollection->loadRoutes()
11 SYSTEMPATH\CodeIgniter.php(455): CodeIgniter\CodeIgniter->tryToRouteIt(null)
12 SYSTEMPATH\CodeIgniter.php(354): CodeIgniter\CodeIgniter->handleRequest(null, Object(Config\Cache), false)
13 SYSTEMPATH\Boot.php(363): CodeIgniter\CodeIgniter->run()
14 SYSTEMPATH\Boot.php(68): CodeIgniter\Boot::runCodeIgniter(Object(CodeIgniter\CodeIgniter))
15 FCPATH\index.php(59): CodeIgniter\Boot::bootWeb(Object(Config\Paths))
DEBUG - 2025-10-09 16:01:26 --> Session: Class initialized using 'CodeIgniter\Session\Handlers\FileHandler' driver.
WARNING - 2025-10-09 16:01:58 --> [DEPRECATED] Passing lowercase HTTP method "post" is deprecated. Use uppercase HTTP method like "POST". in SYSTEMPATH\Router\RouteCollection.php on line 1029.
 1 SYSTEMPATH\Router\RouteCollection.php(1029): trigger_error('Passing lowercase HTTP method "post" is deprecated. Use uppercase HTTP method like "POST".', 16384)
 2 APPPATH\Config\Routes.php(34): CodeIgniter\Router\RouteCollection->match([...], 'courses', 'Courses::store', [...])
 3 SYSTEMPATH\Router\RouteCollection.php(799): CodeIgniter\Router\RouteCollection->{closure}(Object(CodeIgniter\Router\RouteCollection))
 4 APPPATH\Config\Routes.php(41): CodeIgniter\Router\RouteCollection->group('admin', [...], Object(Closure))
 5 SYSTEMPATH\Router\RouteCollection.php(799): CodeIgniter\Router\RouteCollection->{closure}(Object(CodeIgniter\Router\RouteCollection))
 6 APPPATH\Config\Routes.php(54): CodeIgniter\Router\RouteCollection->group('', [...], Object(Closure))
 7 SYSTEMPATH\Router\RouteCollection.php(799): CodeIgniter\Router\RouteCollection->{closure}(Object(CodeIgniter\Router\RouteCollection))
 8 APPPATH\Config\Routes.php(55): CodeIgniter\Router\RouteCollection->group('', [...], Object(Closure))
 9 SYSTEMPATH\Router\RouteCollection.php(339): require('C:\\xampp\\htdocs\\ITE311-GOMEZ\\app\\Config\\Routes.php')
10 SYSTEMPATH\CodeIgniter.php(821): CodeIgniter\Router\RouteCollection->loadRoutes()
11 SYSTEMPATH\CodeIgniter.php(455): CodeIgniter\CodeIgniter->tryToRouteIt(null)
12 SYSTEMPATH\CodeIgniter.php(354): CodeIgniter\CodeIgniter->handleRequest(null, Object(Config\Cache), false)
13 SYSTEMPATH\Boot.php(363): CodeIgniter\CodeIgniter->run()
14 SYSTEMPATH\Boot.php(68): CodeIgniter\Boot::runCodeIgniter(Object(CodeIgniter\CodeIgniter))
15 FCPATH\index.php(59): CodeIgniter\Boot::bootWeb(Object(Config\Paths))
DEBUG - 2025-10-09 16:01:58 --> Session: Class initialized using 'CodeIgniter\Session\Handlers\FileHandler' driver.
CRITICAL - 2025-10-09 16:01:58 --> CodeIgniter\View\Exceptions\ViewException: Invalid file: "student/courses/index.php"
[Method: GET, Route: student/courses]
in SYSTEMPATH\Exceptions\FrameworkException.php on line 39.
 1 SYSTEMPATH\View\View.php(214): CodeIgniter\Exceptions\FrameworkException::forInvalidFile('student/courses/index.php')
 2 SYSTEMPATH\Common.php(1167): CodeIgniter\View\View->render('student/courses/index', [], true)
 3 APPPATH\Controllers\BaseController.php(182): view('student/courses/index', [...])
 4 APPPATH\Controllers\Student\Courses.php(61): App\Controllers\BaseController->render('student/courses/index', [...])
 5 SYSTEMPATH\CodeIgniter.php(933): App\Controllers\Student\Courses->index()
 6 SYSTEMPATH\CodeIgniter.php(507): CodeIgniter\CodeIgniter->runController(Object(App\Controllers\Student\Courses))
 7 SYSTEMPATH\CodeIgniter.php(354): CodeIgniter\CodeIgniter->handleRequest(null, Object(Config\Cache), false)
 8 SYSTEMPATH\Boot.php(363): CodeIgniter\CodeIgniter->run()
 9 SYSTEMPATH\Boot.php(68): CodeIgniter\Boot::runCodeIgniter(Object(CodeIgniter\CodeIgniter))
10 FCPATH\index.php(59): CodeIgniter\Boot::bootWeb(Object(Config\Paths))
WARNING - 2025-10-09 16:04:12 --> [DEPRECATED] Passing lowercase HTTP method "post" is deprecated. Use uppercase HTTP method like "POST". in SYSTEMPATH\Router\RouteCollection.php on line 1029.
 1 SYSTEMPATH\Router\RouteCollection.php(1029): trigger_error('Passing lowercase HTTP method "post" is deprecated. Use uppercase HTTP method like "POST".', 16384)
 2 APPPATH\Config\Routes.php(34): CodeIgniter\Router\RouteCollection->match([...], 'courses', 'Courses::store', [...])
 3 SYSTEMPATH\Router\RouteCollection.php(799): CodeIgniter\Router\RouteCollection->{closure}(Object(CodeIgniter\Router\RouteCollection))
 4 APPPATH\Config\Routes.php(41): CodeIgniter\Router\RouteCollection->group('admin', [...], Object(Closure))
 5 SYSTEMPATH\Router\RouteCollection.php(799): CodeIgniter\Router\RouteCollection->{closure}(Object(CodeIgniter\Router\RouteCollection))
 6 APPPATH\Config\Routes.php(54): CodeIgniter\Router\RouteCollection->group('', [...], Object(Closure))
 7 SYSTEMPATH\Router\RouteCollection.php(799): CodeIgniter\Router\RouteCollection->{closure}(Object(CodeIgniter\Router\RouteCollection))
 8 APPPATH\Config\Routes.php(55): CodeIgniter\Router\RouteCollection->group('', [...], Object(Closure))
 9 SYSTEMPATH\Router\RouteCollection.php(339): require('C:\\xampp\\htdocs\\ITE311-GOMEZ\\app\\Config\\Routes.php')
10 SYSTEMPATH\CodeIgniter.php(821): CodeIgniter\Router\RouteCollection->loadRoutes()
11 SYSTEMPATH\CodeIgniter.php(455): CodeIgniter\CodeIgniter->tryToRouteIt(null)
12 SYSTEMPATH\CodeIgniter.php(354): CodeIgniter\CodeIgniter->handleRequest(null, Object(Config\Cache), false)
13 SYSTEMPATH\Boot.php(363): CodeIgniter\CodeIgniter->run()
14 SYSTEMPATH\Boot.php(68): CodeIgniter\Boot::runCodeIgniter(Object(CodeIgniter\CodeIgniter))
15 FCPATH\index.php(59): CodeIgniter\Boot::bootWeb(Object(Config\Paths))
DEBUG - 2025-10-09 16:04:12 --> Session: Class initialized using 'CodeIgniter\Session\Handlers\FileHandler' driver.
CRITICAL - 2025-10-09 16:04:12 --> ErrorException: Undefined array key "course_code"
[Method: GET, Route: student/courses]
in APPPATH\Views\student\courses\index.php on line 28.
 1 APPPATH\Views\student\courses\index.php(28): CodeIgniter\Debug\Exceptions->errorHandler(2, 'Undefined array key "course_code"', 'C:\\xampp\\htdocs\\ITE311-GOMEZ\\app\\Views\\student\\courses\\index.php', 28)
 2 SYSTEMPATH\View\View.php(226): include('C:\\xampp\\htdocs\\ITE311-GOMEZ\\app\\Views\\student\\courses\\index.php')
 3 SYSTEMPATH\View\View.php(229): CodeIgniter\View\View->CodeIgniter\View\{closure}()
 4 SYSTEMPATH\Common.php(1167): CodeIgniter\View\View->render('student/courses/index', [], true)
 5 APPPATH\Controllers\BaseController.php(182): view('student/courses/index', [...])
 6 APPPATH\Controllers\Student\Courses.php(61): App\Controllers\BaseController->render('student/courses/index', [...])
 7 SYSTEMPATH\CodeIgniter.php(933): App\Controllers\Student\Courses->index()
 8 SYSTEMPATH\CodeIgniter.php(507): CodeIgniter\CodeIgniter->runController(Object(App\Controllers\Student\Courses))
 9 SYSTEMPATH\CodeIgniter.php(354): CodeIgniter\CodeIgniter->handleRequest(null, Object(Config\Cache), false)
10 SYSTEMPATH\Boot.php(363): CodeIgniter\CodeIgniter->run()
11 SYSTEMPATH\Boot.php(68): CodeIgniter\Boot::runCodeIgniter(Object(CodeIgniter\CodeIgniter))
12 FCPATH\index.php(59): CodeIgniter\Boot::bootWeb(Object(Config\Paths))
WARNING - 2025-10-09 16:04:53 --> [DEPRECATED] Passing lowercase HTTP method "post" is deprecated. Use uppercase HTTP method like "POST". in SYSTEMPATH\Router\RouteCollection.php on line 1029.
 1 SYSTEMPATH\Router\RouteCollection.php(1029): trigger_error('Passing lowercase HTTP method "post" is deprecated. Use uppercase HTTP method like "POST".', 16384)
 2 APPPATH\Config\Routes.php(34): CodeIgniter\Router\RouteCollection->match([...], 'courses', 'Courses::store', [...])
 3 SYSTEMPATH\Router\RouteCollection.php(799): CodeIgniter\Router\RouteCollection->{closure}(Object(CodeIgniter\Router\RouteCollection))
 4 APPPATH\Config\Routes.php(41): CodeIgniter\Router\RouteCollection->group('admin', [...], Object(Closure))
 5 SYSTEMPATH\Router\RouteCollection.php(799): CodeIgniter\Router\RouteCollection->{closure}(Object(CodeIgniter\Router\RouteCollection))
 6 APPPATH\Config\Routes.php(54): CodeIgniter\Router\RouteCollection->group('', [...], Object(Closure))
 7 SYSTEMPATH\Router\RouteCollection.php(799): CodeIgniter\Router\RouteCollection->{closure}(Object(CodeIgniter\Router\RouteCollection))
 8 APPPATH\Config\Routes.php(55): CodeIgniter\Router\RouteCollection->group('', [...], Object(Closure))
 9 SYSTEMPATH\Router\RouteCollection.php(339): require('C:\\xampp\\htdocs\\ITE311-GOMEZ\\app\\Config\\Routes.php')
10 SYSTEMPATH\CodeIgniter.php(821): CodeIgniter\Router\RouteCollection->loadRoutes()
11 SYSTEMPATH\CodeIgniter.php(455): CodeIgniter\CodeIgniter->tryToRouteIt(null)
12 SYSTEMPATH\CodeIgniter.php(354): CodeIgniter\CodeIgniter->handleRequest(null, Object(Config\Cache), false)
13 SYSTEMPATH\Boot.php(363): CodeIgniter\CodeIgniter->run()
14 SYSTEMPATH\Boot.php(68): CodeIgniter\Boot::runCodeIgniter(Object(CodeIgniter\CodeIgniter))
15 FCPATH\index.php(59): CodeIgniter\Boot::bootWeb(Object(Config\Paths))
DEBUG - 2025-10-09 16:04:53 --> Session: Class initialized using 'CodeIgniter\Session\Handlers\FileHandler' driver.
WARNING - 2025-10-09 16:04:57 --> [DEPRECATED] Passing lowercase HTTP method "post" is deprecated. Use uppercase HTTP method like "POST". in SYSTEMPATH\Router\RouteCollection.php on line 1029.
 1 SYSTEMPATH\Router\RouteCollection.php(1029): trigger_error('Passing lowercase HTTP method "post" is deprecated. Use uppercase HTTP method like "POST".', 16384)
 2 APPPATH\Config\Routes.php(34): CodeIgniter\Router\RouteCollection->match([...], 'courses', 'Courses::store', [...])
 3 SYSTEMPATH\Router\RouteCollection.php(799): CodeIgniter\Router\RouteCollection->{closure}(Object(CodeIgniter\Router\RouteCollection))
 4 APPPATH\Config\Routes.php(41): CodeIgniter\Router\RouteCollection->group('admin', [...], Object(Closure))
 5 SYSTEMPATH\Router\RouteCollection.php(799): CodeIgniter\Router\RouteCollection->{closure}(Object(CodeIgniter\Router\RouteCollection))
 6 APPPATH\Config\Routes.php(54): CodeIgniter\Router\RouteCollection->group('', [...], Object(Closure))
 7 SYSTEMPATH\Router\RouteCollection.php(799): CodeIgniter\Router\RouteCollection->{closure}(Object(CodeIgniter\Router\RouteCollection))
 8 APPPATH\Config\Routes.php(55): CodeIgniter\Router\RouteCollection->group('', [...], Object(Closure))
 9 SYSTEMPATH\Router\RouteCollection.php(339): require('C:\\xampp\\htdocs\\ITE311-GOMEZ\\app\\Config\\Routes.php')
10 SYSTEMPATH\CodeIgniter.php(821): CodeIgniter\Router\RouteCollection->loadRoutes()
11 SYSTEMPATH\CodeIgniter.php(455): CodeIgniter\CodeIgniter->tryToRouteIt(null)
12 SYSTEMPATH\CodeIgniter.php(354): CodeIgniter\CodeIgniter->handleRequest(null, Object(Config\Cache), false)
13 SYSTEMPATH\Boot.php(363): CodeIgniter\CodeIgniter->run()
14 SYSTEMPATH\Boot.php(68): CodeIgniter\Boot::runCodeIgniter(Object(CodeIgniter\CodeIgniter))
15 FCPATH\index.php(59): CodeIgniter\Boot::bootWeb(Object(Config\Paths))
DEBUG - 2025-10-09 16:04:57 --> Session: Class initialized using 'CodeIgniter\Session\Handlers\FileHandler' driver.
WARNING - 2025-10-09 16:04:58 --> [DEPRECATED] Passing lowercase HTTP method "post" is deprecated. Use uppercase HTTP method like "POST". in SYSTEMPATH\Router\RouteCollection.php on line 1029.
 1 SYSTEMPATH\Router\RouteCollection.php(1029): trigger_error('Passing lowercase HTTP method "post" is deprecated. Use uppercase HTTP method like "POST".', 16384)
 2 APPPATH\Config\Routes.php(34): CodeIgniter\Router\RouteCollection->match([...], 'courses', 'Courses::store', [...])
 3 SYSTEMPATH\Router\RouteCollection.php(799): CodeIgniter\Router\RouteCollection->{closure}(Object(CodeIgniter\Router\RouteCollection))
 4 APPPATH\Config\Routes.php(41): CodeIgniter\Router\RouteCollection->group('admin', [...], Object(Closure))
 5 SYSTEMPATH\Router\RouteCollection.php(799): CodeIgniter\Router\RouteCollection->{closure}(Object(CodeIgniter\Router\RouteCollection))
 6 APPPATH\Config\Routes.php(54): CodeIgniter\Router\RouteCollection->group('', [...], Object(Closure))
 7 SYSTEMPATH\Router\RouteCollection.php(799): CodeIgniter\Router\RouteCollection->{closure}(Object(CodeIgniter\Router\RouteCollection))
 8 APPPATH\Config\Routes.php(55): CodeIgniter\Router\RouteCollection->group('', [...], Object(Closure))
 9 SYSTEMPATH\Router\RouteCollection.php(339): require('C:\\xampp\\htdocs\\ITE311-GOMEZ\\app\\Config\\Routes.php')
10 SYSTEMPATH\CodeIgniter.php(821): CodeIgniter\Router\RouteCollection->loadRoutes()
11 SYSTEMPATH\CodeIgniter.php(455): CodeIgniter\CodeIgniter->tryToRouteIt(null)
12 SYSTEMPATH\CodeIgniter.php(354): CodeIgniter\CodeIgniter->handleRequest(null, Object(Config\Cache), false)
13 SYSTEMPATH\Boot.php(363): CodeIgniter\CodeIgniter->run()
14 SYSTEMPATH\Boot.php(68): CodeIgniter\Boot::runCodeIgniter(Object(CodeIgniter\CodeIgniter))
15 FCPATH\index.php(59): CodeIgniter\Boot::bootWeb(Object(Config\Paths))
DEBUG - 2025-10-09 16:04:58 --> Session: Class initialized using 'CodeIgniter\Session\Handlers\FileHandler' driver.
WARNING - 2025-10-09 16:05:39 --> [DEPRECATED] Passing lowercase HTTP method "post" is deprecated. Use uppercase HTTP method like "POST". in SYSTEMPATH\Router\RouteCollection.php on line 1029.
 1 SYSTEMPATH\Router\RouteCollection.php(1029): trigger_error('Passing lowercase HTTP method "post" is deprecated. Use uppercase HTTP method like "POST".', 16384)
 2 APPPATH\Config\Routes.php(34): CodeIgniter\Router\RouteCollection->match([...], 'courses', 'Courses::store', [...])
 3 SYSTEMPATH\Router\RouteCollection.php(799): CodeIgniter\Router\RouteCollection->{closure}(Object(CodeIgniter\Router\RouteCollection))
 4 APPPATH\Config\Routes.php(41): CodeIgniter\Router\RouteCollection->group('admin', [...], Object(Closure))
 5 SYSTEMPATH\Router\RouteCollection.php(799): CodeIgniter\Router\RouteCollection->{closure}(Object(CodeIgniter\Router\RouteCollection))
 6 APPPATH\Config\Routes.php(54): CodeIgniter\Router\RouteCollection->group('', [...], Object(Closure))
 7 SYSTEMPATH\Router\RouteCollection.php(799): CodeIgniter\Router\RouteCollection->{closure}(Object(CodeIgniter\Router\RouteCollection))
 8 APPPATH\Config\Routes.php(55): CodeIgniter\Router\RouteCollection->group('', [...], Object(Closure))
 9 SYSTEMPATH\Router\RouteCollection.php(339): require('C:\\xampp\\htdocs\\ITE311-GOMEZ\\app\\Config\\Routes.php')
10 SYSTEMPATH\CodeIgniter.php(821): CodeIgniter\Router\RouteCollection->loadRoutes()
11 SYSTEMPATH\CodeIgniter.php(455): CodeIgniter\CodeIgniter->tryToRouteIt(null)
12 SYSTEMPATH\CodeIgniter.php(354): CodeIgniter\CodeIgniter->handleRequest(null, Object(Config\Cache), false)
13 SYSTEMPATH\Boot.php(363): CodeIgniter\CodeIgniter->run()
14 SYSTEMPATH\Boot.php(68): CodeIgniter\Boot::runCodeIgniter(Object(CodeIgniter\CodeIgniter))
15 FCPATH\index.php(59): CodeIgniter\Boot::bootWeb(Object(Config\Paths))
DEBUG - 2025-10-09 16:05:39 --> Session: Class initialized using 'CodeIgniter\Session\Handlers\FileHandler' driver.
WARNING - 2025-10-09 16:06:06 --> [DEPRECATED] Passing lowercase HTTP method "post" is deprecated. Use uppercase HTTP method like "POST". in SYSTEMPATH\Router\RouteCollection.php on line 1029.
 1 SYSTEMPATH\Router\RouteCollection.php(1029): trigger_error('Passing lowercase HTTP method "post" is deprecated. Use uppercase HTTP method like "POST".', 16384)
 2 APPPATH\Config\Routes.php(34): CodeIgniter\Router\RouteCollection->match([...], 'courses', 'Courses::store', [...])
 3 SYSTEMPATH\Router\RouteCollection.php(799): CodeIgniter\Router\RouteCollection->{closure}(Object(CodeIgniter\Router\RouteCollection))
 4 APPPATH\Config\Routes.php(41): CodeIgniter\Router\RouteCollection->group('admin', [...], Object(Closure))
 5 SYSTEMPATH\Router\RouteCollection.php(799): CodeIgniter\Router\RouteCollection->{closure}(Object(CodeIgniter\Router\RouteCollection))
 6 APPPATH\Config\Routes.php(54): CodeIgniter\Router\RouteCollection->group('', [...], Object(Closure))
 7 SYSTEMPATH\Router\RouteCollection.php(799): CodeIgniter\Router\RouteCollection->{closure}(Object(CodeIgniter\Router\RouteCollection))
 8 APPPATH\Config\Routes.php(55): CodeIgniter\Router\RouteCollection->group('', [...], Object(Closure))
 9 SYSTEMPATH\Router\RouteCollection.php(339): require('C:\\xampp\\htdocs\\ITE311-GOMEZ\\app\\Config\\Routes.php')
10 SYSTEMPATH\CodeIgniter.php(821): CodeIgniter\Router\RouteCollection->loadRoutes()
11 SYSTEMPATH\CodeIgniter.php(455): CodeIgniter\CodeIgniter->tryToRouteIt(null)
12 SYSTEMPATH\CodeIgniter.php(354): CodeIgniter\CodeIgniter->handleRequest(null, Object(Config\Cache), false)
13 SYSTEMPATH\Boot.php(363): CodeIgniter\CodeIgniter->run()
14 SYSTEMPATH\Boot.php(68): CodeIgniter\Boot::runCodeIgniter(Object(CodeIgniter\CodeIgniter))
15 FCPATH\index.php(59): CodeIgniter\Boot::bootWeb(Object(Config\Paths))
DEBUG - 2025-10-09 16:06:06 --> Session: Class initialized using 'CodeIgniter\Session\Handlers\FileHandler' driver.
CRITICAL - 2025-10-09 16:06:06 --> ParseError: syntax error, unexpected token "endforeach", expecting "elseif" or "else" or "endif"
[Method: GET, Route: student/courses]
in APPPATH\Views\student\courses\index.php on line 48.
 1 SYSTEMPATH\View\View.php(229): CodeIgniter\View\View->CodeIgniter\View\{closure}()
 2 SYSTEMPATH\Common.php(1167): CodeIgniter\View\View->render('student/courses/index', [], true)
 3 APPPATH\Controllers\BaseController.php(182): view('student/courses/index', [...])
 4 APPPATH\Controllers\Student\Courses.php(61): App\Controllers\BaseController->render('student/courses/index', [...])
 5 SYSTEMPATH\CodeIgniter.php(933): App\Controllers\Student\Courses->index()
 6 SYSTEMPATH\CodeIgniter.php(507): CodeIgniter\CodeIgniter->runController(Object(App\Controllers\Student\Courses))
 7 SYSTEMPATH\CodeIgniter.php(354): CodeIgniter\CodeIgniter->handleRequest(null, Object(Config\Cache), false)
 8 SYSTEMPATH\Boot.php(363): CodeIgniter\CodeIgniter->run()
 9 SYSTEMPATH\Boot.php(68): CodeIgniter\Boot::runCodeIgniter(Object(CodeIgniter\CodeIgniter))
10 FCPATH\index.php(59): CodeIgniter\Boot::bootWeb(Object(Config\Paths))
WARNING - 2025-10-09 16:07:31 --> [DEPRECATED] Passing lowercase HTTP method "post" is deprecated. Use uppercase HTTP method like "POST". in SYSTEMPATH\Router\RouteCollection.php on line 1029.
 1 SYSTEMPATH\Router\RouteCollection.php(1029): trigger_error('Passing lowercase HTTP method "post" is deprecated. Use uppercase HTTP method like "POST".', 16384)
 2 APPPATH\Config\Routes.php(34): CodeIgniter\Router\RouteCollection->match([...], 'courses', 'Courses::store', [...])
 3 SYSTEMPATH\Router\RouteCollection.php(799): CodeIgniter\Router\RouteCollection->{closure}(Object(CodeIgniter\Router\RouteCollection))
 4 APPPATH\Config\Routes.php(41): CodeIgniter\Router\RouteCollection->group('admin', [...], Object(Closure))
 5 SYSTEMPATH\Router\RouteCollection.php(799): CodeIgniter\Router\RouteCollection->{closure}(Object(CodeIgniter\Router\RouteCollection))
 6 APPPATH\Config\Routes.php(54): CodeIgniter\Router\RouteCollection->group('', [...], Object(Closure))
 7 SYSTEMPATH\Router\RouteCollection.php(799): CodeIgniter\Router\RouteCollection->{closure}(Object(CodeIgniter\Router\RouteCollection))
 8 APPPATH\Config\Routes.php(55): CodeIgniter\Router\RouteCollection->group('', [...], Object(Closure))
 9 SYSTEMPATH\Router\RouteCollection.php(339): require('C:\\xampp\\htdocs\\ITE311-GOMEZ\\app\\Config\\Routes.php')
10 SYSTEMPATH\CodeIgniter.php(821): CodeIgniter\Router\RouteCollection->loadRoutes()
11 SYSTEMPATH\CodeIgniter.php(455): CodeIgniter\CodeIgniter->tryToRouteIt(null)
12 SYSTEMPATH\CodeIgniter.php(354): CodeIgniter\CodeIgniter->handleRequest(null, Object(Config\Cache), false)
13 SYSTEMPATH\Boot.php(363): CodeIgniter\CodeIgniter->run()
14 SYSTEMPATH\Boot.php(68): CodeIgniter\Boot::runCodeIgniter(Object(CodeIgniter\CodeIgniter))
15 FCPATH\index.php(59): CodeIgniter\Boot::bootWeb(Object(Config\Paths))
DEBUG - 2025-10-09 16:07:31 --> Session: Class initialized using 'CodeIgniter\Session\Handlers\FileHandler' driver.
CRITICAL - 2025-10-09 16:07:31 --> ParseError: syntax error, unexpected token "endforeach", expecting "elseif" or "else" or "endif"
[Method: GET, Route: student/courses]
in APPPATH\Views\student\courses\index.php on line 49.
 1 SYSTEMPATH\View\View.php(229): CodeIgniter\View\View->CodeIgniter\View\{closure}()
 2 SYSTEMPATH\Common.php(1167): CodeIgniter\View\View->render('student/courses/index', [], true)
 3 APPPATH\Controllers\BaseController.php(182): view('student/courses/index', [...])
 4 APPPATH\Controllers\Student\Courses.php(61): App\Controllers\BaseController->render('student/courses/index', [...])
 5 SYSTEMPATH\CodeIgniter.php(933): App\Controllers\Student\Courses->index()
 6 SYSTEMPATH\CodeIgniter.php(507): CodeIgniter\CodeIgniter->runController(Object(App\Controllers\Student\Courses))
 7 SYSTEMPATH\CodeIgniter.php(354): CodeIgniter\CodeIgniter->handleRequest(null, Object(Config\Cache), false)
 8 SYSTEMPATH\Boot.php(363): CodeIgniter\CodeIgniter->run()
 9 SYSTEMPATH\Boot.php(68): CodeIgniter\Boot::runCodeIgniter(Object(CodeIgniter\CodeIgniter))
10 FCPATH\index.php(59): CodeIgniter\Boot::bootWeb(Object(Config\Paths))
WARNING - 2025-10-09 16:07:51 --> [DEPRECATED] Passing lowercase HTTP method "post" is deprecated. Use uppercase HTTP method like "POST". in SYSTEMPATH\Router\RouteCollection.php on line 1029.
 1 SYSTEMPATH\Router\RouteCollection.php(1029): trigger_error('Passing lowercase HTTP method "post" is deprecated. Use uppercase HTTP method like "POST".', 16384)
 2 APPPATH\Config\Routes.php(34): CodeIgniter\Router\RouteCollection->match([...], 'courses', 'Courses::store', [...])
 3 SYSTEMPATH\Router\RouteCollection.php(799): CodeIgniter\Router\RouteCollection->{closure}(Object(CodeIgniter\Router\RouteCollection))
 4 APPPATH\Config\Routes.php(41): CodeIgniter\Router\RouteCollection->group('admin', [...], Object(Closure))
 5 SYSTEMPATH\Router\RouteCollection.php(799): CodeIgniter\Router\RouteCollection->{closure}(Object(CodeIgniter\Router\RouteCollection))
 6 APPPATH\Config\Routes.php(54): CodeIgniter\Router\RouteCollection->group('', [...], Object(Closure))
 7 SYSTEMPATH\Router\RouteCollection.php(799): CodeIgniter\Router\RouteCollection->{closure}(Object(CodeIgniter\Router\RouteCollection))
 8 APPPATH\Config\Routes.php(55): CodeIgniter\Router\RouteCollection->group('', [...], Object(Closure))
 9 SYSTEMPATH\Router\RouteCollection.php(339): require('C:\\xampp\\htdocs\\ITE311-GOMEZ\\app\\Config\\Routes.php')
10 SYSTEMPATH\CodeIgniter.php(821): CodeIgniter\Router\RouteCollection->loadRoutes()
11 SYSTEMPATH\CodeIgniter.php(455): CodeIgniter\CodeIgniter->tryToRouteIt(null)
12 SYSTEMPATH\CodeIgniter.php(354): CodeIgniter\CodeIgniter->handleRequest(null, Object(Config\Cache), false)
13 SYSTEMPATH\Boot.php(363): CodeIgniter\CodeIgniter->run()
14 SYSTEMPATH\Boot.php(68): CodeIgniter\Boot::runCodeIgniter(Object(CodeIgniter\CodeIgniter))
15 FCPATH\index.php(59): CodeIgniter\Boot::bootWeb(Object(Config\Paths))
DEBUG - 2025-10-09 16:07:51 --> Session: Class initialized using 'CodeIgniter\Session\Handlers\FileHandler' driver.
WARNING - 2025-10-09 16:08:08 --> [DEPRECATED] Passing lowercase HTTP method "post" is deprecated. Use uppercase HTTP method like "POST". in SYSTEMPATH\Router\RouteCollection.php on line 1029.
 1 SYSTEMPATH\Router\RouteCollection.php(1029): trigger_error('Passing lowercase HTTP method "post" is deprecated. Use uppercase HTTP method like "POST".', 16384)
 2 APPPATH\Config\Routes.php(34): CodeIgniter\Router\RouteCollection->match([...], 'courses', 'Courses::store', [...])
 3 SYSTEMPATH\Router\RouteCollection.php(799): CodeIgniter\Router\RouteCollection->{closure}(Object(CodeIgniter\Router\RouteCollection))
 4 APPPATH\Config\Routes.php(41): CodeIgniter\Router\RouteCollection->group('admin', [...], Object(Closure))
 5 SYSTEMPATH\Router\RouteCollection.php(799): CodeIgniter\Router\RouteCollection->{closure}(Object(CodeIgniter\Router\RouteCollection))
 6 APPPATH\Config\Routes.php(54): CodeIgniter\Router\RouteCollection->group('', [...], Object(Closure))
 7 SYSTEMPATH\Router\RouteCollection.php(799): CodeIgniter\Router\RouteCollection->{closure}(Object(CodeIgniter\Router\RouteCollection))
 8 APPPATH\Config\Routes.php(55): CodeIgniter\Router\RouteCollection->group('', [...], Object(Closure))
 9 SYSTEMPATH\Router\RouteCollection.php(339): require('C:\\xampp\\htdocs\\ITE311-GOMEZ\\app\\Config\\Routes.php')
10 SYSTEMPATH\CodeIgniter.php(821): CodeIgniter\Router\RouteCollection->loadRoutes()
11 SYSTEMPATH\CodeIgniter.php(455): CodeIgniter\CodeIgniter->tryToRouteIt(null)
12 SYSTEMPATH\CodeIgniter.php(354): CodeIgniter\CodeIgniter->handleRequest(null, Object(Config\Cache), false)
13 SYSTEMPATH\Boot.php(363): CodeIgniter\CodeIgniter->run()
14 SYSTEMPATH\Boot.php(68): CodeIgniter\Boot::runCodeIgniter(Object(CodeIgniter\CodeIgniter))
15 FCPATH\index.php(59): CodeIgniter\Boot::bootWeb(Object(Config\Paths))
DEBUG - 2025-10-09 16:08:08 --> Session: Class initialized using 'CodeIgniter\Session\Handlers\FileHandler' driver.
WARNING - 2025-10-09 16:10:02 --> [DEPRECATED] Passing lowercase HTTP method "post" is deprecated. Use uppercase HTTP method like "POST". in SYSTEMPATH\Router\RouteCollection.php on line 1029.
 1 SYSTEMPATH\Router\RouteCollection.php(1029): trigger_error('Passing lowercase HTTP method "post" is deprecated. Use uppercase HTTP method like "POST".', 16384)
 2 APPPATH\Config\Routes.php(34): CodeIgniter\Router\RouteCollection->match([...], 'courses', 'Courses::store', [...])
 3 SYSTEMPATH\Router\RouteCollection.php(799): CodeIgniter\Router\RouteCollection->{closure}(Object(CodeIgniter\Router\RouteCollection))
 4 APPPATH\Config\Routes.php(41): CodeIgniter\Router\RouteCollection->group('admin', [...], Object(Closure))
 5 SYSTEMPATH\Router\RouteCollection.php(799): CodeIgniter\Router\RouteCollection->{closure}(Object(CodeIgniter\Router\RouteCollection))
 6 APPPATH\Config\Routes.php(55): CodeIgniter\Router\RouteCollection->group('', [...], Object(Closure))
 7 SYSTEMPATH\Router\RouteCollection.php(799): CodeIgniter\Router\RouteCollection->{closure}(Object(CodeIgniter\Router\RouteCollection))
 8 APPPATH\Config\Routes.php(56): CodeIgniter\Router\RouteCollection->group('', [...], Object(Closure))
 9 SYSTEMPATH\Router\RouteCollection.php(339): require('C:\\xampp\\htdocs\\ITE311-GOMEZ\\app\\Config\\Routes.php')
10 SYSTEMPATH\CodeIgniter.php(821): CodeIgniter\Router\RouteCollection->loadRoutes()
11 SYSTEMPATH\CodeIgniter.php(455): CodeIgniter\CodeIgniter->tryToRouteIt(null)
12 SYSTEMPATH\CodeIgniter.php(354): CodeIgniter\CodeIgniter->handleRequest(null, Object(Config\Cache), false)
13 SYSTEMPATH\Boot.php(363): CodeIgniter\CodeIgniter->run()
14 SYSTEMPATH\Boot.php(68): CodeIgniter\Boot::runCodeIgniter(Object(CodeIgniter\CodeIgniter))
15 FCPATH\index.php(59): CodeIgniter\Boot::bootWeb(Object(Config\Paths))
DEBUG - 2025-10-09 16:10:02 --> Session: Class initialized using 'CodeIgniter\Session\Handlers\FileHandler' driver.
WARNING - 2025-10-09 16:10:04 --> [DEPRECATED] Passing lowercase HTTP method "post" is deprecated. Use uppercase HTTP method like "POST". in SYSTEMPATH\Router\RouteCollection.php on line 1029.
 1 SYSTEMPATH\Router\RouteCollection.php(1029): trigger_error('Passing lowercase HTTP method "post" is deprecated. Use uppercase HTTP method like "POST".', 16384)
 2 APPPATH\Config\Routes.php(34): CodeIgniter\Router\RouteCollection->match([...], 'courses', 'Courses::store', [...])
 3 SYSTEMPATH\Router\RouteCollection.php(799): CodeIgniter\Router\RouteCollection->{closure}(Object(CodeIgniter\Router\RouteCollection))
 4 APPPATH\Config\Routes.php(41): CodeIgniter\Router\RouteCollection->group('admin', [...], Object(Closure))
 5 SYSTEMPATH\Router\RouteCollection.php(799): CodeIgniter\Router\RouteCollection->{closure}(Object(CodeIgniter\Router\RouteCollection))
 6 APPPATH\Config\Routes.php(55): CodeIgniter\Router\RouteCollection->group('', [...], Object(Closure))
 7 SYSTEMPATH\Router\RouteCollection.php(799): CodeIgniter\Router\RouteCollection->{closure}(Object(CodeIgniter\Router\RouteCollection))
 8 APPPATH\Config\Routes.php(56): CodeIgniter\Router\RouteCollection->group('', [...], Object(Closure))
 9 SYSTEMPATH\Router\RouteCollection.php(339): require('C:\\xampp\\htdocs\\ITE311-GOMEZ\\app\\Config\\Routes.php')
10 SYSTEMPATH\CodeIgniter.php(821): CodeIgniter\Router\RouteCollection->loadRoutes()
11 SYSTEMPATH\CodeIgniter.php(455): CodeIgniter\CodeIgniter->tryToRouteIt(null)
12 SYSTEMPATH\CodeIgniter.php(354): CodeIgniter\CodeIgniter->handleRequest(null, Object(Config\Cache), false)
13 SYSTEMPATH\Boot.php(363): CodeIgniter\CodeIgniter->run()
14 SYSTEMPATH\Boot.php(68): CodeIgniter\Boot::runCodeIgniter(Object(CodeIgniter\CodeIgniter))
15 FCPATH\index.php(59): CodeIgniter\Boot::bootWeb(Object(Config\Paths))
DEBUG - 2025-10-09 16:10:04 --> Session: Class initialized using 'CodeIgniter\Session\Handlers\FileHandler' driver.
WARNING - 2025-10-09 16:10:05 --> [DEPRECATED] Passing lowercase HTTP method "post" is deprecated. Use uppercase HTTP method like "POST". in SYSTEMPATH\Router\RouteCollection.php on line 1029.
 1 SYSTEMPATH\Router\RouteCollection.php(1029): trigger_error('Passing lowercase HTTP method "post" is deprecated. Use uppercase HTTP method like "POST".', 16384)
 2 APPPATH\Config\Routes.php(34): CodeIgniter\Router\RouteCollection->match([...], 'courses', 'Courses::store', [...])
 3 SYSTEMPATH\Router\RouteCollection.php(799): CodeIgniter\Router\RouteCollection->{closure}(Object(CodeIgniter\Router\RouteCollection))
 4 APPPATH\Config\Routes.php(41): CodeIgniter\Router\RouteCollection->group('admin', [...], Object(Closure))
 5 SYSTEMPATH\Router\RouteCollection.php(799): CodeIgniter\Router\RouteCollection->{closure}(Object(CodeIgniter\Router\RouteCollection))
 6 APPPATH\Config\Routes.php(55): CodeIgniter\Router\RouteCollection->group('', [...], Object(Closure))
 7 SYSTEMPATH\Router\RouteCollection.php(799): CodeIgniter\Router\RouteCollection->{closure}(Object(CodeIgniter\Router\RouteCollection))
 8 APPPATH\Config\Routes.php(56): CodeIgniter\Router\RouteCollection->group('', [...], Object(Closure))
 9 SYSTEMPATH\Router\RouteCollection.php(339): require('C:\\xampp\\htdocs\\ITE311-GOMEZ\\app\\Config\\Routes.php')
10 SYSTEMPATH\CodeIgniter.php(821): CodeIgniter\Router\RouteCollection->loadRoutes()
11 SYSTEMPATH\CodeIgniter.php(455): CodeIgniter\CodeIgniter->tryToRouteIt(null)
12 SYSTEMPATH\CodeIgniter.php(354): CodeIgniter\CodeIgniter->handleRequest(null, Object(Config\Cache), false)
13 SYSTEMPATH\Boot.php(363): CodeIgniter\CodeIgniter->run()
14 SYSTEMPATH\Boot.php(68): CodeIgniter\Boot::runCodeIgniter(Object(CodeIgniter\CodeIgniter))
15 FCPATH\index.php(59): CodeIgniter\Boot::bootWeb(Object(Config\Paths))
DEBUG - 2025-10-09 16:10:05 --> Session: Class initialized using 'CodeIgniter\Session\Handlers\FileHandler' driver.
WARNING - 2025-10-09 16:11:47 --> [DEPRECATED] Passing lowercase HTTP method "post" is deprecated. Use uppercase HTTP method like "POST". in SYSTEMPATH\Router\RouteCollection.php on line 1029.
 1 SYSTEMPATH\Router\RouteCollection.php(1029): trigger_error('Passing lowercase HTTP method "post" is deprecated. Use uppercase HTTP method like "POST".', 16384)
 2 APPPATH\Config\Routes.php(34): CodeIgniter\Router\RouteCollection->match([...], 'courses', 'Courses::store', [...])
 3 SYSTEMPATH\Router\RouteCollection.php(799): CodeIgniter\Router\RouteCollection->{closure}(Object(CodeIgniter\Router\RouteCollection))
 4 APPPATH\Config\Routes.php(41): CodeIgniter\Router\RouteCollection->group('admin', [...], Object(Closure))
 5 SYSTEMPATH\Router\RouteCollection.php(799): CodeIgniter\Router\RouteCollection->{closure}(Object(CodeIgniter\Router\RouteCollection))
 6 APPPATH\Config\Routes.php(55): CodeIgniter\Router\RouteCollection->group('', [...], Object(Closure))
 7 SYSTEMPATH\Router\RouteCollection.php(799): CodeIgniter\Router\RouteCollection->{closure}(Object(CodeIgniter\Router\RouteCollection))
 8 APPPATH\Config\Routes.php(56): CodeIgniter\Router\RouteCollection->group('', [...], Object(Closure))
 9 SYSTEMPATH\Router\RouteCollection.php(339): require('C:\\xampp\\htdocs\\ITE311-GOMEZ\\app\\Config\\Routes.php')
10 SYSTEMPATH\CodeIgniter.php(821): CodeIgniter\Router\RouteCollection->loadRoutes()
11 SYSTEMPATH\CodeIgniter.php(455): CodeIgniter\CodeIgniter->tryToRouteIt(null)
12 SYSTEMPATH\CodeIgniter.php(354): CodeIgniter\CodeIgniter->handleRequest(null, Object(Config\Cache), false)
13 SYSTEMPATH\Boot.php(363): CodeIgniter\CodeIgniter->run()
14 SYSTEMPATH\Boot.php(68): CodeIgniter\Boot::runCodeIgniter(Object(CodeIgniter\CodeIgniter))
15 FCPATH\index.php(59): CodeIgniter\Boot::bootWeb(Object(Config\Paths))
DEBUG - 2025-10-09 16:11:47 --> Session: Class initialized using 'CodeIgniter\Session\Handlers\FileHandler' driver.
WARNING - 2025-10-09 16:11:50 --> [DEPRECATED] Passing lowercase HTTP method "post" is deprecated. Use uppercase HTTP method like "POST". in SYSTEMPATH\Router\RouteCollection.php on line 1029.
 1 SYSTEMPATH\Router\RouteCollection.php(1029): trigger_error('Passing lowercase HTTP method "post" is deprecated. Use uppercase HTTP method like "POST".', 16384)
 2 APPPATH\Config\Routes.php(34): CodeIgniter\Router\RouteCollection->match([...], 'courses', 'Courses::store', [...])
 3 SYSTEMPATH\Router\RouteCollection.php(799): CodeIgniter\Router\RouteCollection->{closure}(Object(CodeIgniter\Router\RouteCollection))
 4 APPPATH\Config\Routes.php(41): CodeIgniter\Router\RouteCollection->group('admin', [...], Object(Closure))
 5 SYSTEMPATH\Router\RouteCollection.php(799): CodeIgniter\Router\RouteCollection->{closure}(Object(CodeIgniter\Router\RouteCollection))
 6 APPPATH\Config\Routes.php(55): CodeIgniter\Router\RouteCollection->group('', [...], Object(Closure))
 7 SYSTEMPATH\Router\RouteCollection.php(799): CodeIgniter\Router\RouteCollection->{closure}(Object(CodeIgniter\Router\RouteCollection))
 8 APPPATH\Config\Routes.php(56): CodeIgniter\Router\RouteCollection->group('', [...], Object(Closure))
 9 SYSTEMPATH\Router\RouteCollection.php(339): require('C:\\xampp\\htdocs\\ITE311-GOMEZ\\app\\Config\\Routes.php')
10 SYSTEMPATH\CodeIgniter.php(821): CodeIgniter\Router\RouteCollection->loadRoutes()
11 SYSTEMPATH\CodeIgniter.php(455): CodeIgniter\CodeIgniter->tryToRouteIt(null)
12 SYSTEMPATH\CodeIgniter.php(354): CodeIgniter\CodeIgniter->handleRequest(null, Object(Config\Cache), false)
13 SYSTEMPATH\Boot.php(363): CodeIgniter\CodeIgniter->run()
14 SYSTEMPATH\Boot.php(68): CodeIgniter\Boot::runCodeIgniter(Object(CodeIgniter\CodeIgniter))
15 FCPATH\index.php(59): CodeIgniter\Boot::bootWeb(Object(Config\Paths))
DEBUG - 2025-10-09 16:11:50 --> Session: Class initialized using 'CodeIgniter\Session\Handlers\FileHandler' driver.
WARNING - 2025-10-09 16:11:51 --> [DEPRECATED] Passing lowercase HTTP method "post" is deprecated. Use uppercase HTTP method like "POST". in SYSTEMPATH\Router\RouteCollection.php on line 1029.
 1 SYSTEMPATH\Router\RouteCollection.php(1029): trigger_error('Passing lowercase HTTP method "post" is deprecated. Use uppercase HTTP method like "POST".', 16384)
 2 APPPATH\Config\Routes.php(34): CodeIgniter\Router\RouteCollection->match([...], 'courses', 'Courses::store', [...])
 3 SYSTEMPATH\Router\RouteCollection.php(799): CodeIgniter\Router\RouteCollection->{closure}(Object(CodeIgniter\Router\RouteCollection))
 4 APPPATH\Config\Routes.php(41): CodeIgniter\Router\RouteCollection->group('admin', [...], Object(Closure))
 5 SYSTEMPATH\Router\RouteCollection.php(799): CodeIgniter\Router\RouteCollection->{closure}(Object(CodeIgniter\Router\RouteCollection))
 6 APPPATH\Config\Routes.php(55): CodeIgniter\Router\RouteCollection->group('', [...], Object(Closure))
 7 SYSTEMPATH\Router\RouteCollection.php(799): CodeIgniter\Router\RouteCollection->{closure}(Object(CodeIgniter\Router\RouteCollection))
 8 APPPATH\Config\Routes.php(56): CodeIgniter\Router\RouteCollection->group('', [...], Object(Closure))
 9 SYSTEMPATH\Router\RouteCollection.php(339): require('C:\\xampp\\htdocs\\ITE311-GOMEZ\\app\\Config\\Routes.php')
10 SYSTEMPATH\CodeIgniter.php(821): CodeIgniter\Router\RouteCollection->loadRoutes()
11 SYSTEMPATH\CodeIgniter.php(455): CodeIgniter\CodeIgniter->tryToRouteIt(null)
12 SYSTEMPATH\CodeIgniter.php(354): CodeIgniter\CodeIgniter->handleRequest(null, Object(Config\Cache), false)
13 SYSTEMPATH\Boot.php(363): CodeIgniter\CodeIgniter->run()
14 SYSTEMPATH\Boot.php(68): CodeIgniter\Boot::runCodeIgniter(Object(CodeIgniter\CodeIgniter))
15 FCPATH\index.php(59): CodeIgniter\Boot::bootWeb(Object(Config\Paths))
DEBUG - 2025-10-09 16:11:51 --> Session: Class initialized using 'CodeIgniter\Session\Handlers\FileHandler' driver.
WARNING - 2025-10-09 16:13:39 --> [DEPRECATED] Passing lowercase HTTP method "post" is deprecated. Use uppercase HTTP method like "POST". in SYSTEMPATH\Router\RouteCollection.php on line 1029.
 1 SYSTEMPATH\Router\RouteCollection.php(1029): trigger_error('Passing lowercase HTTP method "post" is deprecated. Use uppercase HTTP method like "POST".', 16384)
 2 APPPATH\Config\Routes.php(34): CodeIgniter\Router\RouteCollection->match([...], 'courses', 'Courses::store', [...])
 3 SYSTEMPATH\Router\RouteCollection.php(799): CodeIgniter\Router\RouteCollection->{closure}(Object(CodeIgniter\Router\RouteCollection))
 4 APPPATH\Config\Routes.php(41): CodeIgniter\Router\RouteCollection->group('admin', [...], Object(Closure))
 5 SYSTEMPATH\Router\RouteCollection.php(799): CodeIgniter\Router\RouteCollection->{closure}(Object(CodeIgniter\Router\RouteCollection))
 6 APPPATH\Config\Routes.php(55): CodeIgniter\Router\RouteCollection->group('', [...], Object(Closure))
 7 SYSTEMPATH\Router\RouteCollection.php(799): CodeIgniter\Router\RouteCollection->{closure}(Object(CodeIgniter\Router\RouteCollection))
 8 APPPATH\Config\Routes.php(56): CodeIgniter\Router\RouteCollection->group('', [...], Object(Closure))
 9 SYSTEMPATH\Router\RouteCollection.php(339): require('C:\\xampp\\htdocs\\ITE311-GOMEZ\\app\\Config\\Routes.php')
10 SYSTEMPATH\CodeIgniter.php(821): CodeIgniter\Router\RouteCollection->loadRoutes()
11 SYSTEMPATH\CodeIgniter.php(455): CodeIgniter\CodeIgniter->tryToRouteIt(null)
12 SYSTEMPATH\CodeIgniter.php(354): CodeIgniter\CodeIgniter->handleRequest(null, Object(Config\Cache), false)
13 SYSTEMPATH\Boot.php(363): CodeIgniter\CodeIgniter->run()
14 SYSTEMPATH\Boot.php(68): CodeIgniter\Boot::runCodeIgniter(Object(CodeIgniter\CodeIgniter))
15 FCPATH\index.php(59): CodeIgniter\Boot::bootWeb(Object(Config\Paths))
DEBUG - 2025-10-09 16:13:39 --> Session: Class initialized using 'CodeIgniter\Session\Handlers\FileHandler' driver.
WARNING - 2025-10-09 16:13:39 --> [DEPRECATED] Passing lowercase HTTP method "post" is deprecated. Use uppercase HTTP method like "POST". in SYSTEMPATH\Router\RouteCollection.php on line 1029.
 1 SYSTEMPATH\Router\RouteCollection.php(1029): trigger_error('Passing lowercase HTTP method "post" is deprecated. Use uppercase HTTP method like "POST".', 16384)
 2 APPPATH\Config\Routes.php(34): CodeIgniter\Router\RouteCollection->match([...], 'courses', 'Courses::store', [...])
 3 SYSTEMPATH\Router\RouteCollection.php(799): CodeIgniter\Router\RouteCollection->{closure}(Object(CodeIgniter\Router\RouteCollection))
 4 APPPATH\Config\Routes.php(41): CodeIgniter\Router\RouteCollection->group('admin', [...], Object(Closure))
 5 SYSTEMPATH\Router\RouteCollection.php(799): CodeIgniter\Router\RouteCollection->{closure}(Object(CodeIgniter\Router\RouteCollection))
 6 APPPATH\Config\Routes.php(55): CodeIgniter\Router\RouteCollection->group('', [...], Object(Closure))
 7 SYSTEMPATH\Router\RouteCollection.php(799): CodeIgniter\Router\RouteCollection->{closure}(Object(CodeIgniter\Router\RouteCollection))
 8 APPPATH\Config\Routes.php(56): CodeIgniter\Router\RouteCollection->group('', [...], Object(Closure))
 9 SYSTEMPATH\Router\RouteCollection.php(339): require('C:\\xampp\\htdocs\\ITE311-GOMEZ\\app\\Config\\Routes.php')
10 SYSTEMPATH\CodeIgniter.php(821): CodeIgniter\Router\RouteCollection->loadRoutes()
11 SYSTEMPATH\CodeIgniter.php(455): CodeIgniter\CodeIgniter->tryToRouteIt(null)
12 SYSTEMPATH\CodeIgniter.php(354): CodeIgniter\CodeIgniter->handleRequest(null, Object(Config\Cache), false)
13 SYSTEMPATH\Boot.php(363): CodeIgniter\CodeIgniter->run()
14 SYSTEMPATH\Boot.php(68): CodeIgniter\Boot::runCodeIgniter(Object(CodeIgniter\CodeIgniter))
15 FCPATH\index.php(59): CodeIgniter\Boot::bootWeb(Object(Config\Paths))
DEBUG - 2025-10-09 16:13:39 --> Session: Class initialized using 'CodeIgniter\Session\Handlers\FileHandler' driver.
WARNING - 2025-10-09 16:16:31 --> [DEPRECATED] Passing lowercase HTTP method "post" is deprecated. Use uppercase HTTP method like "POST". in SYSTEMPATH\Router\RouteCollection.php on line 1029.
 1 SYSTEMPATH\Router\RouteCollection.php(1029): trigger_error('Passing lowercase HTTP method "post" is deprecated. Use uppercase HTTP method like "POST".', 16384)
 2 APPPATH\Config\Routes.php(34): CodeIgniter\Router\RouteCollection->match([...], 'courses', 'Courses::store', [...])
 3 SYSTEMPATH\Router\RouteCollection.php(799): CodeIgniter\Router\RouteCollection->{closure}(Object(CodeIgniter\Router\RouteCollection))
 4 APPPATH\Config\Routes.php(41): CodeIgniter\Router\RouteCollection->group('admin', [...], Object(Closure))
 5 SYSTEMPATH\Router\RouteCollection.php(799): CodeIgniter\Router\RouteCollection->{closure}(Object(CodeIgniter\Router\RouteCollection))
 6 APPPATH\Config\Routes.php(55): CodeIgniter\Router\RouteCollection->group('', [...], Object(Closure))
 7 SYSTEMPATH\Router\RouteCollection.php(799): CodeIgniter\Router\RouteCollection->{closure}(Object(CodeIgniter\Router\RouteCollection))
 8 APPPATH\Config\Routes.php(56): CodeIgniter\Router\RouteCollection->group('', [...], Object(Closure))
 9 SYSTEMPATH\Router\RouteCollection.php(339): require('C:\\xampp\\htdocs\\ITE311-GOMEZ\\app\\Config\\Routes.php')
10 SYSTEMPATH\CodeIgniter.php(821): CodeIgniter\Router\RouteCollection->loadRoutes()
11 SYSTEMPATH\CodeIgniter.php(455): CodeIgniter\CodeIgniter->tryToRouteIt(null)
12 SYSTEMPATH\CodeIgniter.php(354): CodeIgniter\CodeIgniter->handleRequest(null, Object(Config\Cache), false)
13 SYSTEMPATH\Boot.php(363): CodeIgniter\CodeIgniter->run()
14 SYSTEMPATH\Boot.php(68): CodeIgniter\Boot::runCodeIgniter(Object(CodeIgniter\CodeIgniter))
15 FCPATH\index.php(59): CodeIgniter\Boot::bootWeb(Object(Config\Paths))
DEBUG - 2025-10-09 16:16:31 --> Session: Class initialized using 'CodeIgniter\Session\Handlers\FileHandler' driver.
CRITICAL - 2025-10-09 16:16:31 --> ParseError: syntax error, unexpected token "try", expecting "function" or "const"
[Method: GET, Route: student/courses]
in APPPATH\Controllers\Student\Courses.php on line 214.
 1 SYSTEMPATH\Autoloader\Autoloader.php(295): CodeIgniter\Autoloader\Autoloader->includeFile('C:\\xampp\\htdocs\\ITE311-GOMEZ\\app\\Controllers\\Student\\Courses.php')
 2 SYSTEMPATH\Autoloader\Autoloader.php(271): CodeIgniter\Autoloader\Autoloader->loadInNamespace('App\\Controllers\\Student\\Courses')
 3 [internal function]: CodeIgniter\Autoloader\Autoloader->loadClass('App\\Controllers\\Student\\Courses')
 4 SYSTEMPATH\CodeIgniter.php(885): class_exists('\\App\\Controllers\\Student\\Courses', true)
 5 SYSTEMPATH\CodeIgniter.php(494): CodeIgniter\CodeIgniter->startController()
 6 SYSTEMPATH\CodeIgniter.php(354): CodeIgniter\CodeIgniter->handleRequest(null, Object(Config\Cache), false)
 7 SYSTEMPATH\Boot.php(363): CodeIgniter\CodeIgniter->run()
 8 SYSTEMPATH\Boot.php(68): CodeIgniter\Boot::runCodeIgniter(Object(CodeIgniter\CodeIgniter))
 9 FCPATH\index.php(59): CodeIgniter\Boot::bootWeb(Object(Config\Paths))
WARNING - 2025-10-09 16:17:48 --> [DEPRECATED] Passing lowercase HTTP method "post" is deprecated. Use uppercase HTTP method like "POST". in SYSTEMPATH\Router\RouteCollection.php on line 1029.
 1 SYSTEMPATH\Router\RouteCollection.php(1029): trigger_error('Passing lowercase HTTP method "post" is deprecated. Use uppercase HTTP method like "POST".', 16384)
 2 APPPATH\Config\Routes.php(34): CodeIgniter\Router\RouteCollection->match([...], 'courses', 'Courses::store', [...])
 3 SYSTEMPATH\Router\RouteCollection.php(799): CodeIgniter\Router\RouteCollection->{closure}(Object(CodeIgniter\Router\RouteCollection))
 4 APPPATH\Config\Routes.php(41): CodeIgniter\Router\RouteCollection->group('admin', [...], Object(Closure))
 5 SYSTEMPATH\Router\RouteCollection.php(799): CodeIgniter\Router\RouteCollection->{closure}(Object(CodeIgniter\Router\RouteCollection))
 6 APPPATH\Config\Routes.php(55): CodeIgniter\Router\RouteCollection->group('', [...], Object(Closure))
 7 SYSTEMPATH\Router\RouteCollection.php(799): CodeIgniter\Router\RouteCollection->{closure}(Object(CodeIgniter\Router\RouteCollection))
 8 APPPATH\Config\Routes.php(56): CodeIgniter\Router\RouteCollection->group('', [...], Object(Closure))
 9 SYSTEMPATH\Router\RouteCollection.php(339): require('C:\\xampp\\htdocs\\ITE311-GOMEZ\\app\\Config\\Routes.php')
10 SYSTEMPATH\CodeIgniter.php(821): CodeIgniter\Router\RouteCollection->loadRoutes()
11 SYSTEMPATH\CodeIgniter.php(455): CodeIgniter\CodeIgniter->tryToRouteIt(null)
12 SYSTEMPATH\CodeIgniter.php(354): CodeIgniter\CodeIgniter->handleRequest(null, Object(Config\Cache), false)
13 SYSTEMPATH\Boot.php(363): CodeIgniter\CodeIgniter->run()
14 SYSTEMPATH\Boot.php(68): CodeIgniter\Boot::runCodeIgniter(Object(CodeIgniter\CodeIgniter))
15 FCPATH\index.php(59): CodeIgniter\Boot::bootWeb(Object(Config\Paths))
DEBUG - 2025-10-09 16:17:48 --> Session: Class initialized using 'CodeIgniter\Session\Handlers\FileHandler' driver.
CRITICAL - 2025-10-09 16:17:48 --> ParseError: syntax error, unexpected token "try", expecting "function" or "const"
[Method: GET, Route: student/courses]
in APPPATH\Controllers\Student\Courses.php on line 231.
 1 SYSTEMPATH\Autoloader\Autoloader.php(295): CodeIgniter\Autoloader\Autoloader->includeFile('C:\\xampp\\htdocs\\ITE311-GOMEZ\\app\\Controllers\\Student\\Courses.php')
 2 SYSTEMPATH\Autoloader\Autoloader.php(271): CodeIgniter\Autoloader\Autoloader->loadInNamespace('App\\Controllers\\Student\\Courses')
 3 [internal function]: CodeIgniter\Autoloader\Autoloader->loadClass('App\\Controllers\\Student\\Courses')
 4 SYSTEMPATH\CodeIgniter.php(885): class_exists('\\App\\Controllers\\Student\\Courses', true)
 5 SYSTEMPATH\CodeIgniter.php(494): CodeIgniter\CodeIgniter->startController()
 6 SYSTEMPATH\CodeIgniter.php(354): CodeIgniter\CodeIgniter->handleRequest(null, Object(Config\Cache), false)
 7 SYSTEMPATH\Boot.php(363): CodeIgniter\CodeIgniter->run()
 8 SYSTEMPATH\Boot.php(68): CodeIgniter\Boot::runCodeIgniter(Object(CodeIgniter\CodeIgniter))
 9 FCPATH\index.php(59): CodeIgniter\Boot::bootWeb(Object(Config\Paths))
WARNING - 2025-10-09 16:18:36 --> [DEPRECATED] Passing lowercase HTTP method "post" is deprecated. Use uppercase HTTP method like "POST". in SYSTEMPATH\Router\RouteCollection.php on line 1029.
 1 SYSTEMPATH\Router\RouteCollection.php(1029): trigger_error('Passing lowercase HTTP method "post" is deprecated. Use uppercase HTTP method like "POST".', 16384)
 2 APPPATH\Config\Routes.php(34): CodeIgniter\Router\RouteCollection->match([...], 'courses', 'Courses::store', [...])
 3 SYSTEMPATH\Router\RouteCollection.php(799): CodeIgniter\Router\RouteCollection->{closure}(Object(CodeIgniter\Router\RouteCollection))
 4 APPPATH\Config\Routes.php(41): CodeIgniter\Router\RouteCollection->group('admin', [...], Object(Closure))
 5 SYSTEMPATH\Router\RouteCollection.php(799): CodeIgniter\Router\RouteCollection->{closure}(Object(CodeIgniter\Router\RouteCollection))
 6 APPPATH\Config\Routes.php(55): CodeIgniter\Router\RouteCollection->group('', [...], Object(Closure))
 7 SYSTEMPATH\Router\RouteCollection.php(799): CodeIgniter\Router\RouteCollection->{closure}(Object(CodeIgniter\Router\RouteCollection))
 8 APPPATH\Config\Routes.php(56): CodeIgniter\Router\RouteCollection->group('', [...], Object(Closure))
 9 SYSTEMPATH\Router\RouteCollection.php(339): require('C:\\xampp\\htdocs\\ITE311-GOMEZ\\app\\Config\\Routes.php')
10 SYSTEMPATH\CodeIgniter.php(821): CodeIgniter\Router\RouteCollection->loadRoutes()
11 SYSTEMPATH\CodeIgniter.php(455): CodeIgniter\CodeIgniter->tryToRouteIt(null)
12 SYSTEMPATH\CodeIgniter.php(354): CodeIgniter\CodeIgniter->handleRequest(null, Object(Config\Cache), false)
13 SYSTEMPATH\Boot.php(363): CodeIgniter\CodeIgniter->run()
14 SYSTEMPATH\Boot.php(68): CodeIgniter\Boot::runCodeIgniter(Object(CodeIgniter\CodeIgniter))
15 FCPATH\index.php(59): CodeIgniter\Boot::bootWeb(Object(Config\Paths))
DEBUG - 2025-10-09 16:18:36 --> Session: Class initialized using 'CodeIgniter\Session\Handlers\FileHandler' driver.
CRITICAL - 2025-10-09 16:18:36 --> ParseError: syntax error, unexpected token "catch", expecting "function" or "const"
[Method: GET, Route: student/courses]
in APPPATH\Controllers\Student\Courses.php on line 298.
 1 SYSTEMPATH\Autoloader\Autoloader.php(295): CodeIgniter\Autoloader\Autoloader->includeFile('C:\\xampp\\htdocs\\ITE311-GOMEZ\\app\\Controllers\\Student\\Courses.php')
 2 SYSTEMPATH\Autoloader\Autoloader.php(271): CodeIgniter\Autoloader\Autoloader->loadInNamespace('App\\Controllers\\Student\\Courses')
 3 [internal function]: CodeIgniter\Autoloader\Autoloader->loadClass('App\\Controllers\\Student\\Courses')
 4 SYSTEMPATH\CodeIgniter.php(885): class_exists('\\App\\Controllers\\Student\\Courses', true)
 5 SYSTEMPATH\CodeIgniter.php(494): CodeIgniter\CodeIgniter->startController()
 6 SYSTEMPATH\CodeIgniter.php(354): CodeIgniter\CodeIgniter->handleRequest(null, Object(Config\Cache), false)
 7 SYSTEMPATH\Boot.php(363): CodeIgniter\CodeIgniter->run()
 8 SYSTEMPATH\Boot.php(68): CodeIgniter\Boot::runCodeIgniter(Object(CodeIgniter\CodeIgniter))
 9 FCPATH\index.php(59): CodeIgniter\Boot::bootWeb(Object(Config\Paths))
WARNING - 2025-10-09 16:20:37 --> [DEPRECATED] Passing lowercase HTTP method "post" is deprecated. Use uppercase HTTP method like "POST". in SYSTEMPATH\Router\RouteCollection.php on line 1029.
 1 SYSTEMPATH\Router\RouteCollection.php(1029): trigger_error('Passing lowercase HTTP method "post" is deprecated. Use uppercase HTTP method like "POST".', 16384)
 2 APPPATH\Config\Routes.php(34): CodeIgniter\Router\RouteCollection->match([...], 'courses', 'Courses::store', [...])
 3 SYSTEMPATH\Router\RouteCollection.php(799): CodeIgniter\Router\RouteCollection->{closure}(Object(CodeIgniter\Router\RouteCollection))
 4 APPPATH\Config\Routes.php(41): CodeIgniter\Router\RouteCollection->group('admin', [...], Object(Closure))
 5 SYSTEMPATH\Router\RouteCollection.php(799): CodeIgniter\Router\RouteCollection->{closure}(Object(CodeIgniter\Router\RouteCollection))
 6 APPPATH\Config\Routes.php(55): CodeIgniter\Router\RouteCollection->group('', [...], Object(Closure))
 7 SYSTEMPATH\Router\RouteCollection.php(799): CodeIgniter\Router\RouteCollection->{closure}(Object(CodeIgniter\Router\RouteCollection))
 8 APPPATH\Config\Routes.php(56): CodeIgniter\Router\RouteCollection->group('', [...], Object(Closure))
 9 SYSTEMPATH\Router\RouteCollection.php(339): require('C:\\xampp\\htdocs\\ITE311-GOMEZ\\app\\Config\\Routes.php')
10 SYSTEMPATH\CodeIgniter.php(821): CodeIgniter\Router\RouteCollection->loadRoutes()
11 SYSTEMPATH\CodeIgniter.php(455): CodeIgniter\CodeIgniter->tryToRouteIt(null)
12 SYSTEMPATH\CodeIgniter.php(354): CodeIgniter\CodeIgniter->handleRequest(null, Object(Config\Cache), false)
13 SYSTEMPATH\Boot.php(363): CodeIgniter\CodeIgniter->run()
14 SYSTEMPATH\Boot.php(68): CodeIgniter\Boot::runCodeIgniter(Object(CodeIgniter\CodeIgniter))
15 FCPATH\index.php(59): CodeIgniter\Boot::bootWeb(Object(Config\Paths))
DEBUG - 2025-10-09 16:20:37 --> Session: Class initialized using 'CodeIgniter\Session\Handlers\FileHandler' driver.
CRITICAL - 2025-10-09 16:20:37 --> ParseError: Unclosed '[' on line 125 does not match ')'
[Method: GET, Route: student/courses]
in APPPATH\Controllers\Student\Courses.php on line 131.
 1 SYSTEMPATH\Autoloader\Autoloader.php(295): CodeIgniter\Autoloader\Autoloader->includeFile('C:\\xampp\\htdocs\\ITE311-GOMEZ\\app\\Controllers\\Student\\Courses.php')
 2 SYSTEMPATH\Autoloader\Autoloader.php(271): CodeIgniter\Autoloader\Autoloader->loadInNamespace('App\\Controllers\\Student\\Courses')
 3 [internal function]: CodeIgniter\Autoloader\Autoloader->loadClass('App\\Controllers\\Student\\Courses')
 4 SYSTEMPATH\CodeIgniter.php(885): class_exists('\\App\\Controllers\\Student\\Courses', true)
 5 SYSTEMPATH\CodeIgniter.php(494): CodeIgniter\CodeIgniter->startController()
 6 SYSTEMPATH\CodeIgniter.php(354): CodeIgniter\CodeIgniter->handleRequest(null, Object(Config\Cache), false)
 7 SYSTEMPATH\Boot.php(363): CodeIgniter\CodeIgniter->run()
 8 SYSTEMPATH\Boot.php(68): CodeIgniter\Boot::runCodeIgniter(Object(CodeIgniter\CodeIgniter))
 9 FCPATH\index.php(59): CodeIgniter\Boot::bootWeb(Object(Config\Paths))
WARNING - 2025-10-09 16:20:38 --> [DEPRECATED] Passing lowercase HTTP method "post" is deprecated. Use uppercase HTTP method like "POST". in SYSTEMPATH\Router\RouteCollection.php on line 1029.
 1 SYSTEMPATH\Router\RouteCollection.php(1029): trigger_error('Passing lowercase HTTP method "post" is deprecated. Use uppercase HTTP method like "POST".', 16384)
 2 APPPATH\Config\Routes.php(34): CodeIgniter\Router\RouteCollection->match([...], 'courses', 'Courses::store', [...])
 3 SYSTEMPATH\Router\RouteCollection.php(799): CodeIgniter\Router\RouteCollection->{closure}(Object(CodeIgniter\Router\RouteCollection))
 4 APPPATH\Config\Routes.php(41): CodeIgniter\Router\RouteCollection->group('admin', [...], Object(Closure))
 5 SYSTEMPATH\Router\RouteCollection.php(799): CodeIgniter\Router\RouteCollection->{closure}(Object(CodeIgniter\Router\RouteCollection))
 6 APPPATH\Config\Routes.php(55): CodeIgniter\Router\RouteCollection->group('', [...], Object(Closure))
 7 SYSTEMPATH\Router\RouteCollection.php(799): CodeIgniter\Router\RouteCollection->{closure}(Object(CodeIgniter\Router\RouteCollection))
 8 APPPATH\Config\Routes.php(56): CodeIgniter\Router\RouteCollection->group('', [...], Object(Closure))
 9 SYSTEMPATH\Router\RouteCollection.php(339): require('C:\\xampp\\htdocs\\ITE311-GOMEZ\\app\\Config\\Routes.php')
10 SYSTEMPATH\CodeIgniter.php(821): CodeIgniter\Router\RouteCollection->loadRoutes()
11 SYSTEMPATH\CodeIgniter.php(455): CodeIgniter\CodeIgniter->tryToRouteIt(null)
12 SYSTEMPATH\CodeIgniter.php(354): CodeIgniter\CodeIgniter->handleRequest(null, Object(Config\Cache), false)
13 SYSTEMPATH\Boot.php(363): CodeIgniter\CodeIgniter->run()
14 SYSTEMPATH\Boot.php(68): CodeIgniter\Boot::runCodeIgniter(Object(CodeIgniter\CodeIgniter))
15 FCPATH\index.php(59): CodeIgniter\Boot::bootWeb(Object(Config\Paths))
DEBUG - 2025-10-09 16:20:38 --> Session: Class initialized using 'CodeIgniter\Session\Handlers\FileHandler' driver.
CRITICAL - 2025-10-09 16:20:38 --> ParseError: Unclosed '[' on line 125 does not match ')'
[Method: GET, Route: student/courses]
in APPPATH\Controllers\Student\Courses.php on line 131.
 1 SYSTEMPATH\Autoloader\Autoloader.php(295): CodeIgniter\Autoloader\Autoloader->includeFile('C:\\xampp\\htdocs\\ITE311-GOMEZ\\app\\Controllers\\Student\\Courses.php')
 2 SYSTEMPATH\Autoloader\Autoloader.php(271): CodeIgniter\Autoloader\Autoloader->loadInNamespace('App\\Controllers\\Student\\Courses')
 3 [internal function]: CodeIgniter\Autoloader\Autoloader->loadClass('App\\Controllers\\Student\\Courses')
 4 SYSTEMPATH\CodeIgniter.php(885): class_exists('\\App\\Controllers\\Student\\Courses', true)
 5 SYSTEMPATH\CodeIgniter.php(494): CodeIgniter\CodeIgniter->startController()
 6 SYSTEMPATH\CodeIgniter.php(354): CodeIgniter\CodeIgniter->handleRequest(null, Object(Config\Cache), false)
 7 SYSTEMPATH\Boot.php(363): CodeIgniter\CodeIgniter->run()
 8 SYSTEMPATH\Boot.php(68): CodeIgniter\Boot::runCodeIgniter(Object(CodeIgniter\CodeIgniter))
 9 FCPATH\index.php(59): CodeIgniter\Boot::bootWeb(Object(Config\Paths))
WARNING - 2025-10-09 16:20:39 --> [DEPRECATED] Passing lowercase HTTP method "post" is deprecated. Use uppercase HTTP method like "POST". in SYSTEMPATH\Router\RouteCollection.php on line 1029.
 1 SYSTEMPATH\Router\RouteCollection.php(1029): trigger_error('Passing lowercase HTTP method "post" is deprecated. Use uppercase HTTP method like "POST".', 16384)
 2 APPPATH\Config\Routes.php(34): CodeIgniter\Router\RouteCollection->match([...], 'courses', 'Courses::store', [...])
 3 SYSTEMPATH\Router\RouteCollection.php(799): CodeIgniter\Router\RouteCollection->{closure}(Object(CodeIgniter\Router\RouteCollection))
 4 APPPATH\Config\Routes.php(41): CodeIgniter\Router\RouteCollection->group('admin', [...], Object(Closure))
 5 SYSTEMPATH\Router\RouteCollection.php(799): CodeIgniter\Router\RouteCollection->{closure}(Object(CodeIgniter\Router\RouteCollection))
 6 APPPATH\Config\Routes.php(55): CodeIgniter\Router\RouteCollection->group('', [...], Object(Closure))
 7 SYSTEMPATH\Router\RouteCollection.php(799): CodeIgniter\Router\RouteCollection->{closure}(Object(CodeIgniter\Router\RouteCollection))
 8 APPPATH\Config\Routes.php(56): CodeIgniter\Router\RouteCollection->group('', [...], Object(Closure))
 9 SYSTEMPATH\Router\RouteCollection.php(339): require('C:\\xampp\\htdocs\\ITE311-GOMEZ\\app\\Config\\Routes.php')
10 SYSTEMPATH\CodeIgniter.php(821): CodeIgniter\Router\RouteCollection->loadRoutes()
11 SYSTEMPATH\CodeIgniter.php(455): CodeIgniter\CodeIgniter->tryToRouteIt(null)
12 SYSTEMPATH\CodeIgniter.php(354): CodeIgniter\CodeIgniter->handleRequest(null, Object(Config\Cache), false)
13 SYSTEMPATH\Boot.php(363): CodeIgniter\CodeIgniter->run()
14 SYSTEMPATH\Boot.php(68): CodeIgniter\Boot::runCodeIgniter(Object(CodeIgniter\CodeIgniter))
15 FCPATH\index.php(59): CodeIgniter\Boot::bootWeb(Object(Config\Paths))
DEBUG - 2025-10-09 16:20:39 --> Session: Class initialized using 'CodeIgniter\Session\Handlers\FileHandler' driver.
CRITICAL - 2025-10-09 16:20:39 --> ParseError: Unclosed '[' on line 125 does not match ')'
[Method: GET, Route: student/courses]
in APPPATH\Controllers\Student\Courses.php on line 131.
 1 SYSTEMPATH\Autoloader\Autoloader.php(295): CodeIgniter\Autoloader\Autoloader->includeFile('C:\\xampp\\htdocs\\ITE311-GOMEZ\\app\\Controllers\\Student\\Courses.php')
 2 SYSTEMPATH\Autoloader\Autoloader.php(271): CodeIgniter\Autoloader\Autoloader->loadInNamespace('App\\Controllers\\Student\\Courses')
 3 [internal function]: CodeIgniter\Autoloader\Autoloader->loadClass('App\\Controllers\\Student\\Courses')
 4 SYSTEMPATH\CodeIgniter.php(885): class_exists('\\App\\Controllers\\Student\\Courses', true)
 5 SYSTEMPATH\CodeIgniter.php(494): CodeIgniter\CodeIgniter->startController()
 6 SYSTEMPATH\CodeIgniter.php(354): CodeIgniter\CodeIgniter->handleRequest(null, Object(Config\Cache), false)
 7 SYSTEMPATH\Boot.php(363): CodeIgniter\CodeIgniter->run()
 8 SYSTEMPATH\Boot.php(68): CodeIgniter\Boot::runCodeIgniter(Object(CodeIgniter\CodeIgniter))
 9 FCPATH\index.php(59): CodeIgniter\Boot::bootWeb(Object(Config\Paths))
WARNING - 2025-10-09 16:20:39 --> [DEPRECATED] Passing lowercase HTTP method "post" is deprecated. Use uppercase HTTP method like "POST". in SYSTEMPATH\Router\RouteCollection.php on line 1029.
 1 SYSTEMPATH\Router\RouteCollection.php(1029): trigger_error('Passing lowercase HTTP method "post" is deprecated. Use uppercase HTTP method like "POST".', 16384)
 2 APPPATH\Config\Routes.php(34): CodeIgniter\Router\RouteCollection->match([...], 'courses', 'Courses::store', [...])
 3 SYSTEMPATH\Router\RouteCollection.php(799): CodeIgniter\Router\RouteCollection->{closure}(Object(CodeIgniter\Router\RouteCollection))
 4 APPPATH\Config\Routes.php(41): CodeIgniter\Router\RouteCollection->group('admin', [...], Object(Closure))
 5 SYSTEMPATH\Router\RouteCollection.php(799): CodeIgniter\Router\RouteCollection->{closure}(Object(CodeIgniter\Router\RouteCollection))
 6 APPPATH\Config\Routes.php(55): CodeIgniter\Router\RouteCollection->group('', [...], Object(Closure))
 7 SYSTEMPATH\Router\RouteCollection.php(799): CodeIgniter\Router\RouteCollection->{closure}(Object(CodeIgniter\Router\RouteCollection))
 8 APPPATH\Config\Routes.php(56): CodeIgniter\Router\RouteCollection->group('', [...], Object(Closure))
 9 SYSTEMPATH\Router\RouteCollection.php(339): require('C:\\xampp\\htdocs\\ITE311-GOMEZ\\app\\Config\\Routes.php')
10 SYSTEMPATH\CodeIgniter.php(821): CodeIgniter\Router\RouteCollection->loadRoutes()
11 SYSTEMPATH\CodeIgniter.php(455): CodeIgniter\CodeIgniter->tryToRouteIt(null)
12 SYSTEMPATH\CodeIgniter.php(354): CodeIgniter\CodeIgniter->handleRequest(null, Object(Config\Cache), false)
13 SYSTEMPATH\Boot.php(363): CodeIgniter\CodeIgniter->run()
14 SYSTEMPATH\Boot.php(68): CodeIgniter\Boot::runCodeIgniter(Object(CodeIgniter\CodeIgniter))
15 FCPATH\index.php(59): CodeIgniter\Boot::bootWeb(Object(Config\Paths))
DEBUG - 2025-10-09 16:20:39 --> Session: Class initialized using 'CodeIgniter\Session\Handlers\FileHandler' driver.
CRITICAL - 2025-10-09 16:20:39 --> ParseError: Unclosed '[' on line 125 does not match ')'
[Method: GET, Route: student/courses]
in APPPATH\Controllers\Student\Courses.php on line 131.
 1 SYSTEMPATH\Autoloader\Autoloader.php(295): CodeIgniter\Autoloader\Autoloader->includeFile('C:\\xampp\\htdocs\\ITE311-GOMEZ\\app\\Controllers\\Student\\Courses.php')
 2 SYSTEMPATH\Autoloader\Autoloader.php(271): CodeIgniter\Autoloader\Autoloader->loadInNamespace('App\\Controllers\\Student\\Courses')
 3 [internal function]: CodeIgniter\Autoloader\Autoloader->loadClass('App\\Controllers\\Student\\Courses')
 4 SYSTEMPATH\CodeIgniter.php(885): class_exists('\\App\\Controllers\\Student\\Courses', true)
 5 SYSTEMPATH\CodeIgniter.php(494): CodeIgniter\CodeIgniter->startController()
 6 SYSTEMPATH\CodeIgniter.php(354): CodeIgniter\CodeIgniter->handleRequest(null, Object(Config\Cache), false)
 7 SYSTEMPATH\Boot.php(363): CodeIgniter\CodeIgniter->run()
 8 SYSTEMPATH\Boot.php(68): CodeIgniter\Boot::runCodeIgniter(Object(CodeIgniter\CodeIgniter))
 9 FCPATH\index.php(59): CodeIgniter\Boot::bootWeb(Object(Config\Paths))
WARNING - 2025-10-09 16:20:40 --> [DEPRECATED] Passing lowercase HTTP method "post" is deprecated. Use uppercase HTTP method like "POST". in SYSTEMPATH\Router\RouteCollection.php on line 1029.
 1 SYSTEMPATH\Router\RouteCollection.php(1029): trigger_error('Passing lowercase HTTP method "post" is deprecated. Use uppercase HTTP method like "POST".', 16384)
 2 APPPATH\Config\Routes.php(34): CodeIgniter\Router\RouteCollection->match([...], 'courses', 'Courses::store', [...])
 3 SYSTEMPATH\Router\RouteCollection.php(799): CodeIgniter\Router\RouteCollection->{closure}(Object(CodeIgniter\Router\RouteCollection))
 4 APPPATH\Config\Routes.php(41): CodeIgniter\Router\RouteCollection->group('admin', [...], Object(Closure))
 5 SYSTEMPATH\Router\RouteCollection.php(799): CodeIgniter\Router\RouteCollection->{closure}(Object(CodeIgniter\Router\RouteCollection))
 6 APPPATH\Config\Routes.php(55): CodeIgniter\Router\RouteCollection->group('', [...], Object(Closure))
 7 SYSTEMPATH\Router\RouteCollection.php(799): CodeIgniter\Router\RouteCollection->{closure}(Object(CodeIgniter\Router\RouteCollection))
 8 APPPATH\Config\Routes.php(56): CodeIgniter\Router\RouteCollection->group('', [...], Object(Closure))
 9 SYSTEMPATH\Router\RouteCollection.php(339): require('C:\\xampp\\htdocs\\ITE311-GOMEZ\\app\\Config\\Routes.php')
10 SYSTEMPATH\CodeIgniter.php(821): CodeIgniter\Router\RouteCollection->loadRoutes()
11 SYSTEMPATH\CodeIgniter.php(455): CodeIgniter\CodeIgniter->tryToRouteIt(null)
12 SYSTEMPATH\CodeIgniter.php(354): CodeIgniter\CodeIgniter->handleRequest(null, Object(Config\Cache), false)
13 SYSTEMPATH\Boot.php(363): CodeIgniter\CodeIgniter->run()
14 SYSTEMPATH\Boot.php(68): CodeIgniter\Boot::runCodeIgniter(Object(CodeIgniter\CodeIgniter))
15 FCPATH\index.php(59): CodeIgniter\Boot::bootWeb(Object(Config\Paths))
DEBUG - 2025-10-09 16:20:40 --> Session: Class initialized using 'CodeIgniter\Session\Handlers\FileHandler' driver.
CRITICAL - 2025-10-09 16:20:40 --> ParseError: Unclosed '[' on line 125 does not match ')'
[Method: GET, Route: student/courses]
in APPPATH\Controllers\Student\Courses.php on line 131.
 1 SYSTEMPATH\Autoloader\Autoloader.php(295): CodeIgniter\Autoloader\Autoloader->includeFile('C:\\xampp\\htdocs\\ITE311-GOMEZ\\app\\Controllers\\Student\\Courses.php')
 2 SYSTEMPATH\Autoloader\Autoloader.php(271): CodeIgniter\Autoloader\Autoloader->loadInNamespace('App\\Controllers\\Student\\Courses')
 3 [internal function]: CodeIgniter\Autoloader\Autoloader->loadClass('App\\Controllers\\Student\\Courses')
 4 SYSTEMPATH\CodeIgniter.php(885): class_exists('\\App\\Controllers\\Student\\Courses', true)
 5 SYSTEMPATH\CodeIgniter.php(494): CodeIgniter\CodeIgniter->startController()
 6 SYSTEMPATH\CodeIgniter.php(354): CodeIgniter\CodeIgniter->handleRequest(null, Object(Config\Cache), false)
 7 SYSTEMPATH\Boot.php(363): CodeIgniter\CodeIgniter->run()
 8 SYSTEMPATH\Boot.php(68): CodeIgniter\Boot::runCodeIgniter(Object(CodeIgniter\CodeIgniter))
 9 FCPATH\index.php(59): CodeIgniter\Boot::bootWeb(Object(Config\Paths))
WARNING - 2025-10-09 16:20:40 --> [DEPRECATED] Passing lowercase HTTP method "post" is deprecated. Use uppercase HTTP method like "POST". in SYSTEMPATH\Router\RouteCollection.php on line 1029.
 1 SYSTEMPATH\Router\RouteCollection.php(1029): trigger_error('Passing lowercase HTTP method "post" is deprecated. Use uppercase HTTP method like "POST".', 16384)
 2 APPPATH\Config\Routes.php(34): CodeIgniter\Router\RouteCollection->match([...], 'courses', 'Courses::store', [...])
 3 SYSTEMPATH\Router\RouteCollection.php(799): CodeIgniter\Router\RouteCollection->{closure}(Object(CodeIgniter\Router\RouteCollection))
 4 APPPATH\Config\Routes.php(41): CodeIgniter\Router\RouteCollection->group('admin', [...], Object(Closure))
 5 SYSTEMPATH\Router\RouteCollection.php(799): CodeIgniter\Router\RouteCollection->{closure}(Object(CodeIgniter\Router\RouteCollection))
 6 APPPATH\Config\Routes.php(55): CodeIgniter\Router\RouteCollection->group('', [...], Object(Closure))
 7 SYSTEMPATH\Router\RouteCollection.php(799): CodeIgniter\Router\RouteCollection->{closure}(Object(CodeIgniter\Router\RouteCollection))
 8 APPPATH\Config\Routes.php(56): CodeIgniter\Router\RouteCollection->group('', [...], Object(Closure))
 9 SYSTEMPATH\Router\RouteCollection.php(339): require('C:\\xampp\\htdocs\\ITE311-GOMEZ\\app\\Config\\Routes.php')
10 SYSTEMPATH\CodeIgniter.php(821): CodeIgniter\Router\RouteCollection->loadRoutes()
11 SYSTEMPATH\CodeIgniter.php(455): CodeIgniter\CodeIgniter->tryToRouteIt(null)
12 SYSTEMPATH\CodeIgniter.php(354): CodeIgniter\CodeIgniter->handleRequest(null, Object(Config\Cache), false)
13 SYSTEMPATH\Boot.php(363): CodeIgniter\CodeIgniter->run()
14 SYSTEMPATH\Boot.php(68): CodeIgniter\Boot::runCodeIgniter(Object(CodeIgniter\CodeIgniter))
15 FCPATH\index.php(59): CodeIgniter\Boot::bootWeb(Object(Config\Paths))
DEBUG - 2025-10-09 16:20:40 --> Session: Class initialized using 'CodeIgniter\Session\Handlers\FileHandler' driver.
CRITICAL - 2025-10-09 16:20:40 --> ParseError: Unclosed '[' on line 125 does not match ')'
[Method: GET, Route: student/courses]
in APPPATH\Controllers\Student\Courses.php on line 131.
 1 SYSTEMPATH\Autoloader\Autoloader.php(295): CodeIgniter\Autoloader\Autoloader->includeFile('C:\\xampp\\htdocs\\ITE311-GOMEZ\\app\\Controllers\\Student\\Courses.php')
 2 SYSTEMPATH\Autoloader\Autoloader.php(271): CodeIgniter\Autoloader\Autoloader->loadInNamespace('App\\Controllers\\Student\\Courses')
 3 [internal function]: CodeIgniter\Autoloader\Autoloader->loadClass('App\\Controllers\\Student\\Courses')
 4 SYSTEMPATH\CodeIgniter.php(885): class_exists('\\App\\Controllers\\Student\\Courses', true)
 5 SYSTEMPATH\CodeIgniter.php(494): CodeIgniter\CodeIgniter->startController()
 6 SYSTEMPATH\CodeIgniter.php(354): CodeIgniter\CodeIgniter->handleRequest(null, Object(Config\Cache), false)
 7 SYSTEMPATH\Boot.php(363): CodeIgniter\CodeIgniter->run()
 8 SYSTEMPATH\Boot.php(68): CodeIgniter\Boot::runCodeIgniter(Object(CodeIgniter\CodeIgniter))
 9 FCPATH\index.php(59): CodeIgniter\Boot::bootWeb(Object(Config\Paths))
WARNING - 2025-10-09 16:20:40 --> [DEPRECATED] Passing lowercase HTTP method "post" is deprecated. Use uppercase HTTP method like "POST". in SYSTEMPATH\Router\RouteCollection.php on line 1029.
 1 SYSTEMPATH\Router\RouteCollection.php(1029): trigger_error('Passing lowercase HTTP method "post" is deprecated. Use uppercase HTTP method like "POST".', 16384)
 2 APPPATH\Config\Routes.php(34): CodeIgniter\Router\RouteCollection->match([...], 'courses', 'Courses::store', [...])
 3 SYSTEMPATH\Router\RouteCollection.php(799): CodeIgniter\Router\RouteCollection->{closure}(Object(CodeIgniter\Router\RouteCollection))
 4 APPPATH\Config\Routes.php(41): CodeIgniter\Router\RouteCollection->group('admin', [...], Object(Closure))
 5 SYSTEMPATH\Router\RouteCollection.php(799): CodeIgniter\Router\RouteCollection->{closure}(Object(CodeIgniter\Router\RouteCollection))
 6 APPPATH\Config\Routes.php(55): CodeIgniter\Router\RouteCollection->group('', [...], Object(Closure))
 7 SYSTEMPATH\Router\RouteCollection.php(799): CodeIgniter\Router\RouteCollection->{closure}(Object(CodeIgniter\Router\RouteCollection))
 8 APPPATH\Config\Routes.php(56): CodeIgniter\Router\RouteCollection->group('', [...], Object(Closure))
 9 SYSTEMPATH\Router\RouteCollection.php(339): require('C:\\xampp\\htdocs\\ITE311-GOMEZ\\app\\Config\\Routes.php')
10 SYSTEMPATH\CodeIgniter.php(821): CodeIgniter\Router\RouteCollection->loadRoutes()
11 SYSTEMPATH\CodeIgniter.php(455): CodeIgniter\CodeIgniter->tryToRouteIt(null)
12 SYSTEMPATH\CodeIgniter.php(354): CodeIgniter\CodeIgniter->handleRequest(null, Object(Config\Cache), false)
13 SYSTEMPATH\Boot.php(363): CodeIgniter\CodeIgniter->run()
14 SYSTEMPATH\Boot.php(68): CodeIgniter\Boot::runCodeIgniter(Object(CodeIgniter\CodeIgniter))
15 FCPATH\index.php(59): CodeIgniter\Boot::bootWeb(Object(Config\Paths))
DEBUG - 2025-10-09 16:20:40 --> Session: Class initialized using 'CodeIgniter\Session\Handlers\FileHandler' driver.
CRITICAL - 2025-10-09 16:20:40 --> ParseError: Unclosed '[' on line 125 does not match ')'
[Method: GET, Route: student/courses]
in APPPATH\Controllers\Student\Courses.php on line 131.
 1 SYSTEMPATH\Autoloader\Autoloader.php(295): CodeIgniter\Autoloader\Autoloader->includeFile('C:\\xampp\\htdocs\\ITE311-GOMEZ\\app\\Controllers\\Student\\Courses.php')
 2 SYSTEMPATH\Autoloader\Autoloader.php(271): CodeIgniter\Autoloader\Autoloader->loadInNamespace('App\\Controllers\\Student\\Courses')
 3 [internal function]: CodeIgniter\Autoloader\Autoloader->loadClass('App\\Controllers\\Student\\Courses')
 4 SYSTEMPATH\CodeIgniter.php(885): class_exists('\\App\\Controllers\\Student\\Courses', true)
 5 SYSTEMPATH\CodeIgniter.php(494): CodeIgniter\CodeIgniter->startController()
 6 SYSTEMPATH\CodeIgniter.php(354): CodeIgniter\CodeIgniter->handleRequest(null, Object(Config\Cache), false)
 7 SYSTEMPATH\Boot.php(363): CodeIgniter\CodeIgniter->run()
 8 SYSTEMPATH\Boot.php(68): CodeIgniter\Boot::runCodeIgniter(Object(CodeIgniter\CodeIgniter))
 9 FCPATH\index.php(59): CodeIgniter\Boot::bootWeb(Object(Config\Paths))
WARNING - 2025-10-09 16:21:03 --> [DEPRECATED] Passing lowercase HTTP method "post" is deprecated. Use uppercase HTTP method like "POST". in SYSTEMPATH\Router\RouteCollection.php on line 1029.
 1 SYSTEMPATH\Router\RouteCollection.php(1029): trigger_error('Passing lowercase HTTP method "post" is deprecated. Use uppercase HTTP method like "POST".', 16384)
 2 APPPATH\Config\Routes.php(34): CodeIgniter\Router\RouteCollection->match([...], 'courses', 'Courses::store', [...])
 3 SYSTEMPATH\Router\RouteCollection.php(799): CodeIgniter\Router\RouteCollection->{closure}(Object(CodeIgniter\Router\RouteCollection))
 4 APPPATH\Config\Routes.php(41): CodeIgniter\Router\RouteCollection->group('admin', [...], Object(Closure))
 5 SYSTEMPATH\Router\RouteCollection.php(799): CodeIgniter\Router\RouteCollection->{closure}(Object(CodeIgniter\Router\RouteCollection))
 6 APPPATH\Config\Routes.php(55): CodeIgniter\Router\RouteCollection->group('', [...], Object(Closure))
 7 SYSTEMPATH\Router\RouteCollection.php(799): CodeIgniter\Router\RouteCollection->{closure}(Object(CodeIgniter\Router\RouteCollection))
 8 APPPATH\Config\Routes.php(56): CodeIgniter\Router\RouteCollection->group('', [...], Object(Closure))
 9 SYSTEMPATH\Router\RouteCollection.php(339): require('C:\\xampp\\htdocs\\ITE311-GOMEZ\\app\\Config\\Routes.php')
10 SYSTEMPATH\CodeIgniter.php(821): CodeIgniter\Router\RouteCollection->loadRoutes()
11 SYSTEMPATH\CodeIgniter.php(455): CodeIgniter\CodeIgniter->tryToRouteIt(null)
12 SYSTEMPATH\CodeIgniter.php(354): CodeIgniter\CodeIgniter->handleRequest(null, Object(Config\Cache), false)
13 SYSTEMPATH\Boot.php(363): CodeIgniter\CodeIgniter->run()
14 SYSTEMPATH\Boot.php(68): CodeIgniter\Boot::runCodeIgniter(Object(CodeIgniter\CodeIgniter))
15 FCPATH\index.php(59): CodeIgniter\Boot::bootWeb(Object(Config\Paths))
DEBUG - 2025-10-09 16:21:03 --> Session: Class initialized using 'CodeIgniter\Session\Handlers\FileHandler' driver.
CRITICAL - 2025-10-09 16:21:03 --> ParseError: syntax error, unexpected token "{", expecting "]"
[Method: GET, Route: student/courses]
in APPPATH\Controllers\Student\Courses.php on line 146.
 1 SYSTEMPATH\Autoloader\Autoloader.php(295): CodeIgniter\Autoloader\Autoloader->includeFile('C:\\xampp\\htdocs\\ITE311-GOMEZ\\app\\Controllers\\Student\\Courses.php')
 2 SYSTEMPATH\Autoloader\Autoloader.php(271): CodeIgniter\Autoloader\Autoloader->loadInNamespace('App\\Controllers\\Student\\Courses')
 3 [internal function]: CodeIgniter\Autoloader\Autoloader->loadClass('App\\Controllers\\Student\\Courses')
 4 SYSTEMPATH\CodeIgniter.php(885): class_exists('\\App\\Controllers\\Student\\Courses', true)
 5 SYSTEMPATH\CodeIgniter.php(494): CodeIgniter\CodeIgniter->startController()
 6 SYSTEMPATH\CodeIgniter.php(354): CodeIgniter\CodeIgniter->handleRequest(null, Object(Config\Cache), false)
 7 SYSTEMPATH\Boot.php(363): CodeIgniter\CodeIgniter->run()
 8 SYSTEMPATH\Boot.php(68): CodeIgniter\Boot::runCodeIgniter(Object(CodeIgniter\CodeIgniter))
 9 FCPATH\index.php(59): CodeIgniter\Boot::bootWeb(Object(Config\Paths))
WARNING - 2025-10-09 16:21:20 --> [DEPRECATED] Passing lowercase HTTP method "post" is deprecated. Use uppercase HTTP method like "POST". in SYSTEMPATH\Router\RouteCollection.php on line 1029.
 1 SYSTEMPATH\Router\RouteCollection.php(1029): trigger_error('Passing lowercase HTTP method "post" is deprecated. Use uppercase HTTP method like "POST".', 16384)
 2 APPPATH\Config\Routes.php(34): CodeIgniter\Router\RouteCollection->match([...], 'courses', 'Courses::store', [...])
 3 SYSTEMPATH\Router\RouteCollection.php(799): CodeIgniter\Router\RouteCollection->{closure}(Object(CodeIgniter\Router\RouteCollection))
 4 APPPATH\Config\Routes.php(41): CodeIgniter\Router\RouteCollection->group('admin', [...], Object(Closure))
 5 SYSTEMPATH\Router\RouteCollection.php(799): CodeIgniter\Router\RouteCollection->{closure}(Object(CodeIgniter\Router\RouteCollection))
 6 APPPATH\Config\Routes.php(55): CodeIgniter\Router\RouteCollection->group('', [...], Object(Closure))
 7 SYSTEMPATH\Router\RouteCollection.php(799): CodeIgniter\Router\RouteCollection->{closure}(Object(CodeIgniter\Router\RouteCollection))
 8 APPPATH\Config\Routes.php(56): CodeIgniter\Router\RouteCollection->group('', [...], Object(Closure))
 9 SYSTEMPATH\Router\RouteCollection.php(339): require('C:\\xampp\\htdocs\\ITE311-GOMEZ\\app\\Config\\Routes.php')
10 SYSTEMPATH\CodeIgniter.php(821): CodeIgniter\Router\RouteCollection->loadRoutes()
11 SYSTEMPATH\CodeIgniter.php(455): CodeIgniter\CodeIgniter->tryToRouteIt(null)
12 SYSTEMPATH\CodeIgniter.php(354): CodeIgniter\CodeIgniter->handleRequest(null, Object(Config\Cache), false)
13 SYSTEMPATH\Boot.php(363): CodeIgniter\CodeIgniter->run()
14 SYSTEMPATH\Boot.php(68): CodeIgniter\Boot::runCodeIgniter(Object(CodeIgniter\CodeIgniter))
15 FCPATH\index.php(59): CodeIgniter\Boot::bootWeb(Object(Config\Paths))
DEBUG - 2025-10-09 16:21:20 --> Session: Class initialized using 'CodeIgniter\Session\Handlers\FileHandler' driver.
CRITICAL - 2025-10-09 16:21:20 --> ParseError: syntax error, unexpected token "=>"
[Method: GET, Route: student/courses]
in APPPATH\Controllers\Student\Courses.php on line 198.
 1 SYSTEMPATH\Autoloader\Autoloader.php(295): CodeIgniter\Autoloader\Autoloader->includeFile('C:\\xampp\\htdocs\\ITE311-GOMEZ\\app\\Controllers\\Student\\Courses.php')
 2 SYSTEMPATH\Autoloader\Autoloader.php(271): CodeIgniter\Autoloader\Autoloader->loadInNamespace('App\\Controllers\\Student\\Courses')
 3 [internal function]: CodeIgniter\Autoloader\Autoloader->loadClass('App\\Controllers\\Student\\Courses')
 4 SYSTEMPATH\CodeIgniter.php(885): class_exists('\\App\\Controllers\\Student\\Courses', true)
 5 SYSTEMPATH\CodeIgniter.php(494): CodeIgniter\CodeIgniter->startController()
 6 SYSTEMPATH\CodeIgniter.php(354): CodeIgniter\CodeIgniter->handleRequest(null, Object(Config\Cache), false)
 7 SYSTEMPATH\Boot.php(363): CodeIgniter\CodeIgniter->run()
 8 SYSTEMPATH\Boot.php(68): CodeIgniter\Boot::runCodeIgniter(Object(CodeIgniter\CodeIgniter))
 9 FCPATH\index.php(59): CodeIgniter\Boot::bootWeb(Object(Config\Paths))
WARNING - 2025-10-09 16:21:21 --> [DEPRECATED] Passing lowercase HTTP method "post" is deprecated. Use uppercase HTTP method like "POST". in SYSTEMPATH\Router\RouteCollection.php on line 1029.
 1 SYSTEMPATH\Router\RouteCollection.php(1029): trigger_error('Passing lowercase HTTP method "post" is deprecated. Use uppercase HTTP method like "POST".', 16384)
 2 APPPATH\Config\Routes.php(34): CodeIgniter\Router\RouteCollection->match([...], 'courses', 'Courses::store', [...])
 3 SYSTEMPATH\Router\RouteCollection.php(799): CodeIgniter\Router\RouteCollection->{closure}(Object(CodeIgniter\Router\RouteCollection))
 4 APPPATH\Config\Routes.php(41): CodeIgniter\Router\RouteCollection->group('admin', [...], Object(Closure))
 5 SYSTEMPATH\Router\RouteCollection.php(799): CodeIgniter\Router\RouteCollection->{closure}(Object(CodeIgniter\Router\RouteCollection))
 6 APPPATH\Config\Routes.php(55): CodeIgniter\Router\RouteCollection->group('', [...], Object(Closure))
 7 SYSTEMPATH\Router\RouteCollection.php(799): CodeIgniter\Router\RouteCollection->{closure}(Object(CodeIgniter\Router\RouteCollection))
 8 APPPATH\Config\Routes.php(56): CodeIgniter\Router\RouteCollection->group('', [...], Object(Closure))
 9 SYSTEMPATH\Router\RouteCollection.php(339): require('C:\\xampp\\htdocs\\ITE311-GOMEZ\\app\\Config\\Routes.php')
10 SYSTEMPATH\CodeIgniter.php(821): CodeIgniter\Router\RouteCollection->loadRoutes()
11 SYSTEMPATH\CodeIgniter.php(455): CodeIgniter\CodeIgniter->tryToRouteIt(null)
12 SYSTEMPATH\CodeIgniter.php(354): CodeIgniter\CodeIgniter->handleRequest(null, Object(Config\Cache), false)
13 SYSTEMPATH\Boot.php(363): CodeIgniter\CodeIgniter->run()
14 SYSTEMPATH\Boot.php(68): CodeIgniter\Boot::runCodeIgniter(Object(CodeIgniter\CodeIgniter))
15 FCPATH\index.php(59): CodeIgniter\Boot::bootWeb(Object(Config\Paths))
DEBUG - 2025-10-09 16:21:21 --> Session: Class initialized using 'CodeIgniter\Session\Handlers\FileHandler' driver.
CRITICAL - 2025-10-09 16:21:21 --> ParseError: syntax error, unexpected token "=>"
[Method: GET, Route: student/courses]
in APPPATH\Controllers\Student\Courses.php on line 198.
 1 SYSTEMPATH\Autoloader\Autoloader.php(295): CodeIgniter\Autoloader\Autoloader->includeFile('C:\\xampp\\htdocs\\ITE311-GOMEZ\\app\\Controllers\\Student\\Courses.php')
 2 SYSTEMPATH\Autoloader\Autoloader.php(271): CodeIgniter\Autoloader\Autoloader->loadInNamespace('App\\Controllers\\Student\\Courses')
 3 [internal function]: CodeIgniter\Autoloader\Autoloader->loadClass('App\\Controllers\\Student\\Courses')
 4 SYSTEMPATH\CodeIgniter.php(885): class_exists('\\App\\Controllers\\Student\\Courses', true)
 5 SYSTEMPATH\CodeIgniter.php(494): CodeIgniter\CodeIgniter->startController()
 6 SYSTEMPATH\CodeIgniter.php(354): CodeIgniter\CodeIgniter->handleRequest(null, Object(Config\Cache), false)
 7 SYSTEMPATH\Boot.php(363): CodeIgniter\CodeIgniter->run()
 8 SYSTEMPATH\Boot.php(68): CodeIgniter\Boot::runCodeIgniter(Object(CodeIgniter\CodeIgniter))
 9 FCPATH\index.php(59): CodeIgniter\Boot::bootWeb(Object(Config\Paths))
WARNING - 2025-10-09 16:21:39 --> [DEPRECATED] Passing lowercase HTTP method "post" is deprecated. Use uppercase HTTP method like "POST". in SYSTEMPATH\Router\RouteCollection.php on line 1029.
 1 SYSTEMPATH\Router\RouteCollection.php(1029): trigger_error('Passing lowercase HTTP method "post" is deprecated. Use uppercase HTTP method like "POST".', 16384)
 2 APPPATH\Config\Routes.php(34): CodeIgniter\Router\RouteCollection->match([...], 'courses', 'Courses::store', [...])
 3 SYSTEMPATH\Router\RouteCollection.php(799): CodeIgniter\Router\RouteCollection->{closure}(Object(CodeIgniter\Router\RouteCollection))
 4 APPPATH\Config\Routes.php(41): CodeIgniter\Router\RouteCollection->group('admin', [...], Object(Closure))
 5 SYSTEMPATH\Router\RouteCollection.php(799): CodeIgniter\Router\RouteCollection->{closure}(Object(CodeIgniter\Router\RouteCollection))
 6 APPPATH\Config\Routes.php(55): CodeIgniter\Router\RouteCollection->group('', [...], Object(Closure))
 7 SYSTEMPATH\Router\RouteCollection.php(799): CodeIgniter\Router\RouteCollection->{closure}(Object(CodeIgniter\Router\RouteCollection))
 8 APPPATH\Config\Routes.php(56): CodeIgniter\Router\RouteCollection->group('', [...], Object(Closure))
 9 SYSTEMPATH\Router\RouteCollection.php(339): require('C:\\xampp\\htdocs\\ITE311-GOMEZ\\app\\Config\\Routes.php')
10 SYSTEMPATH\CodeIgniter.php(821): CodeIgniter\Router\RouteCollection->loadRoutes()
11 SYSTEMPATH\CodeIgniter.php(455): CodeIgniter\CodeIgniter->tryToRouteIt(null)
12 SYSTEMPATH\CodeIgniter.php(354): CodeIgniter\CodeIgniter->handleRequest(null, Object(Config\Cache), false)
13 SYSTEMPATH\Boot.php(363): CodeIgniter\CodeIgniter->run()
14 SYSTEMPATH\Boot.php(68): CodeIgniter\Boot::runCodeIgniter(Object(CodeIgniter\CodeIgniter))
15 FCPATH\index.php(59): CodeIgniter\Boot::bootWeb(Object(Config\Paths))
DEBUG - 2025-10-09 16:21:39 --> Session: Class initialized using 'CodeIgniter\Session\Handlers\FileHandler' driver.
CRITICAL - 2025-10-09 16:21:39 --> ParseError: syntax error, unexpected token "catch"
[Method: GET, Route: student/courses]
in APPPATH\Controllers\Student\Courses.php on line 264.
 1 SYSTEMPATH\Autoloader\Autoloader.php(295): CodeIgniter\Autoloader\Autoloader->includeFile('C:\\xampp\\htdocs\\ITE311-GOMEZ\\app\\Controllers\\Student\\Courses.php')
 2 SYSTEMPATH\Autoloader\Autoloader.php(271): CodeIgniter\Autoloader\Autoloader->loadInNamespace('App\\Controllers\\Student\\Courses')
 3 [internal function]: CodeIgniter\Autoloader\Autoloader->loadClass('App\\Controllers\\Student\\Courses')
 4 SYSTEMPATH\CodeIgniter.php(885): class_exists('\\App\\Controllers\\Student\\Courses', true)
 5 SYSTEMPATH\CodeIgniter.php(494): CodeIgniter\CodeIgniter->startController()
 6 SYSTEMPATH\CodeIgniter.php(354): CodeIgniter\CodeIgniter->handleRequest(null, Object(Config\Cache), false)
 7 SYSTEMPATH\Boot.php(363): CodeIgniter\CodeIgniter->run()
 8 SYSTEMPATH\Boot.php(68): CodeIgniter\Boot::runCodeIgniter(Object(CodeIgniter\CodeIgniter))
 9 FCPATH\index.php(59): CodeIgniter\Boot::bootWeb(Object(Config\Paths))
WARNING - 2025-10-09 16:21:40 --> [DEPRECATED] Passing lowercase HTTP method "post" is deprecated. Use uppercase HTTP method like "POST". in SYSTEMPATH\Router\RouteCollection.php on line 1029.
 1 SYSTEMPATH\Router\RouteCollection.php(1029): trigger_error('Passing lowercase HTTP method "post" is deprecated. Use uppercase HTTP method like "POST".', 16384)
 2 APPPATH\Config\Routes.php(34): CodeIgniter\Router\RouteCollection->match([...], 'courses', 'Courses::store', [...])
 3 SYSTEMPATH\Router\RouteCollection.php(799): CodeIgniter\Router\RouteCollection->{closure}(Object(CodeIgniter\Router\RouteCollection))
 4 APPPATH\Config\Routes.php(41): CodeIgniter\Router\RouteCollection->group('admin', [...], Object(Closure))
 5 SYSTEMPATH\Router\RouteCollection.php(799): CodeIgniter\Router\RouteCollection->{closure}(Object(CodeIgniter\Router\RouteCollection))
 6 APPPATH\Config\Routes.php(55): CodeIgniter\Router\RouteCollection->group('', [...], Object(Closure))
 7 SYSTEMPATH\Router\RouteCollection.php(799): CodeIgniter\Router\RouteCollection->{closure}(Object(CodeIgniter\Router\RouteCollection))
 8 APPPATH\Config\Routes.php(56): CodeIgniter\Router\RouteCollection->group('', [...], Object(Closure))
 9 SYSTEMPATH\Router\RouteCollection.php(339): require('C:\\xampp\\htdocs\\ITE311-GOMEZ\\app\\Config\\Routes.php')
10 SYSTEMPATH\CodeIgniter.php(821): CodeIgniter\Router\RouteCollection->loadRoutes()
11 SYSTEMPATH\CodeIgniter.php(455): CodeIgniter\CodeIgniter->tryToRouteIt(null)
12 SYSTEMPATH\CodeIgniter.php(354): CodeIgniter\CodeIgniter->handleRequest(null, Object(Config\Cache), false)
13 SYSTEMPATH\Boot.php(363): CodeIgniter\CodeIgniter->run()
14 SYSTEMPATH\Boot.php(68): CodeIgniter\Boot::runCodeIgniter(Object(CodeIgniter\CodeIgniter))
15 FCPATH\index.php(59): CodeIgniter\Boot::bootWeb(Object(Config\Paths))
DEBUG - 2025-10-09 16:21:40 --> Session: Class initialized using 'CodeIgniter\Session\Handlers\FileHandler' driver.
CRITICAL - 2025-10-09 16:21:40 --> ParseError: syntax error, unexpected token "catch"
[Method: GET, Route: student/courses]
in APPPATH\Controllers\Student\Courses.php on line 264.
 1 SYSTEMPATH\Autoloader\Autoloader.php(295): CodeIgniter\Autoloader\Autoloader->includeFile('C:\\xampp\\htdocs\\ITE311-GOMEZ\\app\\Controllers\\Student\\Courses.php')
 2 SYSTEMPATH\Autoloader\Autoloader.php(271): CodeIgniter\Autoloader\Autoloader->loadInNamespace('App\\Controllers\\Student\\Courses')
 3 [internal function]: CodeIgniter\Autoloader\Autoloader->loadClass('App\\Controllers\\Student\\Courses')
 4 SYSTEMPATH\CodeIgniter.php(885): class_exists('\\App\\Controllers\\Student\\Courses', true)
 5 SYSTEMPATH\CodeIgniter.php(494): CodeIgniter\CodeIgniter->startController()
 6 SYSTEMPATH\CodeIgniter.php(354): CodeIgniter\CodeIgniter->handleRequest(null, Object(Config\Cache), false)
 7 SYSTEMPATH\Boot.php(363): CodeIgniter\CodeIgniter->run()
 8 SYSTEMPATH\Boot.php(68): CodeIgniter\Boot::runCodeIgniter(Object(CodeIgniter\CodeIgniter))
 9 FCPATH\index.php(59): CodeIgniter\Boot::bootWeb(Object(Config\Paths))
WARNING - 2025-10-09 16:22:29 --> [DEPRECATED] Passing lowercase HTTP method "post" is deprecated. Use uppercase HTTP method like "POST". in SYSTEMPATH\Router\RouteCollection.php on line 1029.
 1 SYSTEMPATH\Router\RouteCollection.php(1029): trigger_error('Passing lowercase HTTP method "post" is deprecated. Use uppercase HTTP method like "POST".', 16384)
 2 APPPATH\Config\Routes.php(34): CodeIgniter\Router\RouteCollection->match([...], 'courses', 'Courses::store', [...])
 3 SYSTEMPATH\Router\RouteCollection.php(799): CodeIgniter\Router\RouteCollection->{closure}(Object(CodeIgniter\Router\RouteCollection))
 4 APPPATH\Config\Routes.php(41): CodeIgniter\Router\RouteCollection->group('admin', [...], Object(Closure))
 5 SYSTEMPATH\Router\RouteCollection.php(799): CodeIgniter\Router\RouteCollection->{closure}(Object(CodeIgniter\Router\RouteCollection))
 6 APPPATH\Config\Routes.php(55): CodeIgniter\Router\RouteCollection->group('', [...], Object(Closure))
 7 SYSTEMPATH\Router\RouteCollection.php(799): CodeIgniter\Router\RouteCollection->{closure}(Object(CodeIgniter\Router\RouteCollection))
 8 APPPATH\Config\Routes.php(56): CodeIgniter\Router\RouteCollection->group('', [...], Object(Closure))
 9 SYSTEMPATH\Router\RouteCollection.php(339): require('C:\\xampp\\htdocs\\ITE311-GOMEZ\\app\\Config\\Routes.php')
10 SYSTEMPATH\CodeIgniter.php(821): CodeIgniter\Router\RouteCollection->loadRoutes()
11 SYSTEMPATH\CodeIgniter.php(455): CodeIgniter\CodeIgniter->tryToRouteIt(null)
12 SYSTEMPATH\CodeIgniter.php(354): CodeIgniter\CodeIgniter->handleRequest(null, Object(Config\Cache), false)
13 SYSTEMPATH\Boot.php(363): CodeIgniter\CodeIgniter->run()
14 SYSTEMPATH\Boot.php(68): CodeIgniter\Boot::runCodeIgniter(Object(CodeIgniter\CodeIgniter))
15 FCPATH\index.php(59): CodeIgniter\Boot::bootWeb(Object(Config\Paths))
DEBUG - 2025-10-09 16:22:29 --> Session: Class initialized using 'CodeIgniter\Session\Handlers\FileHandler' driver.
CRITICAL - 2025-10-09 16:22:29 --> ParseError: Unclosed '{' on line 112
[Method: GET, Route: student/courses]
in APPPATH\Controllers\Student\Courses.php on line 271.
 1 SYSTEMPATH\Autoloader\Autoloader.php(295): CodeIgniter\Autoloader\Autoloader->includeFile('C:\\xampp\\htdocs\\ITE311-GOMEZ\\app\\Controllers\\Student\\Courses.php')
 2 SYSTEMPATH\Autoloader\Autoloader.php(271): CodeIgniter\Autoloader\Autoloader->loadInNamespace('App\\Controllers\\Student\\Courses')
 3 [internal function]: CodeIgniter\Autoloader\Autoloader->loadClass('App\\Controllers\\Student\\Courses')
 4 SYSTEMPATH\CodeIgniter.php(885): class_exists('\\App\\Controllers\\Student\\Courses', true)
 5 SYSTEMPATH\CodeIgniter.php(494): CodeIgniter\CodeIgniter->startController()
 6 SYSTEMPATH\CodeIgniter.php(354): CodeIgniter\CodeIgniter->handleRequest(null, Object(Config\Cache), false)
 7 SYSTEMPATH\Boot.php(363): CodeIgniter\CodeIgniter->run()
 8 SYSTEMPATH\Boot.php(68): CodeIgniter\Boot::runCodeIgniter(Object(CodeIgniter\CodeIgniter))
 9 FCPATH\index.php(59): CodeIgniter\Boot::bootWeb(Object(Config\Paths))
WARNING - 2025-10-09 16:27:18 --> [DEPRECATED] Passing lowercase HTTP method "post" is deprecated. Use uppercase HTTP method like "POST". in SYSTEMPATH\Router\RouteCollection.php on line 1029.
 1 SYSTEMPATH\Router\RouteCollection.php(1029): trigger_error('Passing lowercase HTTP method "post" is deprecated. Use uppercase HTTP method like "POST".', 16384)
 2 APPPATH\Config\Routes.php(34): CodeIgniter\Router\RouteCollection->match([...], 'courses', 'Courses::store', [...])
 3 SYSTEMPATH\Router\RouteCollection.php(799): CodeIgniter\Router\RouteCollection->{closure}(Object(CodeIgniter\Router\RouteCollection))
 4 APPPATH\Config\Routes.php(41): CodeIgniter\Router\RouteCollection->group('admin', [...], Object(Closure))
 5 SYSTEMPATH\Router\RouteCollection.php(799): CodeIgniter\Router\RouteCollection->{closure}(Object(CodeIgniter\Router\RouteCollection))
 6 APPPATH\Config\Routes.php(55): CodeIgniter\Router\RouteCollection->group('', [...], Object(Closure))
 7 SYSTEMPATH\Router\RouteCollection.php(799): CodeIgniter\Router\RouteCollection->{closure}(Object(CodeIgniter\Router\RouteCollection))
 8 APPPATH\Config\Routes.php(56): CodeIgniter\Router\RouteCollection->group('', [...], Object(Closure))
 9 SYSTEMPATH\Router\RouteCollection.php(339): require('C:\\xampp\\htdocs\\ITE311-GOMEZ\\app\\Config\\Routes.php')
10 SYSTEMPATH\CodeIgniter.php(821): CodeIgniter\Router\RouteCollection->loadRoutes()
11 SYSTEMPATH\CodeIgniter.php(455): CodeIgniter\CodeIgniter->tryToRouteIt(null)
12 SYSTEMPATH\CodeIgniter.php(354): CodeIgniter\CodeIgniter->handleRequest(null, Object(Config\Cache), false)
13 SYSTEMPATH\Boot.php(363): CodeIgniter\CodeIgniter->run()
14 SYSTEMPATH\Boot.php(68): CodeIgniter\Boot::runCodeIgniter(Object(CodeIgniter\CodeIgniter))
15 FCPATH\index.php(59): CodeIgniter\Boot::bootWeb(Object(Config\Paths))
DEBUG - 2025-10-09 16:27:18 --> Session: Class initialized using 'CodeIgniter\Session\Handlers\FileHandler' driver.
WARNING - 2025-10-09 16:27:20 --> [DEPRECATED] Passing lowercase HTTP method "post" is deprecated. Use uppercase HTTP method like "POST". in SYSTEMPATH\Router\RouteCollection.php on line 1029.
 1 SYSTEMPATH\Router\RouteCollection.php(1029): trigger_error('Passing lowercase HTTP method "post" is deprecated. Use uppercase HTTP method like "POST".', 16384)
 2 APPPATH\Config\Routes.php(34): CodeIgniter\Router\RouteCollection->match([...], 'courses', 'Courses::store', [...])
 3 SYSTEMPATH\Router\RouteCollection.php(799): CodeIgniter\Router\RouteCollection->{closure}(Object(CodeIgniter\Router\RouteCollection))
 4 APPPATH\Config\Routes.php(41): CodeIgniter\Router\RouteCollection->group('admin', [...], Object(Closure))
 5 SYSTEMPATH\Router\RouteCollection.php(799): CodeIgniter\Router\RouteCollection->{closure}(Object(CodeIgniter\Router\RouteCollection))
 6 APPPATH\Config\Routes.php(55): CodeIgniter\Router\RouteCollection->group('', [...], Object(Closure))
 7 SYSTEMPATH\Router\RouteCollection.php(799): CodeIgniter\Router\RouteCollection->{closure}(Object(CodeIgniter\Router\RouteCollection))
 8 APPPATH\Config\Routes.php(56): CodeIgniter\Router\RouteCollection->group('', [...], Object(Closure))
 9 SYSTEMPATH\Router\RouteCollection.php(339): require('C:\\xampp\\htdocs\\ITE311-GOMEZ\\app\\Config\\Routes.php')
10 SYSTEMPATH\CodeIgniter.php(821): CodeIgniter\Router\RouteCollection->loadRoutes()
11 SYSTEMPATH\CodeIgniter.php(455): CodeIgniter\CodeIgniter->tryToRouteIt(null)
12 SYSTEMPATH\CodeIgniter.php(354): CodeIgniter\CodeIgniter->handleRequest(null, Object(Config\Cache), false)
13 SYSTEMPATH\Boot.php(363): CodeIgniter\CodeIgniter->run()
14 SYSTEMPATH\Boot.php(68): CodeIgniter\Boot::runCodeIgniter(Object(CodeIgniter\CodeIgniter))
15 FCPATH\index.php(59): CodeIgniter\Boot::bootWeb(Object(Config\Paths))
DEBUG - 2025-10-09 16:27:20 --> Session: Class initialized using 'CodeIgniter\Session\Handlers\FileHandler' driver.
WARNING - 2025-10-09 16:27:21 --> [DEPRECATED] Passing lowercase HTTP method "post" is deprecated. Use uppercase HTTP method like "POST". in SYSTEMPATH\Router\RouteCollection.php on line 1029.
 1 SYSTEMPATH\Router\RouteCollection.php(1029): trigger_error('Passing lowercase HTTP method "post" is deprecated. Use uppercase HTTP method like "POST".', 16384)
 2 APPPATH\Config\Routes.php(34): CodeIgniter\Router\RouteCollection->match([...], 'courses', 'Courses::store', [...])
 3 SYSTEMPATH\Router\RouteCollection.php(799): CodeIgniter\Router\RouteCollection->{closure}(Object(CodeIgniter\Router\RouteCollection))
 4 APPPATH\Config\Routes.php(41): CodeIgniter\Router\RouteCollection->group('admin', [...], Object(Closure))
 5 SYSTEMPATH\Router\RouteCollection.php(799): CodeIgniter\Router\RouteCollection->{closure}(Object(CodeIgniter\Router\RouteCollection))
 6 APPPATH\Config\Routes.php(55): CodeIgniter\Router\RouteCollection->group('', [...], Object(Closure))
 7 SYSTEMPATH\Router\RouteCollection.php(799): CodeIgniter\Router\RouteCollection->{closure}(Object(CodeIgniter\Router\RouteCollection))
 8 APPPATH\Config\Routes.php(56): CodeIgniter\Router\RouteCollection->group('', [...], Object(Closure))
 9 SYSTEMPATH\Router\RouteCollection.php(339): require('C:\\xampp\\htdocs\\ITE311-GOMEZ\\app\\Config\\Routes.php')
10 SYSTEMPATH\CodeIgniter.php(821): CodeIgniter\Router\RouteCollection->loadRoutes()
11 SYSTEMPATH\CodeIgniter.php(455): CodeIgniter\CodeIgniter->tryToRouteIt(null)
12 SYSTEMPATH\CodeIgniter.php(354): CodeIgniter\CodeIgniter->handleRequest(null, Object(Config\Cache), false)
13 SYSTEMPATH\Boot.php(363): CodeIgniter\CodeIgniter->run()
14 SYSTEMPATH\Boot.php(68): CodeIgniter\Boot::runCodeIgniter(Object(CodeIgniter\CodeIgniter))
15 FCPATH\index.php(59): CodeIgniter\Boot::bootWeb(Object(Config\Paths))
DEBUG - 2025-10-09 16:27:21 --> Session: Class initialized using 'CodeIgniter\Session\Handlers\FileHandler' driver.
WARNING - 2025-10-09 16:27:21 --> [DEPRECATED] Passing lowercase HTTP method "post" is deprecated. Use uppercase HTTP method like "POST". in SYSTEMPATH\Router\RouteCollection.php on line 1029.
 1 SYSTEMPATH\Router\RouteCollection.php(1029): trigger_error('Passing lowercase HTTP method "post" is deprecated. Use uppercase HTTP method like "POST".', 16384)
 2 APPPATH\Config\Routes.php(34): CodeIgniter\Router\RouteCollection->match([...], 'courses', 'Courses::store', [...])
 3 SYSTEMPATH\Router\RouteCollection.php(799): CodeIgniter\Router\RouteCollection->{closure}(Object(CodeIgniter\Router\RouteCollection))
 4 APPPATH\Config\Routes.php(41): CodeIgniter\Router\RouteCollection->group('admin', [...], Object(Closure))
 5 SYSTEMPATH\Router\RouteCollection.php(799): CodeIgniter\Router\RouteCollection->{closure}(Object(CodeIgniter\Router\RouteCollection))
 6 APPPATH\Config\Routes.php(55): CodeIgniter\Router\RouteCollection->group('', [...], Object(Closure))
 7 SYSTEMPATH\Router\RouteCollection.php(799): CodeIgniter\Router\RouteCollection->{closure}(Object(CodeIgniter\Router\RouteCollection))
 8 APPPATH\Config\Routes.php(56): CodeIgniter\Router\RouteCollection->group('', [...], Object(Closure))
 9 SYSTEMPATH\Router\RouteCollection.php(339): require('C:\\xampp\\htdocs\\ITE311-GOMEZ\\app\\Config\\Routes.php')
10 SYSTEMPATH\CodeIgniter.php(821): CodeIgniter\Router\RouteCollection->loadRoutes()
11 SYSTEMPATH\CodeIgniter.php(455): CodeIgniter\CodeIgniter->tryToRouteIt(null)
12 SYSTEMPATH\CodeIgniter.php(354): CodeIgniter\CodeIgniter->handleRequest(null, Object(Config\Cache), false)
13 SYSTEMPATH\Boot.php(363): CodeIgniter\CodeIgniter->run()
14 SYSTEMPATH\Boot.php(68): CodeIgniter\Boot::runCodeIgniter(Object(CodeIgniter\CodeIgniter))
15 FCPATH\index.php(59): CodeIgniter\Boot::bootWeb(Object(Config\Paths))
DEBUG - 2025-10-09 16:27:21 --> Session: Class initialized using 'CodeIgniter\Session\Handlers\FileHandler' driver.
DEBUG - 2025-10-09 16:28:37 --> Session: Class initialized using 'CodeIgniter\Session\Handlers\FileHandler' driver.
ERROR - 2025-10-09 16:28:37 --> mysqli_sql_exception: Unknown column 'users.is_active' in 'where clause' in C:\xampp\htdocs\ITE311-GOMEZ\system\Database\MySQLi\Connection.php:327
Stack trace:
#0 C:\xampp\htdocs\ITE311-GOMEZ\system\Database\MySQLi\Connection.php(327): mysqli->query('SELECT `courses...', 0)
#1 C:\xampp\htdocs\ITE311-GOMEZ\system\Database\BaseConnection.php(729): CodeIgniter\Database\MySQLi\Connection->execute('SELECT `courses...')
#2 C:\xampp\htdocs\ITE311-GOMEZ\system\Database\BaseConnection.php(646): CodeIgniter\Database\BaseConnection->simpleQuery('SELECT `courses...')
#3 C:\xampp\htdocs\ITE311-GOMEZ\system\Database\BaseBuilder.php(1649): CodeIgniter\Database\BaseConnection->query('SELECT `courses...', Array, false)
#4 C:\xampp\htdocs\ITE311-GOMEZ\system\Model.php(286): CodeIgniter\Database\BaseBuilder->get()
#5 C:\xampp\htdocs\ITE311-GOMEZ\system\BaseModel.php(677): CodeIgniter\Model->doFindAll(0, 0)
#6 C:\xampp\htdocs\ITE311-GOMEZ\app\Controllers\Student\Enroll.php(34): CodeIgniter\BaseModel->findAll()
#7 C:\xampp\htdocs\ITE311-GOMEZ\system\CodeIgniter.php(933): App\Controllers\Student\Enroll->index()
#8 C:\xampp\htdocs\ITE311-GOMEZ\system\CodeIgniter.php(507): CodeIgniter\CodeIgniter->runController(Object(App\Controllers\Student\Enroll))
#9 C:\xampp\htdocs\ITE311-GOMEZ\system\CodeIgniter.php(354): CodeIgniter\CodeIgniter->handleRequest(NULL, Object(Config\Cache), false)
#10 C:\xampp\htdocs\ITE311-GOMEZ\system\Boot.php(363): CodeIgniter\CodeIgniter->run()
#11 C:\xampp\htdocs\ITE311-GOMEZ\system\Boot.php(68): CodeIgniter\Boot::runCodeIgniter(Object(CodeIgniter\CodeIgniter))
#12 C:\xampp\htdocs\ITE311-GOMEZ\public\index.php(59): CodeIgniter\Boot::bootWeb(Object(Config\Paths))
#13 {main}
CRITICAL - 2025-10-09 16:28:37 --> CodeIgniter\Database\Exceptions\DatabaseException: Unknown column 'users.is_active' in 'where clause'
[Method: GET, Route: student/courses]
in SYSTEMPATH\Database\BaseConnection.php on line 684.
 1 SYSTEMPATH\Database\BaseBuilder.php(1649): CodeIgniter\Database\BaseConnection->query('SELECT `courses`.*, `users`.`name` as `teacher_name`
FROM `courses`
JOIN `users` ON `users`.`id` = `courses`.`teacher_id`
WHERE `users`.`is_active` = :users.is_active:', [...], false)
 2 SYSTEMPATH\Model.php(286): CodeIgniter\Database\BaseBuilder->get()
 3 SYSTEMPATH\BaseModel.php(677): CodeIgniter\Model->doFindAll(0, 0)
 4 APPPATH\Controllers\Student\Enroll.php(34): CodeIgniter\BaseModel->findAll()
 5 SYSTEMPATH\CodeIgniter.php(933): App\Controllers\Student\Enroll->index()
 6 SYSTEMPATH\CodeIgniter.php(507): CodeIgniter\CodeIgniter->runController(Object(App\Controllers\Student\Enroll))
 7 SYSTEMPATH\CodeIgniter.php(354): CodeIgniter\CodeIgniter->handleRequest(null, Object(Config\Cache), false)
 8 SYSTEMPATH\Boot.php(363): CodeIgniter\CodeIgniter->run()
 9 SYSTEMPATH\Boot.php(68): CodeIgniter\Boot::runCodeIgniter(Object(CodeIgniter\CodeIgniter))
10 FCPATH\index.php(59): CodeIgniter\Boot::bootWeb(Object(Config\Paths))
CRITICAL - 2025-10-09 16:28:37 --> [Caused by] CodeIgniter\Database\Exceptions\DatabaseException: Unknown column 'users.is_active' in 'where clause'
in SYSTEMPATH\Database\MySQLi\Connection.php on line 332.
 1 SYSTEMPATH\Database\BaseConnection.php(729): CodeIgniter\Database\MySQLi\Connection->execute('SELECT `courses`.*, `users`.`name` as `teacher_name`
FROM `courses`
JOIN `users` ON `users`.`id` = `courses`.`teacher_id`
WHERE `users`.`is_active` = 1')
 2 SYSTEMPATH\Database\BaseConnection.php(646): CodeIgniter\Database\BaseConnection->simpleQuery('SELECT `courses`.*, `users`.`name` as `teacher_name`
FROM `courses`
JOIN `users` ON `users`.`id` = `courses`.`teacher_id`
WHERE `users`.`is_active` = 1')
 3 SYSTEMPATH\Database\BaseBuilder.php(1649): CodeIgniter\Database\BaseConnection->query('SELECT `courses`.*, `users`.`name` as `teacher_name`
FROM `courses`
JOIN `users` ON `users`.`id` = `courses`.`teacher_id`
WHERE `users`.`is_active` = :users.is_active:', [...], false)
 4 SYSTEMPATH\Model.php(286): CodeIgniter\Database\BaseBuilder->get()
 5 SYSTEMPATH\BaseModel.php(677): CodeIgniter\Model->doFindAll(0, 0)
 6 APPPATH\Controllers\Student\Enroll.php(34): CodeIgniter\BaseModel->findAll()
 7 SYSTEMPATH\CodeIgniter.php(933): App\Controllers\Student\Enroll->index()
 8 SYSTEMPATH\CodeIgniter.php(507): CodeIgniter\CodeIgniter->runController(Object(App\Controllers\Student\Enroll))
 9 SYSTEMPATH\CodeIgniter.php(354): CodeIgniter\CodeIgniter->handleRequest(null, Object(Config\Cache), false)
10 SYSTEMPATH\Boot.php(363): CodeIgniter\CodeIgniter->run()
11 SYSTEMPATH\Boot.php(68): CodeIgniter\Boot::runCodeIgniter(Object(CodeIgniter\CodeIgniter))
12 FCPATH\index.php(59): CodeIgniter\Boot::bootWeb(Object(Config\Paths))
CRITICAL - 2025-10-09 16:28:37 --> [Caused by] mysqli_sql_exception: Unknown column 'users.is_active' in 'where clause'
in SYSTEMPATH\Database\MySQLi\Connection.php on line 327.
 1 SYSTEMPATH\Database\MySQLi\Connection.php(327): mysqli->query('SELECT `courses`.*, `users`.`name` as `teacher_name`
FROM `courses`
JOIN `users` ON `users`.`id` = `courses`.`teacher_id`
WHERE `users`.`is_active` = 1', 0)
 2 SYSTEMPATH\Database\BaseConnection.php(729): CodeIgniter\Database\MySQLi\Connection->execute('SELECT `courses`.*, `users`.`name` as `teacher_name`
FROM `courses`
JOIN `users` ON `users`.`id` = `courses`.`teacher_id`
WHERE `users`.`is_active` = 1')
 3 SYSTEMPATH\Database\BaseConnection.php(646): CodeIgniter\Database\BaseConnection->simpleQuery('SELECT `courses`.*, `users`.`name` as `teacher_name`
FROM `courses`
JOIN `users` ON `users`.`id` = `courses`.`teacher_id`
WHERE `users`.`is_active` = 1')
 4 SYSTEMPATH\Database\BaseBuilder.php(1649): CodeIgniter\Database\BaseConnection->query('SELECT `courses`.*, `users`.`name` as `teacher_name`
FROM `courses`
JOIN `users` ON `users`.`id` = `courses`.`teacher_id`
WHERE `users`.`is_active` = :users.is_active:', [...], false)
 5 SYSTEMPATH\Model.php(286): CodeIgniter\Database\BaseBuilder->get()
 6 SYSTEMPATH\BaseModel.php(677): CodeIgniter\Model->doFindAll(0, 0)
 7 APPPATH\Controllers\Student\Enroll.php(34): CodeIgniter\BaseModel->findAll()
 8 SYSTEMPATH\CodeIgniter.php(933): App\Controllers\Student\Enroll->index()
 9 SYSTEMPATH\CodeIgniter.php(507): CodeIgniter\CodeIgniter->runController(Object(App\Controllers\Student\Enroll))
10 SYSTEMPATH\CodeIgniter.php(354): CodeIgniter\CodeIgniter->handleRequest(null, Object(Config\Cache), false)
11 SYSTEMPATH\Boot.php(363): CodeIgniter\CodeIgniter->run()
12 SYSTEMPATH\Boot.php(68): CodeIgniter\Boot::runCodeIgniter(Object(CodeIgniter\CodeIgniter))
13 FCPATH\index.php(59): CodeIgniter\Boot::bootWeb(Object(Config\Paths))
DEBUG - 2025-10-09 16:30:35 --> Session: Class initialized using 'CodeIgniter\Session\Handlers\FileHandler' driver.
CRITICAL - 2025-10-09 16:30:35 --> CodeIgniter\Exceptions\BadMethodCallException: Call to undefined method App\Models\EnrollmentModel::getUserEnrollments
[Method: GET, Route: student/courses]
in SYSTEMPATH\Model.php on line 927.
 1 APPPATH\Controllers\Student\Enroll.php(37): CodeIgniter\Model->__call('getUserEnrollments', [...])
 2 SYSTEMPATH\CodeIgniter.php(933): App\Controllers\Student\Enroll->index()
 3 SYSTEMPATH\CodeIgniter.php(507): CodeIgniter\CodeIgniter->runController(Object(App\Controllers\Student\Enroll))
 4 SYSTEMPATH\CodeIgniter.php(354): CodeIgniter\CodeIgniter->handleRequest(null, Object(Config\Cache), false)
 5 SYSTEMPATH\Boot.php(363): CodeIgniter\CodeIgniter->run()
 6 SYSTEMPATH\Boot.php(68): CodeIgniter\Boot::runCodeIgniter(Object(CodeIgniter\CodeIgniter))
 7 FCPATH\index.php(59): CodeIgniter\Boot::bootWeb(Object(Config\Paths))
DEBUG - 2025-10-09 16:31:19 --> Session: Class initialized using 'CodeIgniter\Session\Handlers\FileHandler' driver.
DEBUG - 2025-10-09 16:31:26 --> Session: Class initialized using 'CodeIgniter\Session\Handlers\FileHandler' driver.
DEBUG - 2025-10-09 16:31:26 --> Session: Class initialized using 'CodeIgniter\Session\Handlers\FileHandler' driver.
DEBUG - 2025-10-09 16:31:28 --> Session: Class initialized using 'CodeIgniter\Session\Handlers\FileHandler' driver.
DEBUG - 2025-10-09 16:31:28 --> Session: Class initialized using 'CodeIgniter\Session\Handlers\FileHandler' driver.
DEBUG - 2025-10-09 16:31:32 --> Session: Class initialized using 'CodeIgniter\Session\Handlers\FileHandler' driver.
DEBUG - 2025-10-09 16:31:57 --> Session: Class initialized using 'CodeIgniter\Session\Handlers\FileHandler' driver.
DEBUG - 2025-10-09 16:32:11 --> Session: Class initialized using 'CodeIgniter\Session\Handlers\FileHandler' driver.
DEBUG - 2025-10-09 16:32:59 --> Session: Class initialized using 'CodeIgniter\Session\Handlers\FileHandler' driver.
DEBUG - 2025-10-09 16:33:02 --> Session: Class initialized using 'CodeIgniter\Session\Handlers\FileHandler' driver.
DEBUG - 2025-10-09 16:33:04 --> Session: Class initialized using 'CodeIgniter\Session\Handlers\FileHandler' driver.
DEBUG - 2025-10-09 16:33:05 --> Session: Class initialized using 'CodeIgniter\Session\Handlers\FileHandler' driver.
DEBUG - 2025-10-09 16:33:47 --> Session: Class initialized using 'CodeIgniter\Session\Handlers\FileHandler' driver.
DEBUG - 2025-10-09 16:35:09 --> Session: Class initialized using 'CodeIgniter\Session\Handlers\FileHandler' driver.
DEBUG - 2025-10-09 16:35:16 --> Session: Class initialized using 'CodeIgniter\Session\Handlers\FileHandler' driver.
DEBUG - 2025-10-09 16:35:17 --> Session: Class initialized using 'CodeIgniter\Session\Handlers\FileHandler' driver.
DEBUG - 2025-10-09 16:35:18 --> Session: Class initialized using 'CodeIgniter\Session\Handlers\FileHandler' driver.
DEBUG - 2025-10-09 16:38:10 --> Session: Class initialized using 'CodeIgniter\Session\Handlers\FileHandler' driver.
DEBUG - 2025-10-09 16:38:43 --> Session: Class initialized using 'CodeIgniter\Session\Handlers\FileHandler' driver.
DEBUG - 2025-10-09 16:38:46 --> Session: Class initialized using 'CodeIgniter\Session\Handlers\FileHandler' driver.
INFO - 2025-10-09 16:38:46 --> CSRF token verified.
DEBUG - 2025-10-09 16:38:46 --> Form data: Array
(
    [title] => qweqwe
    [description] => 
    [teacher_id] => 3
)

DEBUG - 2025-10-09 16:38:47 --> Session: Class initialized using 'CodeIgniter\Session\Handlers\FileHandler' driver.
DEBUG - 2025-10-09 16:38:49 --> Session: Class initialized using 'CodeIgniter\Session\Handlers\FileHandler' driver.
DEBUG - 2025-10-09 16:38:49 --> Session: Class initialized using 'CodeIgniter\Session\Handlers\FileHandler' driver.
DEBUG - 2025-10-09 16:39:02 --> Session: Class initialized using 'CodeIgniter\Session\Handlers\FileHandler' driver.
DEBUG - 2025-10-09 16:39:02 --> Session: Class initialized using 'CodeIgniter\Session\Handlers\FileHandler' driver.
DEBUG - 2025-10-09 16:39:07 --> Session: Class initialized using 'CodeIgniter\Session\Handlers\FileHandler' driver.
DEBUG - 2025-10-09 16:40:15 --> Session: Class initialized using 'CodeIgniter\Session\Handlers\FileHandler' driver.
DEBUG - 2025-10-09 16:40:18 --> Session: Class initialized using 'CodeIgniter\Session\Handlers\FileHandler' driver.
DEBUG - 2025-10-09 16:40:19 --> Session: Class initialized using 'CodeIgniter\Session\Handlers\FileHandler' driver.
DEBUG - 2025-10-09 16:40:19 --> Session: Class initialized using 'CodeIgniter\Session\Handlers\FileHandler' driver.
DEBUG - 2025-10-09 16:42:27 --> Session: Class initialized using 'CodeIgniter\Session\Handlers\FileHandler' driver.
CRITICAL - 2025-10-09 16:42:27 --> CodeIgniter\Exceptions\RuntimeException: View themes, no current section.
[Method: GET, Route: student/courses]
in SYSTEMPATH\View\View.php on line 430.
 1 APPPATH\Views\student\enrollcourses.php(244): CodeIgniter\View\View->endSection()
 2 SYSTEMPATH\View\View.php(226): include('C:\\xampp\\htdocs\\ITE311-GOMEZ\\app\\Views\\student\\enrollcourses.php')
 3 SYSTEMPATH\View\View.php(229): CodeIgniter\View\View->CodeIgniter\View\{closure}()
 4 SYSTEMPATH\Common.php(1167): CodeIgniter\View\View->render('student/enrollcourses', [], true)
 5 APPPATH\Controllers\BaseController.php(182): view('student/enrollcourses', [...])
 6 APPPATH\Controllers\Student\Enroll.php(43): App\Controllers\BaseController->render('student/enrollcourses', [...])
 7 SYSTEMPATH\CodeIgniter.php(933): App\Controllers\Student\Enroll->index()
 8 SYSTEMPATH\CodeIgniter.php(507): CodeIgniter\CodeIgniter->runController(Object(App\Controllers\Student\Enroll))
 9 SYSTEMPATH\CodeIgniter.php(354): CodeIgniter\CodeIgniter->handleRequest(null, Object(Config\Cache), false)
10 SYSTEMPATH\Boot.php(363): CodeIgniter\CodeIgniter->run()
11 SYSTEMPATH\Boot.php(68): CodeIgniter\Boot::runCodeIgniter(Object(CodeIgniter\CodeIgniter))
12 FCPATH\index.php(59): CodeIgniter\Boot::bootWeb(Object(Config\Paths))
DEBUG - 2025-10-09 16:44:27 --> Session: Class initialized using 'CodeIgniter\Session\Handlers\FileHandler' driver.
DEBUG - 2025-10-09 16:59:11 --> Session: Class initialized using 'CodeIgniter\Session\Handlers\FileHandler' driver.
DEBUG - 2025-10-09 17:00:36 --> Session: Class initialized using 'CodeIgniter\Session\Handlers\FileHandler' driver.
DEBUG - 2025-10-09 17:01:45 --> Session: Class initialized using 'CodeIgniter\Session\Handlers\FileHandler' driver.
DEBUG - 2025-10-09 17:01:52 --> Session: Class initialized using 'CodeIgniter\Session\Handlers\FileHandler' driver.
DEBUG - 2025-10-09 17:01:57 --> Session: Class initialized using 'CodeIgniter\Session\Handlers\FileHandler' driver.
DEBUG - 2025-10-09 17:04:38 --> Session: Class initialized using 'CodeIgniter\Session\Handlers\FileHandler' driver.
DEBUG - 2025-10-09 17:07:31 --> Session: Class initialized using 'CodeIgniter\Session\Handlers\FileHandler' driver.
DEBUG - 2025-10-09 17:08:58 --> Session: Class initialized using 'CodeIgniter\Session\Handlers\FileHandler' driver.
DEBUG - 2025-10-09 17:09:01 --> Session: Class initialized using 'CodeIgniter\Session\Handlers\FileHandler' driver.
DEBUG - 2025-10-09 17:26:15 --> Session: Class initialized using 'CodeIgniter\Session\Handlers\FileHandler' driver.
DEBUG - 2025-10-09 17:30:45 --> Session: Class initialized using 'CodeIgniter\Session\Handlers\FileHandler' driver.
DEBUG - 2025-10-09 17:30:51 --> Session: Class initialized using 'CodeIgniter\Session\Handlers\FileHandler' driver.
DEBUG - 2025-10-09 17:30:52 --> Session: Class initialized using 'CodeIgniter\Session\Handlers\FileHandler' driver.
DEBUG - 2025-10-09 17:30:55 --> Session: Class initialized using 'CodeIgniter\Session\Handlers\FileHandler' driver.
DEBUG - 2025-10-09 17:30:56 --> Session: Class initialized using 'CodeIgniter\Session\Handlers\FileHandler' driver.
DEBUG - 2025-10-09 17:33:04 --> Session: Class initialized using 'CodeIgniter\Session\Handlers\FileHandler' driver.
DEBUG - 2025-10-09 17:33:23 --> Session: Class initialized using 'CodeIgniter\Session\Handlers\FileHandler' driver.
DEBUG - 2025-10-09 17:33:30 --> Session: Class initialized using 'CodeIgniter\Session\Handlers\FileHandler' driver.
DEBUG - 2025-10-09 17:33:31 --> Session: Class initialized using 'CodeIgniter\Session\Handlers\FileHandler' driver.
DEBUG - 2025-10-09 17:34:52 --> Session: Class initialized using 'CodeIgniter\Session\Handlers\FileHandler' driver.
DEBUG - 2025-10-09 17:35:11 --> Session: Class initialized using 'CodeIgniter\Session\Handlers\FileHandler' driver.
DEBUG - 2025-10-09 17:37:10 --> Session: Class initialized using 'CodeIgniter\Session\Handlers\FileHandler' driver.
DEBUG - 2025-10-09 17:48:21 --> Session: Class initialized using 'CodeIgniter\Session\Handlers\FileHandler' driver.
DEBUG - 2025-10-09 17:50:26 --> Session: Class initialized using 'CodeIgniter\Session\Handlers\FileHandler' driver.
DEBUG - 2025-10-09 17:52:09 --> Session: Class initialized using 'CodeIgniter\Session\Handlers\FileHandler' driver.
DEBUG - 2025-10-09 17:52:12 --> Session: Class initialized using 'CodeIgniter\Session\Handlers\FileHandler' driver.
DEBUG - 2025-10-09 17:53:36 --> Session: Class initialized using 'CodeIgniter\Session\Handlers\FileHandler' driver.
DEBUG - 2025-10-09 17:53:39 --> Session: Class initialized using 'CodeIgniter\Session\Handlers\FileHandler' driver.
DEBUG - 2025-10-09 17:53:41 --> Session: Class initialized using 'CodeIgniter\Session\Handlers\FileHandler' driver.
DEBUG - 2025-10-09 17:53:43 --> Session: Class initialized using 'CodeIgniter\Session\Handlers\FileHandler' driver.
DEBUG - 2025-10-09 17:54:25 --> Session: Class initialized using 'CodeIgniter\Session\Handlers\FileHandler' driver.
DEBUG - 2025-10-09 18:15:27 --> Session: Class initialized using 'CodeIgniter\Session\Handlers\FileHandler' driver.
DEBUG - 2025-10-09 18:16:05 --> Session: Class initialized using 'CodeIgniter\Session\Handlers\FileHandler' driver.
DEBUG - 2025-10-09 18:16:07 --> Session: Class initialized using 'CodeIgniter\Session\Handlers\FileHandler' driver.
INFO - 2025-10-09 18:16:07 --> CSRF token verified.
CRITICAL - 2025-10-09 18:16:07 --> Error: Call to undefined function App\Controllers\Student\csrf_verify()
[Method: POST, Route: student/enroll]
in APPPATH\Controllers\Student\Enroll.php on line 106.
 1 SYSTEMPATH\CodeIgniter.php(933): App\Controllers\Student\Enroll->enroll()
 2 SYSTEMPATH\CodeIgniter.php(507): CodeIgniter\CodeIgniter->runController(Object(App\Controllers\Student\Enroll))
 3 SYSTEMPATH\CodeIgniter.php(354): CodeIgniter\CodeIgniter->handleRequest(null, Object(Config\Cache), false)
 4 SYSTEMPATH\Boot.php(363): CodeIgniter\CodeIgniter->run()
 5 SYSTEMPATH\Boot.php(68): CodeIgniter\Boot::runCodeIgniter(Object(CodeIgniter\CodeIgniter))
 6 FCPATH\index.php(59): CodeIgniter\Boot::bootWeb(Object(Config\Paths))
DEBUG - 2025-10-09 18:16:09 --> Session: Class initialized using 'CodeIgniter\Session\Handlers\FileHandler' driver.
DEBUG - 2025-10-09 18:17:01 --> Session: Class initialized using 'CodeIgniter\Session\Handlers\FileHandler' driver.
DEBUG - 2025-10-09 18:17:02 --> Session: Class initialized using 'CodeIgniter\Session\Handlers\FileHandler' driver.
INFO - 2025-10-09 18:17:02 --> CSRF token verified.
DEBUG - 2025-10-09 18:17:05 --> Session: Class initialized using 'CodeIgniter\Session\Handlers\FileHandler' driver.
CRITICAL - 2025-10-09 18:17:05 --> CodeIgniter\Security\Exceptions\SecurityException: The action you requested is not allowed.
[Method: POST, Route: student/enroll]
in SYSTEMPATH\Security\Security.php on line 262.
 1 SYSTEMPATH\Security\Security.php(262): CodeIgniter\Security\Exceptions\SecurityException::forDisallowedAction()
 2 SYSTEMPATH\Filters\CSRF.php(52): CodeIgniter\Security\Security->verify(Object(CodeIgniter\HTTP\IncomingRequest))
 3 SYSTEMPATH\Filters\Filters.php(241): CodeIgniter\Filters\CSRF->before(Object(CodeIgniter\HTTP\IncomingRequest), null)
 4 SYSTEMPATH\Filters\Filters.php(221): CodeIgniter\Filters\Filters->runBefore([...])
 5 SYSTEMPATH\CodeIgniter.php(479): CodeIgniter\Filters\Filters->run('student/enroll', 'before')
 6 SYSTEMPATH\CodeIgniter.php(354): CodeIgniter\CodeIgniter->handleRequest(null, Object(Config\Cache), false)
 7 SYSTEMPATH\Boot.php(363): CodeIgniter\CodeIgniter->run()
 8 SYSTEMPATH\Boot.php(68): CodeIgniter\Boot::runCodeIgniter(Object(CodeIgniter\CodeIgniter))
 9 FCPATH\index.php(59): CodeIgniter\Boot::bootWeb(Object(Config\Paths))
DEBUG - 2025-10-09 18:17:07 --> Session: Class initialized using 'CodeIgniter\Session\Handlers\FileHandler' driver.
CRITICAL - 2025-10-09 18:17:07 --> CodeIgniter\Security\Exceptions\SecurityException: The action you requested is not allowed.
[Method: POST, Route: student/enroll]
in SYSTEMPATH\Security\Security.php on line 262.
 1 SYSTEMPATH\Security\Security.php(262): CodeIgniter\Security\Exceptions\SecurityException::forDisallowedAction()
 2 SYSTEMPATH\Filters\CSRF.php(52): CodeIgniter\Security\Security->verify(Object(CodeIgniter\HTTP\IncomingRequest))
 3 SYSTEMPATH\Filters\Filters.php(241): CodeIgniter\Filters\CSRF->before(Object(CodeIgniter\HTTP\IncomingRequest), null)
 4 SYSTEMPATH\Filters\Filters.php(221): CodeIgniter\Filters\Filters->runBefore([...])
 5 SYSTEMPATH\CodeIgniter.php(479): CodeIgniter\Filters\Filters->run('student/enroll', 'before')
 6 SYSTEMPATH\CodeIgniter.php(354): CodeIgniter\CodeIgniter->handleRequest(null, Object(Config\Cache), false)
 7 SYSTEMPATH\Boot.php(363): CodeIgniter\CodeIgniter->run()
 8 SYSTEMPATH\Boot.php(68): CodeIgniter\Boot::runCodeIgniter(Object(CodeIgniter\CodeIgniter))
 9 FCPATH\index.php(59): CodeIgniter\Boot::bootWeb(Object(Config\Paths))
DEBUG - 2025-10-09 18:17:09 --> Session: Class initialized using 'CodeIgniter\Session\Handlers\FileHandler' driver.
CRITICAL - 2025-10-09 18:17:09 --> CodeIgniter\Security\Exceptions\SecurityException: The action you requested is not allowed.
[Method: POST, Route: student/enroll]
in SYSTEMPATH\Security\Security.php on line 262.
 1 SYSTEMPATH\Security\Security.php(262): CodeIgniter\Security\Exceptions\SecurityException::forDisallowedAction()
 2 SYSTEMPATH\Filters\CSRF.php(52): CodeIgniter\Security\Security->verify(Object(CodeIgniter\HTTP\IncomingRequest))
 3 SYSTEMPATH\Filters\Filters.php(241): CodeIgniter\Filters\CSRF->before(Object(CodeIgniter\HTTP\IncomingRequest), null)
 4 SYSTEMPATH\Filters\Filters.php(221): CodeIgniter\Filters\Filters->runBefore([...])
 5 SYSTEMPATH\CodeIgniter.php(479): CodeIgniter\Filters\Filters->run('student/enroll', 'before')
 6 SYSTEMPATH\CodeIgniter.php(354): CodeIgniter\CodeIgniter->handleRequest(null, Object(Config\Cache), false)
 7 SYSTEMPATH\Boot.php(363): CodeIgniter\CodeIgniter->run()
 8 SYSTEMPATH\Boot.php(68): CodeIgniter\Boot::runCodeIgniter(Object(CodeIgniter\CodeIgniter))
 9 FCPATH\index.php(59): CodeIgniter\Boot::bootWeb(Object(Config\Paths))
DEBUG - 2025-10-09 18:17:21 --> Session: Class initialized using 'CodeIgniter\Session\Handlers\FileHandler' driver.
DEBUG - 2025-10-09 18:17:22 --> Session: Class initialized using 'CodeIgniter\Session\Handlers\FileHandler' driver.
INFO - 2025-10-09 18:17:22 --> CSRF token verified.
DEBUG - 2025-10-09 18:18:29 --> Session: Class initialized using 'CodeIgniter\Session\Handlers\FileHandler' driver.
CRITICAL - 2025-10-09 18:18:29 --> CodeIgniter\Security\Exceptions\SecurityException: The action you requested is not allowed.
[Method: POST, Route: student/enroll]
in SYSTEMPATH\Security\Security.php on line 262.
 1 SYSTEMPATH\Security\Security.php(262): CodeIgniter\Security\Exceptions\SecurityException::forDisallowedAction()
 2 SYSTEMPATH\Filters\CSRF.php(52): CodeIgniter\Security\Security->verify(Object(CodeIgniter\HTTP\IncomingRequest))
 3 SYSTEMPATH\Filters\Filters.php(241): CodeIgniter\Filters\CSRF->before(Object(CodeIgniter\HTTP\IncomingRequest), null)
 4 SYSTEMPATH\Filters\Filters.php(221): CodeIgniter\Filters\Filters->runBefore([...])
 5 SYSTEMPATH\CodeIgniter.php(479): CodeIgniter\Filters\Filters->run('student/enroll', 'before')
 6 SYSTEMPATH\CodeIgniter.php(354): CodeIgniter\CodeIgniter->handleRequest(null, Object(Config\Cache), false)
 7 SYSTEMPATH\Boot.php(363): CodeIgniter\CodeIgniter->run()
 8 SYSTEMPATH\Boot.php(68): CodeIgniter\Boot::runCodeIgniter(Object(CodeIgniter\CodeIgniter))
 9 FCPATH\index.php(59): CodeIgniter\Boot::bootWeb(Object(Config\Paths))
DEBUG - 2025-10-09 18:18:33 --> Session: Class initialized using 'CodeIgniter\Session\Handlers\FileHandler' driver.
CRITICAL - 2025-10-09 18:18:33 --> CodeIgniter\Security\Exceptions\SecurityException: The action you requested is not allowed.
[Method: POST, Route: student/enroll]
in SYSTEMPATH\Security\Security.php on line 262.
 1 SYSTEMPATH\Security\Security.php(262): CodeIgniter\Security\Exceptions\SecurityException::forDisallowedAction()
 2 SYSTEMPATH\Filters\CSRF.php(52): CodeIgniter\Security\Security->verify(Object(CodeIgniter\HTTP\IncomingRequest))
 3 SYSTEMPATH\Filters\Filters.php(241): CodeIgniter\Filters\CSRF->before(Object(CodeIgniter\HTTP\IncomingRequest), null)
 4 SYSTEMPATH\Filters\Filters.php(221): CodeIgniter\Filters\Filters->runBefore([...])
 5 SYSTEMPATH\CodeIgniter.php(479): CodeIgniter\Filters\Filters->run('student/enroll', 'before')
 6 SYSTEMPATH\CodeIgniter.php(354): CodeIgniter\CodeIgniter->handleRequest(null, Object(Config\Cache), false)
 7 SYSTEMPATH\Boot.php(363): CodeIgniter\CodeIgniter->run()
 8 SYSTEMPATH\Boot.php(68): CodeIgniter\Boot::runCodeIgniter(Object(CodeIgniter\CodeIgniter))
 9 FCPATH\index.php(59): CodeIgniter\Boot::bootWeb(Object(Config\Paths))
DEBUG - 2025-10-09 18:18:34 --> Session: Class initialized using 'CodeIgniter\Session\Handlers\FileHandler' driver.
DEBUG - 2025-10-09 18:18:37 --> Session: Class initialized using 'CodeIgniter\Session\Handlers\FileHandler' driver.
INFO - 2025-10-09 18:18:37 --> CSRF token verified.
DEBUG - 2025-10-09 18:18:41 --> Session: Class initialized using 'CodeIgniter\Session\Handlers\FileHandler' driver.
DEBUG - 2025-10-09 18:18:44 --> Session: Class initialized using 'CodeIgniter\Session\Handlers\FileHandler' driver.
INFO - 2025-10-09 18:18:44 --> CSRF token verified.
DEBUG - 2025-10-09 18:19:14 --> Session: Class initialized using 'CodeIgniter\Session\Handlers\FileHandler' driver.
DEBUG - 2025-10-09 18:19:15 --> Session: Class initialized using 'CodeIgniter\Session\Handlers\FileHandler' driver.
INFO - 2025-10-09 18:19:15 --> CSRF token verified.
DEBUG - 2025-10-09 18:19:19 --> Session: Class initialized using 'CodeIgniter\Session\Handlers\FileHandler' driver.
DEBUG - 2025-10-09 18:19:20 --> Session: Class initialized using 'CodeIgniter\Session\Handlers\FileHandler' driver.
INFO - 2025-10-09 18:19:20 --> CSRF token verified.
DEBUG - 2025-10-09 18:20:29 --> Session: Class initialized using 'CodeIgniter\Session\Handlers\FileHandler' driver.
DEBUG - 2025-10-09 18:20:30 --> Session: Class initialized using 'CodeIgniter\Session\Handlers\FileHandler' driver.
INFO - 2025-10-09 18:20:30 --> CSRF token verified.
DEBUG - 2025-10-09 18:21:38 --> Session: Class initialized using 'CodeIgniter\Session\Handlers\FileHandler' driver.
CRITICAL - 2025-10-09 18:21:38 --> CodeIgniter\Security\Exceptions\SecurityException: The action you requested is not allowed.
[Method: POST, Route: student/enroll]
in SYSTEMPATH\Security\Security.php on line 262.
 1 SYSTEMPATH\Security\Security.php(262): CodeIgniter\Security\Exceptions\SecurityException::forDisallowedAction()
 2 SYSTEMPATH\Filters\CSRF.php(52): CodeIgniter\Security\Security->verify(Object(CodeIgniter\HTTP\IncomingRequest))
 3 SYSTEMPATH\Filters\Filters.php(241): CodeIgniter\Filters\CSRF->before(Object(CodeIgniter\HTTP\IncomingRequest), null)
 4 SYSTEMPATH\Filters\Filters.php(221): CodeIgniter\Filters\Filters->runBefore([...])
 5 SYSTEMPATH\CodeIgniter.php(479): CodeIgniter\Filters\Filters->run('student/enroll', 'before')
 6 SYSTEMPATH\CodeIgniter.php(354): CodeIgniter\CodeIgniter->handleRequest(null, Object(Config\Cache), false)
 7 SYSTEMPATH\Boot.php(363): CodeIgniter\CodeIgniter->run()
 8 SYSTEMPATH\Boot.php(68): CodeIgniter\Boot::runCodeIgniter(Object(CodeIgniter\CodeIgniter))
 9 FCPATH\index.php(59): CodeIgniter\Boot::bootWeb(Object(Config\Paths))
DEBUG - 2025-10-09 18:30:05 --> Session: Class initialized using 'CodeIgniter\Session\Handlers\FileHandler' driver.
DEBUG - 2025-10-09 18:30:06 --> Session: Class initialized using 'CodeIgniter\Session\Handlers\FileHandler' driver.
INFO - 2025-10-09 18:30:06 --> CSRF token verified.
DEBUG - 2025-10-09 18:34:26 --> Session: Class initialized using 'CodeIgniter\Session\Handlers\FileHandler' driver.
DEBUG - 2025-10-09 18:34:27 --> Session: Class initialized using 'CodeIgniter\Session\Handlers\FileHandler' driver.
INFO - 2025-10-09 18:34:27 --> CSRF token verified.
DEBUG - 2025-10-09 18:34:30 --> Session: Class initialized using 'CodeIgniter\Session\Handlers\FileHandler' driver.
DEBUG - 2025-10-09 18:34:33 --> Session: Class initialized using 'CodeIgniter\Session\Handlers\FileHandler' driver.
DEBUG - 2025-10-09 18:34:34 --> Session: Class initialized using 'CodeIgniter\Session\Handlers\FileHandler' driver.
INFO - 2025-10-09 18:34:34 --> CSRF token verified.
DEBUG - 2025-10-09 18:39:42 --> Session: Class initialized using 'CodeIgniter\Session\Handlers\FileHandler' driver.
CRITICAL - 2025-10-09 18:39:42 --> CodeIgniter\Security\Exceptions\SecurityException: The action you requested is not allowed.
[Method: POST, Route: student/enroll]
in SYSTEMPATH\Security\Security.php on line 262.
 1 SYSTEMPATH\Security\Security.php(262): CodeIgniter\Security\Exceptions\SecurityException::forDisallowedAction()
 2 SYSTEMPATH\Filters\CSRF.php(52): CodeIgniter\Security\Security->verify(Object(CodeIgniter\HTTP\IncomingRequest))
 3 SYSTEMPATH\Filters\Filters.php(241): CodeIgniter\Filters\CSRF->before(Object(CodeIgniter\HTTP\IncomingRequest), null)
 4 SYSTEMPATH\Filters\Filters.php(221): CodeIgniter\Filters\Filters->runBefore([...])
 5 SYSTEMPATH\CodeIgniter.php(479): CodeIgniter\Filters\Filters->run('student/enroll', 'before')
 6 SYSTEMPATH\CodeIgniter.php(354): CodeIgniter\CodeIgniter->handleRequest(null, Object(Config\Cache), false)
 7 SYSTEMPATH\Boot.php(363): CodeIgniter\CodeIgniter->run()
 8 SYSTEMPATH\Boot.php(68): CodeIgniter\Boot::runCodeIgniter(Object(CodeIgniter\CodeIgniter))
 9 FCPATH\index.php(59): CodeIgniter\Boot::bootWeb(Object(Config\Paths))
DEBUG - 2025-10-09 18:39:49 --> Session: Class initialized using 'CodeIgniter\Session\Handlers\FileHandler' driver.
CRITICAL - 2025-10-09 18:39:49 --> CodeIgniter\Security\Exceptions\SecurityException: The action you requested is not allowed.
[Method: POST, Route: student/enroll]
in SYSTEMPATH\Security\Security.php on line 262.
 1 SYSTEMPATH\Security\Security.php(262): CodeIgniter\Security\Exceptions\SecurityException::forDisallowedAction()
 2 SYSTEMPATH\Filters\CSRF.php(52): CodeIgniter\Security\Security->verify(Object(CodeIgniter\HTTP\IncomingRequest))
 3 SYSTEMPATH\Filters\Filters.php(241): CodeIgniter\Filters\CSRF->before(Object(CodeIgniter\HTTP\IncomingRequest), null)
 4 SYSTEMPATH\Filters\Filters.php(221): CodeIgniter\Filters\Filters->runBefore([...])
 5 SYSTEMPATH\CodeIgniter.php(479): CodeIgniter\Filters\Filters->run('student/enroll', 'before')
 6 SYSTEMPATH\CodeIgniter.php(354): CodeIgniter\CodeIgniter->handleRequest(null, Object(Config\Cache), false)
 7 SYSTEMPATH\Boot.php(363): CodeIgniter\CodeIgniter->run()
 8 SYSTEMPATH\Boot.php(68): CodeIgniter\Boot::runCodeIgniter(Object(CodeIgniter\CodeIgniter))
 9 FCPATH\index.php(59): CodeIgniter\Boot::bootWeb(Object(Config\Paths))
DEBUG - 2025-10-09 18:44:20 --> Session: Class initialized using 'CodeIgniter\Session\Handlers\FileHandler' driver.
CRITICAL - 2025-10-09 18:44:20 --> CodeIgniter\Security\Exceptions\SecurityException: The action you requested is not allowed.
[Method: POST, Route: student/enroll]
in SYSTEMPATH\Security\Security.php on line 262.
 1 SYSTEMPATH\Security\Security.php(262): CodeIgniter\Security\Exceptions\SecurityException::forDisallowedAction()
 2 SYSTEMPATH\Filters\CSRF.php(52): CodeIgniter\Security\Security->verify(Object(CodeIgniter\HTTP\IncomingRequest))
 3 SYSTEMPATH\Filters\Filters.php(241): CodeIgniter\Filters\CSRF->before(Object(CodeIgniter\HTTP\IncomingRequest), null)
 4 SYSTEMPATH\Filters\Filters.php(221): CodeIgniter\Filters\Filters->runBefore([...])
 5 SYSTEMPATH\CodeIgniter.php(479): CodeIgniter\Filters\Filters->run('student/enroll', 'before')
 6 SYSTEMPATH\CodeIgniter.php(354): CodeIgniter\CodeIgniter->handleRequest(null, Object(Config\Cache), false)
 7 SYSTEMPATH\Boot.php(363): CodeIgniter\CodeIgniter->run()
 8 SYSTEMPATH\Boot.php(68): CodeIgniter\Boot::runCodeIgniter(Object(CodeIgniter\CodeIgniter))
 9 FCPATH\index.php(59): CodeIgniter\Boot::bootWeb(Object(Config\Paths))
DEBUG - 2025-10-09 18:44:27 --> Session: Class initialized using 'CodeIgniter\Session\Handlers\FileHandler' driver.
DEBUG - 2025-10-09 18:44:28 --> Session: Class initialized using 'CodeIgniter\Session\Handlers\FileHandler' driver.
INFO - 2025-10-09 18:44:28 --> CSRF token verified.
DEBUG - 2025-10-09 18:44:30 --> Session: Class initialized using 'CodeIgniter\Session\Handlers\FileHandler' driver.
DEBUG - 2025-10-09 18:53:35 --> Session: Class initialized using 'CodeIgniter\Session\Handlers\FileHandler' driver.
DEBUG - 2025-10-09 18:53:37 --> Session: Class initialized using 'CodeIgniter\Session\Handlers\FileHandler' driver.
INFO - 2025-10-09 18:53:37 --> CSRF token verified.
DEBUG - 2025-10-09 18:53:37 --> === START ENROLLMENT REQUEST ===
DEBUG - 2025-10-09 18:53:37 --> POST data: Array
(
    [course_id] => 1
)

DEBUG - 2025-10-09 18:53:37 --> Headers: Array
(
    [Content-Type] => CodeIgniter\HTTP\Header Object
        (
            [name:protected] => Content-Type
            [value:protected] => application/x-www-form-urlencoded; charset=UTF-8
        )

    [Host] => CodeIgniter\HTTP\Header Object
        (
            [name:protected] => Host
            [value:protected] => localhost
        )

    [Connection] => CodeIgniter\HTTP\Header Object
        (
            [name:protected] => Connection
            [value:protected] => keep-alive
        )

    [Sec-Ch-Ua-Platform] => CodeIgniter\HTTP\Header Object
        (
            [name:protected] => Sec-Ch-Ua-Platform
            [value:protected] => "Windows"
        )

    [X-Requested-With] => CodeIgniter\HTTP\Header Object
        (
            [name:protected] => X-Requested-With
            [value:protected] => XMLHttpRequest
        )

    [User-Agent] => CodeIgniter\HTTP\Header Object
        (
            [name:protected] => User-Agent
            [value:protected] => Mozilla/5.0 (Windows NT 10.0; Win64; x64) AppleWebKit/537.36 (KHTML, like Gecko) Chrome/141.0.0.0 Safari/537.36
        )

    [Accept] => CodeIgniter\HTTP\Header Object
        (
            [name:protected] => Accept
            [value:protected] => application/json, text/javascript, */*; q=0.01
        )

    [Sec-Ch-Ua] => CodeIgniter\HTTP\Header Object
        (
            [name:protected] => Sec-Ch-Ua
            [value:protected] => "Google Chrome";v="141", "Not?A_Brand";v="8", "Chromium";v="141"
        )

    [Sec-Ch-Ua-Mobile] => CodeIgniter\HTTP\Header Object
        (
            [name:protected] => Sec-Ch-Ua-Mobile
            [value:protected] => ?0
        )

    [Origin] => CodeIgniter\HTTP\Header Object
        (
            [name:protected] => Origin
            [value:protected] => http://localhost
        )

    [Sec-Fetch-Site] => CodeIgniter\HTTP\Header Object
        (
            [name:protected] => Sec-Fetch-Site
            [value:protected] => same-origin
        )

    [Sec-Fetch-Mode] => CodeIgniter\HTTP\Header Object
        (
            [name:protected] => Sec-Fetch-Mode
            [value:protected] => cors
        )

    [Sec-Fetch-Dest] => CodeIgniter\HTTP\Header Object
        (
            [name:protected] => Sec-Fetch-Dest
            [value:protected] => empty
        )

    [Referer] => CodeIgniter\HTTP\Header Object
        (
            [name:protected] => Referer
            [value:protected] => http://localhost/ITE311-GOMEZ/dashboard
        )

    [Accept-Encoding] => CodeIgniter\HTTP\Header Object
        (
            [name:protected] => Accept-Encoding
            [value:protected] => gzip, deflate, br, zstd
        )

    [Accept-Language] => CodeIgniter\HTTP\Header Object
        (
            [name:protected] => Accept-Language
            [value:protected] => en-PH,en-US;q=0.9,en;q=0.8
        )

    [Cookie] => CodeIgniter\HTTP\Header Object
        (
            [name:protected] => Cookie
            [value:protected] => csrf_cookie_name=96e0c0285d832b12fc78a3baaa11df40; ci_session=3832070faac7bf7c9a0860d557bcc611
        )

)

DEBUG - 2025-10-09 18:53:37 --> User data: Array
(
    [id] => 2
    [name] => Jerald Maca
    [email] => JeraldMaca@gmail.com
    [role] => student
)

DEBUG - 2025-10-09 18:53:37 --> Processing enrollment for user ID: 2
ERROR - 2025-10-09 18:53:37 --> Invalid request method: POST
DEBUG - 2025-10-09 18:53:47 --> Session: Class initialized using 'CodeIgniter\Session\Handlers\FileHandler' driver.
CRITICAL - 2025-10-09 18:53:47 --> CodeIgniter\Security\Exceptions\SecurityException: The action you requested is not allowed.
[Method: POST, Route: course/enroll]
in SYSTEMPATH\Security\Security.php on line 262.
 1 SYSTEMPATH\Security\Security.php(262): CodeIgniter\Security\Exceptions\SecurityException::forDisallowedAction()
 2 SYSTEMPATH\Filters\CSRF.php(52): CodeIgniter\Security\Security->verify(Object(CodeIgniter\HTTP\IncomingRequest))
 3 SYSTEMPATH\Filters\Filters.php(241): CodeIgniter\Filters\CSRF->before(Object(CodeIgniter\HTTP\IncomingRequest), null)
 4 SYSTEMPATH\Filters\Filters.php(221): CodeIgniter\Filters\Filters->runBefore([...])
 5 SYSTEMPATH\CodeIgniter.php(479): CodeIgniter\Filters\Filters->run('course/enroll', 'before')
 6 SYSTEMPATH\CodeIgniter.php(354): CodeIgniter\CodeIgniter->handleRequest(null, Object(Config\Cache), false)
 7 SYSTEMPATH\Boot.php(363): CodeIgniter\CodeIgniter->run()
 8 SYSTEMPATH\Boot.php(68): CodeIgniter\Boot::runCodeIgniter(Object(CodeIgniter\CodeIgniter))
 9 FCPATH\index.php(59): CodeIgniter\Boot::bootWeb(Object(Config\Paths))
DEBUG - 2025-10-09 18:53:49 --> Session: Class initialized using 'CodeIgniter\Session\Handlers\FileHandler' driver.
DEBUG - 2025-10-09 18:53:50 --> Session: Class initialized using 'CodeIgniter\Session\Handlers\FileHandler' driver.
INFO - 2025-10-09 18:53:50 --> CSRF token verified.
DEBUG - 2025-10-09 18:53:50 --> === START ENROLLMENT REQUEST ===
DEBUG - 2025-10-09 18:53:50 --> POST data: Array
(
    [course_id] => 1
)

DEBUG - 2025-10-09 18:53:50 --> Headers: Array
(
    [Content-Type] => CodeIgniter\HTTP\Header Object
        (
            [name:protected] => Content-Type
            [value:protected] => application/x-www-form-urlencoded; charset=UTF-8
        )

    [Host] => CodeIgniter\HTTP\Header Object
        (
            [name:protected] => Host
            [value:protected] => localhost
        )

    [Connection] => CodeIgniter\HTTP\Header Object
        (
            [name:protected] => Connection
            [value:protected] => keep-alive
        )

    [Sec-Ch-Ua-Platform] => CodeIgniter\HTTP\Header Object
        (
            [name:protected] => Sec-Ch-Ua-Platform
            [value:protected] => "Windows"
        )

    [X-Requested-With] => CodeIgniter\HTTP\Header Object
        (
            [name:protected] => X-Requested-With
            [value:protected] => XMLHttpRequest
        )

    [User-Agent] => CodeIgniter\HTTP\Header Object
        (
            [name:protected] => User-Agent
            [value:protected] => Mozilla/5.0 (Windows NT 10.0; Win64; x64) AppleWebKit/537.36 (KHTML, like Gecko) Chrome/141.0.0.0 Safari/537.36
        )

    [Accept] => CodeIgniter\HTTP\Header Object
        (
            [name:protected] => Accept
            [value:protected] => application/json, text/javascript, */*; q=0.01
        )

    [Sec-Ch-Ua] => CodeIgniter\HTTP\Header Object
        (
            [name:protected] => Sec-Ch-Ua
            [value:protected] => "Google Chrome";v="141", "Not?A_Brand";v="8", "Chromium";v="141"
        )

    [Sec-Ch-Ua-Mobile] => CodeIgniter\HTTP\Header Object
        (
            [name:protected] => Sec-Ch-Ua-Mobile
            [value:protected] => ?0
        )

    [Origin] => CodeIgniter\HTTP\Header Object
        (
            [name:protected] => Origin
            [value:protected] => http://localhost
        )

    [Sec-Fetch-Site] => CodeIgniter\HTTP\Header Object
        (
            [name:protected] => Sec-Fetch-Site
            [value:protected] => same-origin
        )

    [Sec-Fetch-Mode] => CodeIgniter\HTTP\Header Object
        (
            [name:protected] => Sec-Fetch-Mode
            [value:protected] => cors
        )

    [Sec-Fetch-Dest] => CodeIgniter\HTTP\Header Object
        (
            [name:protected] => Sec-Fetch-Dest
            [value:protected] => empty
        )

    [Referer] => CodeIgniter\HTTP\Header Object
        (
            [name:protected] => Referer
            [value:protected] => http://localhost/ITE311-GOMEZ/student/courses
        )

    [Accept-Encoding] => CodeIgniter\HTTP\Header Object
        (
            [name:protected] => Accept-Encoding
            [value:protected] => gzip, deflate, br, zstd
        )

    [Accept-Language] => CodeIgniter\HTTP\Header Object
        (
            [name:protected] => Accept-Language
            [value:protected] => en-PH,en-US;q=0.9,en;q=0.8
        )

    [Cookie] => CodeIgniter\HTTP\Header Object
        (
            [name:protected] => Cookie
            [value:protected] => ci_session=3832070faac7bf7c9a0860d557bcc611; csrf_cookie_name=601c64ba6e0fc6326088c46f03d1f1d4
        )

)

DEBUG - 2025-10-09 18:53:50 --> User data: Array
(
    [id] => 2
    [name] => Jerald Maca
    [email] => JeraldMaca@gmail.com
    [role] => student
)

DEBUG - 2025-10-09 18:53:50 --> Processing enrollment for user ID: 2
ERROR - 2025-10-09 18:53:50 --> Invalid request method: POST
DEBUG - 2025-10-09 18:57:39 --> Session: Class initialized using 'CodeIgniter\Session\Handlers\FileHandler' driver.
CRITICAL - 2025-10-09 18:57:39 --> CodeIgniter\Security\Exceptions\SecurityException: The action you requested is not allowed.
[Method: POST, Route: course/enroll]
in SYSTEMPATH\Security\Security.php on line 262.
 1 SYSTEMPATH\Security\Security.php(262): CodeIgniter\Security\Exceptions\SecurityException::forDisallowedAction()
 2 SYSTEMPATH\Filters\CSRF.php(52): CodeIgniter\Security\Security->verify(Object(CodeIgniter\HTTP\IncomingRequest))
 3 SYSTEMPATH\Filters\Filters.php(241): CodeIgniter\Filters\CSRF->before(Object(CodeIgniter\HTTP\IncomingRequest), null)
 4 SYSTEMPATH\Filters\Filters.php(221): CodeIgniter\Filters\Filters->runBefore([...])
 5 SYSTEMPATH\CodeIgniter.php(479): CodeIgniter\Filters\Filters->run('course/enroll', 'before')
 6 SYSTEMPATH\CodeIgniter.php(354): CodeIgniter\CodeIgniter->handleRequest(null, Object(Config\Cache), false)
 7 SYSTEMPATH\Boot.php(363): CodeIgniter\CodeIgniter->run()
 8 SYSTEMPATH\Boot.php(68): CodeIgniter\Boot::runCodeIgniter(Object(CodeIgniter\CodeIgniter))
 9 FCPATH\index.php(59): CodeIgniter\Boot::bootWeb(Object(Config\Paths))
DEBUG - 2025-10-09 18:57:46 --> Session: Class initialized using 'CodeIgniter\Session\Handlers\FileHandler' driver.
DEBUG - 2025-10-09 18:57:48 --> Session: Class initialized using 'CodeIgniter\Session\Handlers\FileHandler' driver.
INFO - 2025-10-09 18:57:48 --> CSRF token verified.
DEBUG - 2025-10-09 18:57:48 --> === START ENROLLMENT REQUEST ===
DEBUG - 2025-10-09 18:57:48 --> POST data: Array
(
    [course_id] => 1
)

DEBUG - 2025-10-09 18:57:48 --> Headers: Array
(
    [Content-Type] => CodeIgniter\HTTP\Header Object
        (
            [name:protected] => Content-Type
            [value:protected] => application/x-www-form-urlencoded; charset=UTF-8
        )

    [Host] => CodeIgniter\HTTP\Header Object
        (
            [name:protected] => Host
            [value:protected] => localhost
        )

    [Connection] => CodeIgniter\HTTP\Header Object
        (
            [name:protected] => Connection
            [value:protected] => keep-alive
        )

    [Sec-Ch-Ua-Platform] => CodeIgniter\HTTP\Header Object
        (
            [name:protected] => Sec-Ch-Ua-Platform
            [value:protected] => "Windows"
        )

    [X-Requested-With] => CodeIgniter\HTTP\Header Object
        (
            [name:protected] => X-Requested-With
            [value:protected] => XMLHttpRequest
        )

    [User-Agent] => CodeIgniter\HTTP\Header Object
        (
            [name:protected] => User-Agent
            [value:protected] => Mozilla/5.0 (Windows NT 10.0; Win64; x64) AppleWebKit/537.36 (KHTML, like Gecko) Chrome/141.0.0.0 Safari/537.36
        )

    [Accept] => CodeIgniter\HTTP\Header Object
        (
            [name:protected] => Accept
            [value:protected] => application/json, text/javascript, */*; q=0.01
        )

    [Sec-Ch-Ua] => CodeIgniter\HTTP\Header Object
        (
            [name:protected] => Sec-Ch-Ua
            [value:protected] => "Google Chrome";v="141", "Not?A_Brand";v="8", "Chromium";v="141"
        )

    [Sec-Ch-Ua-Mobile] => CodeIgniter\HTTP\Header Object
        (
            [name:protected] => Sec-Ch-Ua-Mobile
            [value:protected] => ?0
        )

    [Origin] => CodeIgniter\HTTP\Header Object
        (
            [name:protected] => Origin
            [value:protected] => http://localhost
        )

    [Sec-Fetch-Site] => CodeIgniter\HTTP\Header Object
        (
            [name:protected] => Sec-Fetch-Site
            [value:protected] => same-origin
        )

    [Sec-Fetch-Mode] => CodeIgniter\HTTP\Header Object
        (
            [name:protected] => Sec-Fetch-Mode
            [value:protected] => cors
        )

    [Sec-Fetch-Dest] => CodeIgniter\HTTP\Header Object
        (
            [name:protected] => Sec-Fetch-Dest
            [value:protected] => empty
        )

    [Referer] => CodeIgniter\HTTP\Header Object
        (
            [name:protected] => Referer
            [value:protected] => http://localhost/ITE311-GOMEZ/dashboard
        )

    [Accept-Encoding] => CodeIgniter\HTTP\Header Object
        (
            [name:protected] => Accept-Encoding
            [value:protected] => gzip, deflate, br, zstd
        )

    [Accept-Language] => CodeIgniter\HTTP\Header Object
        (
            [name:protected] => Accept-Language
            [value:protected] => en-PH,en-US;q=0.9,en;q=0.8
        )

    [Cookie] => CodeIgniter\HTTP\Header Object
        (
            [name:protected] => Cookie
            [value:protected] => ci_session=3832070faac7bf7c9a0860d557bcc611; csrf_cookie_name=caf4722e3d011236e0aa485ce7904ea0
        )

)

DEBUG - 2025-10-09 18:57:48 --> User data: Array
(
    [id] => 2
    [name] => Jerald Maca
    [email] => JeraldMaca@gmail.com
    [role] => student
)

DEBUG - 2025-10-09 18:57:48 --> Processing enrollment for user ID: 2
ERROR - 2025-10-09 18:57:48 --> Invalid request method: POST
DEBUG - 2025-10-09 19:00:53 --> Session: Class initialized using 'CodeIgniter\Session\Handlers\FileHandler' driver.
DEBUG - 2025-10-09 19:12:28 --> Session: Class initialized using 'CodeIgniter\Session\Handlers\FileHandler' driver.
INFO - 2025-10-09 19:12:28 --> CSRF token verified.
DEBUG - 2025-10-09 19:12:28 --> === START ENROLLMENT REQUEST ===
DEBUG - 2025-10-09 19:12:28 --> POST data: Array
(
    [course_id] => 1
)

DEBUG - 2025-10-09 19:12:28 --> Headers: Array
(
    [Content-Type] => CodeIgniter\HTTP\Header Object
        (
            [name:protected] => Content-Type
            [value:protected] => application/x-www-form-urlencoded; charset=UTF-8
        )

    [Host] => CodeIgniter\HTTP\Header Object
        (
            [name:protected] => Host
            [value:protected] => localhost
        )

    [Connection] => CodeIgniter\HTTP\Header Object
        (
            [name:protected] => Connection
            [value:protected] => keep-alive
        )

    [Sec-Ch-Ua-Platform] => CodeIgniter\HTTP\Header Object
        (
            [name:protected] => Sec-Ch-Ua-Platform
            [value:protected] => "Windows"
        )

    [X-Requested-With] => CodeIgniter\HTTP\Header Object
        (
            [name:protected] => X-Requested-With
            [value:protected] => XMLHttpRequest
        )

    [User-Agent] => CodeIgniter\HTTP\Header Object
        (
            [name:protected] => User-Agent
            [value:protected] => Mozilla/5.0 (Windows NT 10.0; Win64; x64) AppleWebKit/537.36 (KHTML, like Gecko) Chrome/141.0.0.0 Safari/537.36
        )

    [Accept] => CodeIgniter\HTTP\Header Object
        (
            [name:protected] => Accept
            [value:protected] => application/json, text/javascript, */*; q=0.01
        )

    [Sec-Ch-Ua] => CodeIgniter\HTTP\Header Object
        (
            [name:protected] => Sec-Ch-Ua
            [value:protected] => "Google Chrome";v="141", "Not?A_Brand";v="8", "Chromium";v="141"
        )

    [Sec-Ch-Ua-Mobile] => CodeIgniter\HTTP\Header Object
        (
            [name:protected] => Sec-Ch-Ua-Mobile
            [value:protected] => ?0
        )

    [Origin] => CodeIgniter\HTTP\Header Object
        (
            [name:protected] => Origin
            [value:protected] => http://localhost
        )

    [Sec-Fetch-Site] => CodeIgniter\HTTP\Header Object
        (
            [name:protected] => Sec-Fetch-Site
            [value:protected] => same-origin
        )

    [Sec-Fetch-Mode] => CodeIgniter\HTTP\Header Object
        (
            [name:protected] => Sec-Fetch-Mode
            [value:protected] => cors
        )

    [Sec-Fetch-Dest] => CodeIgniter\HTTP\Header Object
        (
            [name:protected] => Sec-Fetch-Dest
            [value:protected] => empty
        )

    [Referer] => CodeIgniter\HTTP\Header Object
        (
            [name:protected] => Referer
            [value:protected] => http://localhost/ITE311-GOMEZ/dashboard
        )

    [Accept-Encoding] => CodeIgniter\HTTP\Header Object
        (
            [name:protected] => Accept-Encoding
            [value:protected] => gzip, deflate, br, zstd
        )

    [Accept-Language] => CodeIgniter\HTTP\Header Object
        (
            [name:protected] => Accept-Language
            [value:protected] => en-PH,en-US;q=0.9,en;q=0.8
        )

    [Cookie] => CodeIgniter\HTTP\Header Object
        (
            [name:protected] => Cookie
            [value:protected] => csrf_cookie_name=bff6d259e90c02737697e1a06c6f7a7c; ci_session=2dbd5b30d109f565d281989d79ffe05d
        )

)

DEBUG - 2025-10-09 19:12:28 --> User data: Array
(
    [id] => 2
    [name] => Jerald Maca
    [email] => JeraldMaca@gmail.com
    [role] => student
)

DEBUG - 2025-10-09 19:12:28 --> Processing enrollment for user ID: 2
ERROR - 2025-10-09 19:12:28 --> Invalid request method: POST
DEBUG - 2025-10-09 19:13:59 --> Session: Class initialized using 'CodeIgniter\Session\Handlers\FileHandler' driver.
DEBUG - 2025-10-09 19:14:00 --> Session: Class initialized using 'CodeIgniter\Session\Handlers\FileHandler' driver.
INFO - 2025-10-09 19:14:00 --> CSRF token verified.
DEBUG - 2025-10-09 19:14:00 --> === START ENROLLMENT REQUEST ===
DEBUG - 2025-10-09 19:14:00 --> POST data: Array
(
    [course_id] => 1
)

DEBUG - 2025-10-09 19:14:00 --> Headers: Array
(
    [Content-Type] => CodeIgniter\HTTP\Header Object
        (
            [name:protected] => Content-Type
            [value:protected] => application/x-www-form-urlencoded; charset=UTF-8
        )

    [Host] => CodeIgniter\HTTP\Header Object
        (
            [name:protected] => Host
            [value:protected] => localhost
        )

    [Connection] => CodeIgniter\HTTP\Header Object
        (
            [name:protected] => Connection
            [value:protected] => keep-alive
        )

    [Sec-Ch-Ua-Platform] => CodeIgniter\HTTP\Header Object
        (
            [name:protected] => Sec-Ch-Ua-Platform
            [value:protected] => "Windows"
        )

    [X-Requested-With] => CodeIgniter\HTTP\Header Object
        (
            [name:protected] => X-Requested-With
            [value:protected] => XMLHttpRequest
        )

    [User-Agent] => CodeIgniter\HTTP\Header Object
        (
            [name:protected] => User-Agent
            [value:protected] => Mozilla/5.0 (Windows NT 10.0; Win64; x64) AppleWebKit/537.36 (KHTML, like Gecko) Chrome/141.0.0.0 Safari/537.36
        )

    [Accept] => CodeIgniter\HTTP\Header Object
        (
            [name:protected] => Accept
            [value:protected] => application/json, text/javascript, */*; q=0.01
        )

    [Sec-Ch-Ua] => CodeIgniter\HTTP\Header Object
        (
            [name:protected] => Sec-Ch-Ua
            [value:protected] => "Google Chrome";v="141", "Not?A_Brand";v="8", "Chromium";v="141"
        )

    [Sec-Ch-Ua-Mobile] => CodeIgniter\HTTP\Header Object
        (
            [name:protected] => Sec-Ch-Ua-Mobile
            [value:protected] => ?0
        )

    [Origin] => CodeIgniter\HTTP\Header Object
        (
            [name:protected] => Origin
            [value:protected] => http://localhost
        )

    [Sec-Fetch-Site] => CodeIgniter\HTTP\Header Object
        (
            [name:protected] => Sec-Fetch-Site
            [value:protected] => same-origin
        )

    [Sec-Fetch-Mode] => CodeIgniter\HTTP\Header Object
        (
            [name:protected] => Sec-Fetch-Mode
            [value:protected] => cors
        )

    [Sec-Fetch-Dest] => CodeIgniter\HTTP\Header Object
        (
            [name:protected] => Sec-Fetch-Dest
            [value:protected] => empty
        )

    [Referer] => CodeIgniter\HTTP\Header Object
        (
            [name:protected] => Referer
            [value:protected] => http://localhost/ITE311-GOMEZ/student/courses
        )

    [Accept-Encoding] => CodeIgniter\HTTP\Header Object
        (
            [name:protected] => Accept-Encoding
            [value:protected] => gzip, deflate, br, zstd
        )

    [Accept-Language] => CodeIgniter\HTTP\Header Object
        (
            [name:protected] => Accept-Language
            [value:protected] => en-PH,en-US;q=0.9,en;q=0.8
        )

    [Cookie] => CodeIgniter\HTTP\Header Object
        (
            [name:protected] => Cookie
            [value:protected] => csrf_cookie_name=668c50d48db6d8276d188bc367276a63; ci_session=65e93f8f34593a30e47d02faa974985a
        )

)

DEBUG - 2025-10-09 19:14:00 --> User data: Array
(
    [id] => 2
    [name] => Jerald Maca
    [email] => JeraldMaca@gmail.com
    [role] => student
)

DEBUG - 2025-10-09 19:14:00 --> Processing enrollment for user ID: 2
ERROR - 2025-10-09 19:14:00 --> Invalid request method: POST
DEBUG - 2025-10-09 19:15:32 --> Session: Class initialized using 'CodeIgniter\Session\Handlers\FileHandler' driver.
DEBUG - 2025-10-09 19:15:46 --> Session: Class initialized using 'CodeIgniter\Session\Handlers\FileHandler' driver.
DEBUG - 2025-10-09 19:15:47 --> Session: Class initialized using 'CodeIgniter\Session\Handlers\FileHandler' driver.
INFO - 2025-10-09 19:15:47 --> CSRF token verified.
DEBUG - 2025-10-09 19:15:47 --> === START ENROLLMENT REQUEST ===
DEBUG - 2025-10-09 19:15:47 --> POST data: Array
(
    [course_id] => 1
)

DEBUG - 2025-10-09 19:15:47 --> Headers: Array
(
    [Content-Type] => CodeIgniter\HTTP\Header Object
        (
            [name:protected] => Content-Type
            [value:protected] => application/x-www-form-urlencoded; charset=UTF-8
        )

    [Host] => CodeIgniter\HTTP\Header Object
        (
            [name:protected] => Host
            [value:protected] => localhost
        )

    [Connection] => CodeIgniter\HTTP\Header Object
        (
            [name:protected] => Connection
            [value:protected] => keep-alive
        )

    [Sec-Ch-Ua-Platform] => CodeIgniter\HTTP\Header Object
        (
            [name:protected] => Sec-Ch-Ua-Platform
            [value:protected] => "Windows"
        )

    [X-Requested-With] => CodeIgniter\HTTP\Header Object
        (
            [name:protected] => X-Requested-With
            [value:protected] => XMLHttpRequest
        )

    [User-Agent] => CodeIgniter\HTTP\Header Object
        (
            [name:protected] => User-Agent
            [value:protected] => Mozilla/5.0 (Windows NT 10.0; Win64; x64) AppleWebKit/537.36 (KHTML, like Gecko) Chrome/141.0.0.0 Safari/537.36
        )

    [Accept] => CodeIgniter\HTTP\Header Object
        (
            [name:protected] => Accept
            [value:protected] => application/json, text/javascript, */*; q=0.01
        )

    [Sec-Ch-Ua] => CodeIgniter\HTTP\Header Object
        (
            [name:protected] => Sec-Ch-Ua
            [value:protected] => "Google Chrome";v="141", "Not?A_Brand";v="8", "Chromium";v="141"
        )

    [Sec-Ch-Ua-Mobile] => CodeIgniter\HTTP\Header Object
        (
            [name:protected] => Sec-Ch-Ua-Mobile
            [value:protected] => ?0
        )

    [Origin] => CodeIgniter\HTTP\Header Object
        (
            [name:protected] => Origin
            [value:protected] => http://localhost
        )

    [Sec-Fetch-Site] => CodeIgniter\HTTP\Header Object
        (
            [name:protected] => Sec-Fetch-Site
            [value:protected] => same-origin
        )

    [Sec-Fetch-Mode] => CodeIgniter\HTTP\Header Object
        (
            [name:protected] => Sec-Fetch-Mode
            [value:protected] => cors
        )

    [Sec-Fetch-Dest] => CodeIgniter\HTTP\Header Object
        (
            [name:protected] => Sec-Fetch-Dest
            [value:protected] => empty
        )

    [Referer] => CodeIgniter\HTTP\Header Object
        (
            [name:protected] => Referer
            [value:protected] => http://localhost/ITE311-GOMEZ/student/courses
        )

    [Accept-Encoding] => CodeIgniter\HTTP\Header Object
        (
            [name:protected] => Accept-Encoding
            [value:protected] => gzip, deflate, br, zstd
        )

    [Accept-Language] => CodeIgniter\HTTP\Header Object
        (
            [name:protected] => Accept-Language
            [value:protected] => en-PH,en-US;q=0.9,en;q=0.8
        )

    [Cookie] => CodeIgniter\HTTP\Header Object
        (
            [name:protected] => Cookie
            [value:protected] => ci_session=65e93f8f34593a30e47d02faa974985a; csrf_cookie_name=07473816f2c79cece2dcb0be91a2b0f9
        )

)

DEBUG - 2025-10-09 19:15:47 --> User data: Array
(
    [id] => 2
    [name] => Jerald Maca
    [email] => JeraldMaca@gmail.com
    [role] => student
)

DEBUG - 2025-10-09 19:15:47 --> Processing enrollment for user ID: 2
ERROR - 2025-10-09 19:15:47 --> Invalid request method: POST
DEBUG - 2025-10-09 19:19:58 --> Session: Class initialized using 'CodeIgniter\Session\Handlers\FileHandler' driver.
DEBUG - 2025-10-09 19:19:59 --> Session: Class initialized using 'CodeIgniter\Session\Handlers\FileHandler' driver.
INFO - 2025-10-09 19:19:59 --> CSRF token verified.
DEBUG - 2025-10-09 19:19:59 --> === START ENROLLMENT REQUEST ===
DEBUG - 2025-10-09 19:19:59 --> POST data: Array
(
    [course_id] => 1
)

DEBUG - 2025-10-09 19:19:59 --> Headers: Array
(
    [Content-Type] => CodeIgniter\HTTP\Header Object
        (
            [name:protected] => Content-Type
            [value:protected] => application/x-www-form-urlencoded; charset=UTF-8
        )

    [Host] => CodeIgniter\HTTP\Header Object
        (
            [name:protected] => Host
            [value:protected] => localhost
        )

    [Connection] => CodeIgniter\HTTP\Header Object
        (
            [name:protected] => Connection
            [value:protected] => keep-alive
        )

    [Sec-Ch-Ua-Platform] => CodeIgniter\HTTP\Header Object
        (
            [name:protected] => Sec-Ch-Ua-Platform
            [value:protected] => "Windows"
        )

    [X-Requested-With] => CodeIgniter\HTTP\Header Object
        (
            [name:protected] => X-Requested-With
            [value:protected] => XMLHttpRequest
        )

    [User-Agent] => CodeIgniter\HTTP\Header Object
        (
            [name:protected] => User-Agent
            [value:protected] => Mozilla/5.0 (Windows NT 10.0; Win64; x64) AppleWebKit/537.36 (KHTML, like Gecko) Chrome/141.0.0.0 Safari/537.36
        )

    [Accept] => CodeIgniter\HTTP\Header Object
        (
            [name:protected] => Accept
            [value:protected] => application/json, text/javascript, */*; q=0.01
        )

    [Sec-Ch-Ua] => CodeIgniter\HTTP\Header Object
        (
            [name:protected] => Sec-Ch-Ua
            [value:protected] => "Google Chrome";v="141", "Not?A_Brand";v="8", "Chromium";v="141"
        )

    [Sec-Ch-Ua-Mobile] => CodeIgniter\HTTP\Header Object
        (
            [name:protected] => Sec-Ch-Ua-Mobile
            [value:protected] => ?0
        )

    [Origin] => CodeIgniter\HTTP\Header Object
        (
            [name:protected] => Origin
            [value:protected] => http://localhost
        )

    [Sec-Fetch-Site] => CodeIgniter\HTTP\Header Object
        (
            [name:protected] => Sec-Fetch-Site
            [value:protected] => same-origin
        )

    [Sec-Fetch-Mode] => CodeIgniter\HTTP\Header Object
        (
            [name:protected] => Sec-Fetch-Mode
            [value:protected] => cors
        )

    [Sec-Fetch-Dest] => CodeIgniter\HTTP\Header Object
        (
            [name:protected] => Sec-Fetch-Dest
            [value:protected] => empty
        )

    [Referer] => CodeIgniter\HTTP\Header Object
        (
            [name:protected] => Referer
            [value:protected] => http://localhost/ITE311-GOMEZ/student/courses
        )

    [Accept-Encoding] => CodeIgniter\HTTP\Header Object
        (
            [name:protected] => Accept-Encoding
            [value:protected] => gzip, deflate, br, zstd
        )

    [Accept-Language] => CodeIgniter\HTTP\Header Object
        (
            [name:protected] => Accept-Language
            [value:protected] => en-PH,en-US;q=0.9,en;q=0.8
        )

    [Cookie] => CodeIgniter\HTTP\Header Object
        (
            [name:protected] => Cookie
            [value:protected] => csrf_cookie_name=ec47cb3bd62dd4937cf3d469b6aa7988; ci_session=42647f0a20ec5d7cf0391aa3b7c385e1
        )

)

DEBUG - 2025-10-09 19:19:59 --> User data: Array
(
    [id] => 2
    [name] => Jerald Maca
    [email] => JeraldMaca@gmail.com
    [role] => student
)

DEBUG - 2025-10-09 19:19:59 --> Processing enrollment for user ID: 2
ERROR - 2025-10-09 19:19:59 --> Invalid request method: POST
