DEBUG - 2025-10-25 12:19:36 --> Session: Class initialized using 'CodeIgniter\Session\Handlers\FileHandler' driver.
DEBUG - 2025-10-25 12:27:15 --> Session: Class initialized using 'CodeIgniter\Session\Handlers\FileHandler' driver.
DEBUG - 2025-10-25 12:27:22 --> Session: Class initialized using 'CodeIgniter\Session\Handlers\FileHandler' driver.
DEBUG - 2025-10-25 12:27:23 --> Session: Class initialized using 'CodeIgniter\Session\Handlers\FileHandler' driver.
DEBUG - 2025-10-25 12:27:23 --> Enrolled Course IDs: Array
(
    [0] => 1
    [1] => 4
)

DEBUG - 2025-10-25 12:27:23 --> Enrollments query: SELECT `courses`.`id`, `courses`.`course`, `courses`.`description`, `courses`.`teacher_id`, `courses`.`created_at`, `courses`.`updated_at`, `users`.`name` as `teacher_name`, `enrollments`.`enrolled_at`
FROM `enrollments`
JOIN `courses` ON `courses`.`id` = `enrollments`.`course_id`
LEFT JOIN `users` ON `users`.`id` = `courses`.`teacher_id`
WHERE `enrollments`.`student_id` = 2
ORDER BY `enrollments`.`enrolled_at` DESC
DEBUG - 2025-10-25 12:27:23 --> Enrollments data: Array
(
    [0] => Array
        (
            [id] => 4
            [course] => WEB SYSTEM AND TECHNOLOGIES
            [description] => ITE311
            [teacher_id] => 3
            [created_at] => 2025-10-24 12:59:24
            [updated_at] => 2025-10-24 12:59:24
            [teacher_name] => Jim Jamero
            [enrolled_at] => 2025-10-24 12:59:40
        )

    [1] => Array
        (
            [id] => 1
            [course] => Introduction to Programming
            [description] => Learn the basics of programming with hands-on exercises and projects.
            [teacher_id] => 3
            [created_at] => 2025-10-24 12:44:44
            [updated_at] => 
            [teacher_name] => Jim Jamero
            [enrolled_at] => 2025-10-24 12:48:33
        )

)

DEBUG - 2025-10-25 12:27:23 --> Available Courses: Array
(
    [0] => Array
        (
            [id] => 2
            [course] => Web Development Fundamentals
            [description] => Build modern websites using HTML, CSS, and JavaScript.
            [teacher_id] => 3
            [created_at] => 2025-10-24 12:44:44
            [updated_at] => 
            [teacher_name] => Jim Jamero
        )

    [1] => Array
        (
            [id] => 3
            [course] => Database Design
            [description] => Learn how to design and implement relational databases.
            [teacher_id] => 3
            [created_at] => 2025-10-24 12:44:44
            [updated_at] => 
            [teacher_name] => Jim Jamero
        )

)

DEBUG - 2025-10-25 12:27:23 --> Enrolled Courses: Array
(
    [0] => Array
        (
            [id] => 4
            [course] => WEB SYSTEM AND TECHNOLOGIES
            [description] => ITE311
            [teacher_id] => 3
            [created_at] => 2025-10-24 12:59:24
            [updated_at] => 2025-10-24 12:59:24
            [teacher_name] => Jim Jamero
            [enrolled_at] => 2025-10-24 12:59:40
        )

    [1] => Array
        (
            [id] => 1
            [course] => Introduction to Programming
            [description] => Learn the basics of programming with hands-on exercises and projects.
            [teacher_id] => 3
            [created_at] => 2025-10-24 12:44:44
            [updated_at] => 
            [teacher_name] => Jim Jamero
            [enrolled_at] => 2025-10-24 12:48:33
        )

)

DEBUG - 2025-10-25 12:27:25 --> Session: Class initialized using 'CodeIgniter\Session\Handlers\FileHandler' driver.
DEBUG - 2025-10-25 12:27:57 --> Session: Class initialized using 'CodeIgniter\Session\Handlers\FileHandler' driver.
INFO - 2025-10-25 12:27:57 --> CSRF token verified.
DEBUG - 2025-10-25 12:27:57 --> === START ENROLLMENT REQUEST ===
DEBUG - 2025-10-25 12:27:57 --> POST data: Array
(
    [course_id] => 3
)

DEBUG - 2025-10-25 12:27:57 --> Headers: Array
(
    [Content-Type] => CodeIgniter\HTTP\Header Object
        (
            [name:protected] => Content-Type
            [value:protected] => multipart/form-data; boundary=----WebKitFormBoundarypAMBPJGQfoeJ8VBP
        )

    [Host] => CodeIgniter\HTTP\Header Object
        (
            [name:protected] => Host
            [value:protected] => localhost
        )

    [Connection] => CodeIgniter\HTTP\Header Object
        (
            [name:protected] => Connection
            [value:protected] => keep-alive
        )

    [Sec-Ch-Ua-Platform] => CodeIgniter\HTTP\Header Object
        (
            [name:protected] => Sec-Ch-Ua-Platform
            [value:protected] => "Windows"
        )

    [X-Csrf-Token] => CodeIgniter\HTTP\Header Object
        (
            [name:protected] => X-Csrf-Token
            [value:protected] => 2719ea652379e3391408a799d61dcdcd
        )

    [X-Csrf-Name] => CodeIgniter\HTTP\Header Object
        (
            [name:protected] => X-Csrf-Name
            [value:protected] => csrf_test_name
        )

    [Sec-Ch-Ua] => CodeIgniter\HTTP\Header Object
        (
            [name:protected] => Sec-Ch-Ua
            [value:protected] => "Google Chrome";v="141", "Not?A_Brand";v="8", "Chromium";v="141"
        )

    [Sec-Ch-Ua-Mobile] => CodeIgniter\HTTP\Header Object
        (
            [name:protected] => Sec-Ch-Ua-Mobile
            [value:protected] => ?0
        )

    [X-Requested-With] => CodeIgniter\HTTP\Header Object
        (
            [name:protected] => X-Requested-With
            [value:protected] => XMLHttpRequest
        )

    [User-Agent] => CodeIgniter\HTTP\Header Object
        (
            [name:protected] => User-Agent
            [value:protected] => Mozilla/5.0 (Windows NT 10.0; Win64; x64) AppleWebKit/537.36 (KHTML, like Gecko) Chrome/141.0.0.0 Safari/537.36
        )

    [Accept] => CodeIgniter\HTTP\Header Object
        (
            [name:protected] => Accept
            [value:protected] => application/json, text/javascript, */*; q=0.01
        )

    [Origin] => CodeIgniter\HTTP\Header Object
        (
            [name:protected] => Origin
            [value:protected] => http://localhost
        )

    [Sec-Fetch-Site] => CodeIgniter\HTTP\Header Object
        (
            [name:protected] => Sec-Fetch-Site
            [value:protected] => same-origin
        )

    [Sec-Fetch-Mode] => CodeIgniter\HTTP\Header Object
        (
            [name:protected] => Sec-Fetch-Mode
            [value:protected] => cors
        )

    [Sec-Fetch-Dest] => CodeIgniter\HTTP\Header Object
        (
            [name:protected] => Sec-Fetch-Dest
            [value:protected] => empty
        )

    [Referer] => CodeIgniter\HTTP\Header Object
        (
            [name:protected] => Referer
            [value:protected] => http://localhost/ITE311-GOMEZ/dashboard
        )

    [Accept-Encoding] => CodeIgniter\HTTP\Header Object
        (
            [name:protected] => Accept-Encoding
            [value:protected] => gzip, deflate, br, zstd
        )

    [Accept-Language] => CodeIgniter\HTTP\Header Object
        (
            [name:protected] => Accept-Language
            [value:protected] => en-PH,en-US;q=0.9,en;q=0.8
        )

    [Cookie] => CodeIgniter\HTTP\Header Object
        (
            [name:protected] => Cookie
            [value:protected] => debug-bar-state=minimized; ci_session=6c77c83b4da0500763c94679358a6275; csrf_cookie_name=2719ea652379e3391408a799d61dcdcd
        )

)

DEBUG - 2025-10-25 12:27:57 --> User data: Array
(
    [id] => 2
    [name] => Jerald Maca
    [email] => JeraldMaca@gmail.com
    [role] => student
)

DEBUG - 2025-10-25 12:27:57 --> Processing enrollment for user ID: 2
DEBUG - 2025-10-25 12:27:57 --> Enroll endpoint method: POST
DEBUG - 2025-10-25 12:27:57 --> Attempting enrollment - User ID: 2, Course ID: 3
DEBUG - 2025-10-25 12:27:57 --> Database connection established
DEBUG - 2025-10-25 12:27:57 --> Course query result: Array
(
    [id] => 3
    [course] => Database Design
    [description] => Learn how to design and implement relational databases.
)

DEBUG - 2025-10-25 12:27:57 --> EnrollmentModel initialized
DEBUG - 2025-10-25 12:27:57 --> Is already enrolled: No
DEBUG - 2025-10-25 12:27:57 --> Attempting to enroll user with data: Array
(
    [student_id] => 2
    [course_id] => 3
    [enrolled_at] => 2025-10-25 12:27:57
)

DEBUG - 2025-10-25 12:27:57 --> Direct DB insert result - Insert ID: 3
DEBUG - 2025-10-25 12:27:57 --> DB Error: 
DEBUG - 2025-10-25 12:27:57 --> === END ENROLLMENT REQUEST ===
DEBUG - 2025-10-25 12:27:57 --> Enrollment successful - ID: 3, User: 2, Course: 3
DEBUG - 2025-10-25 12:27:57 --> Notification created for user 2: You have been enrolled in Database Design
DEBUG - 2025-10-25 12:27:57 --> Sending success response: {"success":true,"message":"Enrolled successfully.","course":{"id":"3","course":"Database Design","description":"Learn how to design and implement relational databases.","enrolled_at":"2025-10-25 12:27:57"},"debug":{"insert_id":3,"timestamp":"2025-10-25 12:27:57"},"csrf":{"token":"csrf_test_name","hash":"3db8b3e0c699a2fac6b49f7c1632a494"}}
DEBUG - 2025-10-25 12:28:02 --> Session: Class initialized using 'CodeIgniter\Session\Handlers\FileHandler' driver.
CRITICAL - 2025-10-25 12:28:02 --> CodeIgniter\Security\Exceptions\SecurityException: The action you requested is not allowed.
[Method: POST, Route: student/enroll]
in SYSTEMPATH\Security\Security.php on line 262.
 1 SYSTEMPATH\Security\Security.php(262): CodeIgniter\Security\Exceptions\SecurityException::forDisallowedAction()
 2 SYSTEMPATH\Filters\CSRF.php(52): CodeIgniter\Security\Security->verify(Object(CodeIgniter\HTTP\IncomingRequest))
 3 SYSTEMPATH\Filters\Filters.php(241): CodeIgniter\Filters\CSRF->before(Object(CodeIgniter\HTTP\IncomingRequest), null)
 4 SYSTEMPATH\Filters\Filters.php(221): CodeIgniter\Filters\Filters->runBefore([...])
 5 SYSTEMPATH\CodeIgniter.php(479): CodeIgniter\Filters\Filters->run('student/enroll', 'before')
 6 SYSTEMPATH\CodeIgniter.php(354): CodeIgniter\CodeIgniter->handleRequest(null, Object(Config\Cache), false)
 7 SYSTEMPATH\Boot.php(363): CodeIgniter\CodeIgniter->run()
 8 SYSTEMPATH\Boot.php(68): CodeIgniter\Boot::runCodeIgniter(Object(CodeIgniter\CodeIgniter))
 9 FCPATH\index.php(59): CodeIgniter\Boot::bootWeb(Object(Config\Paths))
DEBUG - 2025-10-25 12:28:03 --> Session: Class initialized using 'CodeIgniter\Session\Handlers\FileHandler' driver.
CRITICAL - 2025-10-25 12:28:03 --> CodeIgniter\Security\Exceptions\SecurityException: The action you requested is not allowed.
[Method: POST, Route: student/enroll]
in SYSTEMPATH\Security\Security.php on line 262.
 1 SYSTEMPATH\Security\Security.php(262): CodeIgniter\Security\Exceptions\SecurityException::forDisallowedAction()
 2 SYSTEMPATH\Filters\CSRF.php(52): CodeIgniter\Security\Security->verify(Object(CodeIgniter\HTTP\IncomingRequest))
 3 SYSTEMPATH\Filters\Filters.php(241): CodeIgniter\Filters\CSRF->before(Object(CodeIgniter\HTTP\IncomingRequest), null)
 4 SYSTEMPATH\Filters\Filters.php(221): CodeIgniter\Filters\Filters->runBefore([...])
 5 SYSTEMPATH\CodeIgniter.php(479): CodeIgniter\Filters\Filters->run('student/enroll', 'before')
 6 SYSTEMPATH\CodeIgniter.php(354): CodeIgniter\CodeIgniter->handleRequest(null, Object(Config\Cache), false)
 7 SYSTEMPATH\Boot.php(363): CodeIgniter\CodeIgniter->run()
 8 SYSTEMPATH\Boot.php(68): CodeIgniter\Boot::runCodeIgniter(Object(CodeIgniter\CodeIgniter))
 9 FCPATH\index.php(59): CodeIgniter\Boot::bootWeb(Object(Config\Paths))
DEBUG - 2025-10-25 12:28:08 --> Session: Class initialized using 'CodeIgniter\Session\Handlers\FileHandler' driver.
DEBUG - 2025-10-25 12:28:08 --> Enrollments query: SELECT `courses`.`id`, `courses`.`course`, `courses`.`description`, `courses`.`teacher_id`, `courses`.`created_at`, `courses`.`updated_at`, `users`.`name` as `teacher_name`, `enrollments`.`enrolled_at`
FROM `enrollments`
JOIN `courses` ON `courses`.`id` = `enrollments`.`course_id`
LEFT JOIN `users` ON `users`.`id` = `courses`.`teacher_id`
WHERE `enrollments`.`student_id` = 2
ORDER BY `enrollments`.`enrolled_at` DESC
DEBUG - 2025-10-25 12:28:08 --> Enrollments data: Array
(
    [0] => Array
        (
            [id] => 3
            [course] => Database Design
            [description] => Learn how to design and implement relational databases.
            [teacher_id] => 3
            [created_at] => 2025-10-24 12:44:44
            [updated_at] => 
            [teacher_name] => Jim Jamero
            [enrolled_at] => 2025-10-25 12:27:57
        )

    [1] => Array
        (
            [id] => 4
            [course] => WEB SYSTEM AND TECHNOLOGIES
            [description] => ITE311
            [teacher_id] => 3
            [created_at] => 2025-10-24 12:59:24
            [updated_at] => 2025-10-24 12:59:24
            [teacher_name] => Jim Jamero
            [enrolled_at] => 2025-10-24 12:59:40
        )

    [2] => Array
        (
            [id] => 1
            [course] => Introduction to Programming
            [description] => Learn the basics of programming with hands-on exercises and projects.
            [teacher_id] => 3
            [created_at] => 2025-10-24 12:44:44
            [updated_at] => 
            [teacher_name] => Jim Jamero
            [enrolled_at] => 2025-10-24 12:48:33
        )

)

DEBUG - 2025-10-25 12:28:09 --> Session: Class initialized using 'CodeIgniter\Session\Handlers\FileHandler' driver.
DEBUG - 2025-10-25 12:28:35 --> Session: Class initialized using 'CodeIgniter\Session\Handlers\FileHandler' driver.
DEBUG - 2025-10-25 12:28:35 --> Enrollments query: SELECT `courses`.`id`, `courses`.`course`, `courses`.`description`, `courses`.`teacher_id`, `courses`.`created_at`, `courses`.`updated_at`, `users`.`name` as `teacher_name`, `enrollments`.`enrolled_at`
FROM `enrollments`
JOIN `courses` ON `courses`.`id` = `enrollments`.`course_id`
LEFT JOIN `users` ON `users`.`id` = `courses`.`teacher_id`
WHERE `enrollments`.`student_id` = 2
ORDER BY `enrollments`.`enrolled_at` DESC
DEBUG - 2025-10-25 12:28:35 --> Enrollments data: Array
(
    [0] => Array
        (
            [id] => 3
            [course] => Database Design
            [description] => Learn how to design and implement relational databases.
            [teacher_id] => 3
            [created_at] => 2025-10-24 12:44:44
            [updated_at] => 
            [teacher_name] => Jim Jamero
            [enrolled_at] => 2025-10-25 12:27:57
        )

    [1] => Array
        (
            [id] => 4
            [course] => WEB SYSTEM AND TECHNOLOGIES
            [description] => ITE311
            [teacher_id] => 3
            [created_at] => 2025-10-24 12:59:24
            [updated_at] => 2025-10-24 12:59:24
            [teacher_name] => Jim Jamero
            [enrolled_at] => 2025-10-24 12:59:40
        )

    [2] => Array
        (
            [id] => 1
            [course] => Introduction to Programming
            [description] => Learn the basics of programming with hands-on exercises and projects.
            [teacher_id] => 3
            [created_at] => 2025-10-24 12:44:44
            [updated_at] => 
            [teacher_name] => Jim Jamero
            [enrolled_at] => 2025-10-24 12:48:33
        )

)

DEBUG - 2025-10-25 12:28:36 --> Session: Class initialized using 'CodeIgniter\Session\Handlers\FileHandler' driver.
DEBUG - 2025-10-25 12:28:50 --> Session: Class initialized using 'CodeIgniter\Session\Handlers\FileHandler' driver.
DEBUG - 2025-10-25 12:28:50 --> Enrolled Course IDs: Array
(
    [0] => 1
    [1] => 4
    [2] => 3
)

DEBUG - 2025-10-25 12:28:50 --> Enrollments query: SELECT `courses`.`id`, `courses`.`course`, `courses`.`description`, `courses`.`teacher_id`, `courses`.`created_at`, `courses`.`updated_at`, `users`.`name` as `teacher_name`, `enrollments`.`enrolled_at`
FROM `enrollments`
JOIN `courses` ON `courses`.`id` = `enrollments`.`course_id`
LEFT JOIN `users` ON `users`.`id` = `courses`.`teacher_id`
WHERE `enrollments`.`student_id` = 2
ORDER BY `enrollments`.`enrolled_at` DESC
DEBUG - 2025-10-25 12:28:50 --> Enrollments data: Array
(
    [0] => Array
        (
            [id] => 3
            [course] => Database Design
            [description] => Learn how to design and implement relational databases.
            [teacher_id] => 3
            [created_at] => 2025-10-24 12:44:44
            [updated_at] => 
            [teacher_name] => Jim Jamero
            [enrolled_at] => 2025-10-25 12:27:57
        )

    [1] => Array
        (
            [id] => 4
            [course] => WEB SYSTEM AND TECHNOLOGIES
            [description] => ITE311
            [teacher_id] => 3
            [created_at] => 2025-10-24 12:59:24
            [updated_at] => 2025-10-24 12:59:24
            [teacher_name] => Jim Jamero
            [enrolled_at] => 2025-10-24 12:59:40
        )

    [2] => Array
        (
            [id] => 1
            [course] => Introduction to Programming
            [description] => Learn the basics of programming with hands-on exercises and projects.
            [teacher_id] => 3
            [created_at] => 2025-10-24 12:44:44
            [updated_at] => 
            [teacher_name] => Jim Jamero
            [enrolled_at] => 2025-10-24 12:48:33
        )

)

DEBUG - 2025-10-25 12:28:50 --> Available Courses: Array
(
    [0] => Array
        (
            [id] => 2
            [course] => Web Development Fundamentals
            [description] => Build modern websites using HTML, CSS, and JavaScript.
            [teacher_id] => 3
            [created_at] => 2025-10-24 12:44:44
            [updated_at] => 
            [teacher_name] => Jim Jamero
        )

)

DEBUG - 2025-10-25 12:28:50 --> Enrolled Courses: Array
(
    [0] => Array
        (
            [id] => 3
            [course] => Database Design
            [description] => Learn how to design and implement relational databases.
            [teacher_id] => 3
            [created_at] => 2025-10-24 12:44:44
            [updated_at] => 
            [teacher_name] => Jim Jamero
            [enrolled_at] => 2025-10-25 12:27:57
        )

    [1] => Array
        (
            [id] => 4
            [course] => WEB SYSTEM AND TECHNOLOGIES
            [description] => ITE311
            [teacher_id] => 3
            [created_at] => 2025-10-24 12:59:24
            [updated_at] => 2025-10-24 12:59:24
            [teacher_name] => Jim Jamero
            [enrolled_at] => 2025-10-24 12:59:40
        )

    [2] => Array
        (
            [id] => 1
            [course] => Introduction to Programming
            [description] => Learn the basics of programming with hands-on exercises and projects.
            [teacher_id] => 3
            [created_at] => 2025-10-24 12:44:44
            [updated_at] => 
            [teacher_name] => Jim Jamero
            [enrolled_at] => 2025-10-24 12:48:33
        )

)

DEBUG - 2025-10-25 12:28:50 --> Session: Class initialized using 'CodeIgniter\Session\Handlers\FileHandler' driver.
DEBUG - 2025-10-25 12:29:51 --> Session: Class initialized using 'CodeIgniter\Session\Handlers\FileHandler' driver.
DEBUG - 2025-10-25 12:30:51 --> Session: Class initialized using 'CodeIgniter\Session\Handlers\FileHandler' driver.
DEBUG - 2025-10-25 12:31:50 --> Session: Class initialized using 'CodeIgniter\Session\Handlers\FileHandler' driver.
DEBUG - 2025-10-25 12:31:54 --> Session: Class initialized using 'CodeIgniter\Session\Handlers\FileHandler' driver.
DEBUG - 2025-10-25 12:31:57 --> Session: Class initialized using 'CodeIgniter\Session\Handlers\FileHandler' driver.
DEBUG - 2025-10-25 12:32:02 --> Session: Class initialized using 'CodeIgniter\Session\Handlers\FileHandler' driver.
DEBUG - 2025-10-25 12:32:03 --> Session: Class initialized using 'CodeIgniter\Session\Handlers\FileHandler' driver.
DEBUG - 2025-10-25 12:32:04 --> Session: Class initialized using 'CodeIgniter\Session\Handlers\FileHandler' driver.
DEBUG - 2025-10-25 12:32:04 --> Session: Class initialized using 'CodeIgniter\Session\Handlers\FileHandler' driver.
DEBUG - 2025-10-25 12:32:04 --> Session: Class initialized using 'CodeIgniter\Session\Handlers\FileHandler' driver.
DEBUG - 2025-10-25 12:32:04 --> Session: Class initialized using 'CodeIgniter\Session\Handlers\FileHandler' driver.
DEBUG - 2025-10-25 12:32:04 --> Session: Class initialized using 'CodeIgniter\Session\Handlers\FileHandler' driver.
DEBUG - 2025-10-25 12:32:05 --> Session: Class initialized using 'CodeIgniter\Session\Handlers\FileHandler' driver.
DEBUG - 2025-10-25 12:32:10 --> Session: Class initialized using 'CodeIgniter\Session\Handlers\FileHandler' driver.
DEBUG - 2025-10-25 12:32:10 --> Enrolled Course IDs: Array
(
    [0] => 1
    [1] => 4
    [2] => 3
)

DEBUG - 2025-10-25 12:32:10 --> Enrollments query: SELECT `courses`.`id`, `courses`.`course`, `courses`.`description`, `courses`.`teacher_id`, `courses`.`created_at`, `courses`.`updated_at`, `users`.`name` as `teacher_name`, `enrollments`.`enrolled_at`
FROM `enrollments`
JOIN `courses` ON `courses`.`id` = `enrollments`.`course_id`
LEFT JOIN `users` ON `users`.`id` = `courses`.`teacher_id`
WHERE `enrollments`.`student_id` = 2
ORDER BY `enrollments`.`enrolled_at` DESC
DEBUG - 2025-10-25 12:32:10 --> Enrollments data: Array
(
    [0] => Array
        (
            [id] => 3
            [course] => Database Design
            [description] => Learn how to design and implement relational databases.
            [teacher_id] => 3
            [created_at] => 2025-10-24 12:44:44
            [updated_at] => 
            [teacher_name] => Jim Jamero
            [enrolled_at] => 2025-10-25 12:27:57
        )

    [1] => Array
        (
            [id] => 4
            [course] => WEB SYSTEM AND TECHNOLOGIES
            [description] => ITE311
            [teacher_id] => 3
            [created_at] => 2025-10-24 12:59:24
            [updated_at] => 2025-10-24 12:59:24
            [teacher_name] => Jim Jamero
            [enrolled_at] => 2025-10-24 12:59:40
        )

    [2] => Array
        (
            [id] => 1
            [course] => Introduction to Programming
            [description] => Learn the basics of programming with hands-on exercises and projects.
            [teacher_id] => 3
            [created_at] => 2025-10-24 12:44:44
            [updated_at] => 
            [teacher_name] => Jim Jamero
            [enrolled_at] => 2025-10-24 12:48:33
        )

)

DEBUG - 2025-10-25 12:32:10 --> Available Courses: Array
(
    [0] => Array
        (
            [id] => 2
            [course] => Web Development Fundamentals
            [description] => Build modern websites using HTML, CSS, and JavaScript.
            [teacher_id] => 3
            [created_at] => 2025-10-24 12:44:44
            [updated_at] => 
            [teacher_name] => Jim Jamero
        )

)

DEBUG - 2025-10-25 12:32:10 --> Enrolled Courses: Array
(
    [0] => Array
        (
            [id] => 3
            [course] => Database Design
            [description] => Learn how to design and implement relational databases.
            [teacher_id] => 3
            [created_at] => 2025-10-24 12:44:44
            [updated_at] => 
            [teacher_name] => Jim Jamero
            [enrolled_at] => 2025-10-25 12:27:57
        )

    [1] => Array
        (
            [id] => 4
            [course] => WEB SYSTEM AND TECHNOLOGIES
            [description] => ITE311
            [teacher_id] => 3
            [created_at] => 2025-10-24 12:59:24
            [updated_at] => 2025-10-24 12:59:24
            [teacher_name] => Jim Jamero
            [enrolled_at] => 2025-10-24 12:59:40
        )

    [2] => Array
        (
            [id] => 1
            [course] => Introduction to Programming
            [description] => Learn the basics of programming with hands-on exercises and projects.
            [teacher_id] => 3
            [created_at] => 2025-10-24 12:44:44
            [updated_at] => 
            [teacher_name] => Jim Jamero
            [enrolled_at] => 2025-10-24 12:48:33
        )

)

DEBUG - 2025-10-25 12:32:10 --> Session: Class initialized using 'CodeIgniter\Session\Handlers\FileHandler' driver.
DEBUG - 2025-10-25 12:33:11 --> Session: Class initialized using 'CodeIgniter\Session\Handlers\FileHandler' driver.
DEBUG - 2025-10-25 12:33:41 --> Session: Class initialized using 'CodeIgniter\Session\Handlers\FileHandler' driver.
DEBUG - 2025-10-25 12:33:41 --> Session: Class initialized using 'CodeIgniter\Session\Handlers\FileHandler' driver.
DEBUG - 2025-10-25 12:33:50 --> Session: Class initialized using 'CodeIgniter\Session\Handlers\FileHandler' driver.
DEBUG - 2025-10-25 12:33:51 --> Session: Class initialized using 'CodeIgniter\Session\Handlers\FileHandler' driver.
DEBUG - 2025-10-25 12:33:51 --> Session: Class initialized using 'CodeIgniter\Session\Handlers\FileHandler' driver.
DEBUG - 2025-10-25 12:33:54 --> Session: Class initialized using 'CodeIgniter\Session\Handlers\FileHandler' driver.
DEBUG - 2025-10-25 12:33:54 --> Session: Class initialized using 'CodeIgniter\Session\Handlers\FileHandler' driver.
DEBUG - 2025-10-25 12:33:55 --> Session: Class initialized using 'CodeIgniter\Session\Handlers\FileHandler' driver.
DEBUG - 2025-10-25 12:33:56 --> Session: Class initialized using 'CodeIgniter\Session\Handlers\FileHandler' driver.
DEBUG - 2025-10-25 12:34:19 --> Session: Class initialized using 'CodeIgniter\Session\Handlers\FileHandler' driver.
INFO - 2025-10-25 12:34:19 --> CSRF token verified.
DEBUG - 2025-10-25 12:34:19 --> Form data: Array
(
    [course] => INTEGRATIVE PROGRAMMING AND TECHNOLOGIES
    [description] => IPT101
    [teacher_id] => 3
)

DEBUG - 2025-10-25 12:34:19 --> Session: Class initialized using 'CodeIgniter\Session\Handlers\FileHandler' driver.
DEBUG - 2025-10-25 12:34:20 --> Session: Class initialized using 'CodeIgniter\Session\Handlers\FileHandler' driver.
DEBUG - 2025-10-25 12:34:25 --> Session: Class initialized using 'CodeIgniter\Session\Handlers\FileHandler' driver.
DEBUG - 2025-10-25 12:34:25 --> Session: Class initialized using 'CodeIgniter\Session\Handlers\FileHandler' driver.
DEBUG - 2025-10-25 12:34:26 --> Session: Class initialized using 'CodeIgniter\Session\Handlers\FileHandler' driver.
DEBUG - 2025-10-25 12:34:27 --> Session: Class initialized using 'CodeIgniter\Session\Handlers\FileHandler' driver.
DEBUG - 2025-10-25 12:34:53 --> Session: Class initialized using 'CodeIgniter\Session\Handlers\FileHandler' driver.
INFO - 2025-10-25 12:34:53 --> CSRF token verified.
DEBUG - 2025-10-25 12:34:53 --> Form data: Array
(
    [course] => FUNDAMENTALS OF DATABASE
    [description] => PD221
    [teacher_id] => 3
)

DEBUG - 2025-10-25 12:34:54 --> Session: Class initialized using 'CodeIgniter\Session\Handlers\FileHandler' driver.
DEBUG - 2025-10-25 12:34:54 --> Session: Class initialized using 'CodeIgniter\Session\Handlers\FileHandler' driver.
DEBUG - 2025-10-25 12:34:58 --> Session: Class initialized using 'CodeIgniter\Session\Handlers\FileHandler' driver.
DEBUG - 2025-10-25 12:34:58 --> Session: Class initialized using 'CodeIgniter\Session\Handlers\FileHandler' driver.
DEBUG - 2025-10-25 12:35:07 --> Session: Class initialized using 'CodeIgniter\Session\Handlers\FileHandler' driver.
DEBUG - 2025-10-25 12:35:08 --> Session: Class initialized using 'CodeIgniter\Session\Handlers\FileHandler' driver.
DEBUG - 2025-10-25 12:35:08 --> Enrolled Course IDs: Array
(
    [0] => 1
    [1] => 4
    [2] => 3
)

DEBUG - 2025-10-25 12:35:08 --> Enrollments query: SELECT `courses`.`id`, `courses`.`course`, `courses`.`description`, `courses`.`teacher_id`, `courses`.`created_at`, `courses`.`updated_at`, `users`.`name` as `teacher_name`, `enrollments`.`enrolled_at`
FROM `enrollments`
JOIN `courses` ON `courses`.`id` = `enrollments`.`course_id`
LEFT JOIN `users` ON `users`.`id` = `courses`.`teacher_id`
WHERE `enrollments`.`student_id` = 2
ORDER BY `enrollments`.`enrolled_at` DESC
DEBUG - 2025-10-25 12:35:08 --> Enrollments data: Array
(
    [0] => Array
        (
            [id] => 3
            [course] => Database Design
            [description] => Learn how to design and implement relational databases.
            [teacher_id] => 3
            [created_at] => 2025-10-24 12:44:44
            [updated_at] => 
            [teacher_name] => Jim Jamero
            [enrolled_at] => 2025-10-25 12:27:57
        )

    [1] => Array
        (
            [id] => 4
            [course] => WEB SYSTEM AND TECHNOLOGIES
            [description] => ITE311
            [teacher_id] => 3
            [created_at] => 2025-10-24 12:59:24
            [updated_at] => 2025-10-24 12:59:24
            [teacher_name] => Jim Jamero
            [enrolled_at] => 2025-10-24 12:59:40
        )

    [2] => Array
        (
            [id] => 1
            [course] => Introduction to Programming
            [description] => Learn the basics of programming with hands-on exercises and projects.
            [teacher_id] => 3
            [created_at] => 2025-10-24 12:44:44
            [updated_at] => 
            [teacher_name] => Jim Jamero
            [enrolled_at] => 2025-10-24 12:48:33
        )

)

DEBUG - 2025-10-25 12:35:08 --> Available Courses: Array
(
    [0] => Array
        (
            [id] => 2
            [course] => Web Development Fundamentals
            [description] => Build modern websites using HTML, CSS, and JavaScript.
            [teacher_id] => 3
            [created_at] => 2025-10-24 12:44:44
            [updated_at] => 
            [teacher_name] => Jim Jamero
        )

    [1] => Array
        (
            [id] => 5
            [course] => INTEGRATIVE PROGRAMMING AND TECHNOLOGIES
            [description] => IPT101
            [teacher_id] => 3
            [created_at] => 2025-10-25 12:34:19
            [updated_at] => 2025-10-25 12:34:19
            [teacher_name] => Jim Jamero
        )

    [2] => Array
        (
            [id] => 6
            [course] => FUNDAMENTALS OF DATABASE
            [description] => PD221
            [teacher_id] => 3
            [created_at] => 2025-10-25 12:34:53
            [updated_at] => 2025-10-25 12:34:53
            [teacher_name] => Jim Jamero
        )

)

DEBUG - 2025-10-25 12:35:08 --> Enrolled Courses: Array
(
    [0] => Array
        (
            [id] => 3
            [course] => Database Design
            [description] => Learn how to design and implement relational databases.
            [teacher_id] => 3
            [created_at] => 2025-10-24 12:44:44
            [updated_at] => 
            [teacher_name] => Jim Jamero
            [enrolled_at] => 2025-10-25 12:27:57
        )

    [1] => Array
        (
            [id] => 4
            [course] => WEB SYSTEM AND TECHNOLOGIES
            [description] => ITE311
            [teacher_id] => 3
            [created_at] => 2025-10-24 12:59:24
            [updated_at] => 2025-10-24 12:59:24
            [teacher_name] => Jim Jamero
            [enrolled_at] => 2025-10-24 12:59:40
        )

    [2] => Array
        (
            [id] => 1
            [course] => Introduction to Programming
            [description] => Learn the basics of programming with hands-on exercises and projects.
            [teacher_id] => 3
            [created_at] => 2025-10-24 12:44:44
            [updated_at] => 
            [teacher_name] => Jim Jamero
            [enrolled_at] => 2025-10-24 12:48:33
        )

)

DEBUG - 2025-10-25 12:35:08 --> Session: Class initialized using 'CodeIgniter\Session\Handlers\FileHandler' driver.
DEBUG - 2025-10-25 12:36:08 --> Session: Class initialized using 'CodeIgniter\Session\Handlers\FileHandler' driver.
DEBUG - 2025-10-25 12:36:34 --> Session: Class initialized using 'CodeIgniter\Session\Handlers\FileHandler' driver.
DEBUG - 2025-10-25 12:36:34 --> Enrolled Course IDs: Array
(
    [0] => 1
    [1] => 4
    [2] => 3
)

DEBUG - 2025-10-25 12:36:34 --> Enrollments query: SELECT `courses`.`id`, `courses`.`course`, `courses`.`description`, `courses`.`teacher_id`, `courses`.`created_at`, `courses`.`updated_at`, `users`.`name` as `teacher_name`, `enrollments`.`enrolled_at`
FROM `enrollments`
JOIN `courses` ON `courses`.`id` = `enrollments`.`course_id`
LEFT JOIN `users` ON `users`.`id` = `courses`.`teacher_id`
WHERE `enrollments`.`student_id` = 2
ORDER BY `enrollments`.`enrolled_at` DESC
DEBUG - 2025-10-25 12:36:34 --> Enrollments data: Array
(
    [0] => Array
        (
            [id] => 3
            [course] => Database Design
            [description] => Learn how to design and implement relational databases.
            [teacher_id] => 3
            [created_at] => 2025-10-24 12:44:44
            [updated_at] => 
            [teacher_name] => Jim Jamero
            [enrolled_at] => 2025-10-25 12:27:57
        )

    [1] => Array
        (
            [id] => 4
            [course] => WEB SYSTEM AND TECHNOLOGIES
            [description] => ITE311
            [teacher_id] => 3
            [created_at] => 2025-10-24 12:59:24
            [updated_at] => 2025-10-24 12:59:24
            [teacher_name] => Jim Jamero
            [enrolled_at] => 2025-10-24 12:59:40
        )

    [2] => Array
        (
            [id] => 1
            [course] => Introduction to Programming
            [description] => Learn the basics of programming with hands-on exercises and projects.
            [teacher_id] => 3
            [created_at] => 2025-10-24 12:44:44
            [updated_at] => 
            [teacher_name] => Jim Jamero
            [enrolled_at] => 2025-10-24 12:48:33
        )

)

DEBUG - 2025-10-25 12:36:34 --> Available Courses: Array
(
    [0] => Array
        (
            [id] => 2
            [course] => Web Development Fundamentals
            [description] => Build modern websites using HTML, CSS, and JavaScript.
            [teacher_id] => 3
            [created_at] => 2025-10-24 12:44:44
            [updated_at] => 
            [teacher_name] => Jim Jamero
        )

    [1] => Array
        (
            [id] => 5
            [course] => INTEGRATIVE PROGRAMMING AND TECHNOLOGIES
            [description] => IPT101
            [teacher_id] => 3
            [created_at] => 2025-10-25 12:34:19
            [updated_at] => 2025-10-25 12:34:19
            [teacher_name] => Jim Jamero
        )

    [2] => Array
        (
            [id] => 6
            [course] => FUNDAMENTALS OF DATABASE
            [description] => PD221
            [teacher_id] => 3
            [created_at] => 2025-10-25 12:34:53
            [updated_at] => 2025-10-25 12:34:53
            [teacher_name] => Jim Jamero
        )

)

DEBUG - 2025-10-25 12:36:34 --> Enrolled Courses: Array
(
    [0] => Array
        (
            [id] => 3
            [course] => Database Design
            [description] => Learn how to design and implement relational databases.
            [teacher_id] => 3
            [created_at] => 2025-10-24 12:44:44
            [updated_at] => 
            [teacher_name] => Jim Jamero
            [enrolled_at] => 2025-10-25 12:27:57
        )

    [1] => Array
        (
            [id] => 4
            [course] => WEB SYSTEM AND TECHNOLOGIES
            [description] => ITE311
            [teacher_id] => 3
            [created_at] => 2025-10-24 12:59:24
            [updated_at] => 2025-10-24 12:59:24
            [teacher_name] => Jim Jamero
            [enrolled_at] => 2025-10-24 12:59:40
        )

    [2] => Array
        (
            [id] => 1
            [course] => Introduction to Programming
            [description] => Learn the basics of programming with hands-on exercises and projects.
            [teacher_id] => 3
            [created_at] => 2025-10-24 12:44:44
            [updated_at] => 
            [teacher_name] => Jim Jamero
            [enrolled_at] => 2025-10-24 12:48:33
        )

)

DEBUG - 2025-10-25 12:36:35 --> Session: Class initialized using 'CodeIgniter\Session\Handlers\FileHandler' driver.
DEBUG - 2025-10-25 12:36:46 --> Session: Class initialized using 'CodeIgniter\Session\Handlers\FileHandler' driver.
INFO - 2025-10-25 12:36:46 --> CSRF token verified.
DEBUG - 2025-10-25 12:36:47 --> === START ENROLLMENT REQUEST ===
DEBUG - 2025-10-25 12:36:47 --> POST data: Array
(
    [course_id] => 2
)

DEBUG - 2025-10-25 12:36:47 --> Headers: Array
(
    [Content-Type] => CodeIgniter\HTTP\Header Object
        (
            [name:protected] => Content-Type
            [value:protected] => multipart/form-data; boundary=----WebKitFormBoundaryGaF6lxi856FMqr0a
        )

    [Host] => CodeIgniter\HTTP\Header Object
        (
            [name:protected] => Host
            [value:protected] => localhost
        )

    [Connection] => CodeIgniter\HTTP\Header Object
        (
            [name:protected] => Connection
            [value:protected] => keep-alive
        )

    [Sec-Ch-Ua-Platform] => CodeIgniter\HTTP\Header Object
        (
            [name:protected] => Sec-Ch-Ua-Platform
            [value:protected] => "Windows"
        )

    [X-Csrf-Token] => CodeIgniter\HTTP\Header Object
        (
            [name:protected] => X-Csrf-Token
            [value:protected] => 3db8b3e0c699a2fac6b49f7c1632a494
        )

    [X-Csrf-Name] => CodeIgniter\HTTP\Header Object
        (
            [name:protected] => X-Csrf-Name
            [value:protected] => csrf_test_name
        )

    [Sec-Ch-Ua] => CodeIgniter\HTTP\Header Object
        (
            [name:protected] => Sec-Ch-Ua
            [value:protected] => "Google Chrome";v="141", "Not?A_Brand";v="8", "Chromium";v="141"
        )

    [Sec-Ch-Ua-Mobile] => CodeIgniter\HTTP\Header Object
        (
            [name:protected] => Sec-Ch-Ua-Mobile
            [value:protected] => ?0
        )

    [X-Requested-With] => CodeIgniter\HTTP\Header Object
        (
            [name:protected] => X-Requested-With
            [value:protected] => XMLHttpRequest
        )

    [User-Agent] => CodeIgniter\HTTP\Header Object
        (
            [name:protected] => User-Agent
            [value:protected] => Mozilla/5.0 (Windows NT 10.0; Win64; x64) AppleWebKit/537.36 (KHTML, like Gecko) Chrome/141.0.0.0 Safari/537.36
        )

    [Accept] => CodeIgniter\HTTP\Header Object
        (
            [name:protected] => Accept
            [value:protected] => application/json, text/javascript, */*; q=0.01
        )

    [Origin] => CodeIgniter\HTTP\Header Object
        (
            [name:protected] => Origin
            [value:protected] => http://localhost
        )

    [Sec-Fetch-Site] => CodeIgniter\HTTP\Header Object
        (
            [name:protected] => Sec-Fetch-Site
            [value:protected] => same-origin
        )

    [Sec-Fetch-Mode] => CodeIgniter\HTTP\Header Object
        (
            [name:protected] => Sec-Fetch-Mode
            [value:protected] => cors
        )

    [Sec-Fetch-Dest] => CodeIgniter\HTTP\Header Object
        (
            [name:protected] => Sec-Fetch-Dest
            [value:protected] => empty
        )

    [Referer] => CodeIgniter\HTTP\Header Object
        (
            [name:protected] => Referer
            [value:protected] => http://localhost/ITE311-GOMEZ/dashboard
        )

    [Accept-Encoding] => CodeIgniter\HTTP\Header Object
        (
            [name:protected] => Accept-Encoding
            [value:protected] => gzip, deflate, br, zstd
        )

    [Accept-Language] => CodeIgniter\HTTP\Header Object
        (
            [name:protected] => Accept-Language
            [value:protected] => en-PH,en-US;q=0.9,en;q=0.8
        )

    [Cookie] => CodeIgniter\HTTP\Header Object
        (
            [name:protected] => Cookie
            [value:protected] => debug-bar-state=minimized; csrf_cookie_name=3db8b3e0c699a2fac6b49f7c1632a494; ci_session=55bd97dde66c3e7a7f0ac9ddc2e7a23f
        )

)

DEBUG - 2025-10-25 12:36:47 --> User data: Array
(
    [id] => 2
    [name] => Jerald Maca
    [email] => JeraldMaca@gmail.com
    [role] => student
)

DEBUG - 2025-10-25 12:36:47 --> Processing enrollment for user ID: 2
DEBUG - 2025-10-25 12:36:47 --> Enroll endpoint method: POST
DEBUG - 2025-10-25 12:36:47 --> Attempting enrollment - User ID: 2, Course ID: 2
DEBUG - 2025-10-25 12:36:47 --> Database connection established
DEBUG - 2025-10-25 12:36:47 --> Course query result: Array
(
    [id] => 2
    [course] => Web Development Fundamentals
    [description] => Build modern websites using HTML, CSS, and JavaScript.
)

DEBUG - 2025-10-25 12:36:47 --> EnrollmentModel initialized
DEBUG - 2025-10-25 12:36:47 --> Is already enrolled: No
DEBUG - 2025-10-25 12:36:47 --> Attempting to enroll user with data: Array
(
    [student_id] => 2
    [course_id] => 2
    [enrolled_at] => 2025-10-25 12:36:47
)

DEBUG - 2025-10-25 12:36:47 --> Direct DB insert result - Insert ID: 4
DEBUG - 2025-10-25 12:36:47 --> DB Error: 
DEBUG - 2025-10-25 12:36:47 --> === END ENROLLMENT REQUEST ===
DEBUG - 2025-10-25 12:36:47 --> Enrollment successful - ID: 4, User: 2, Course: 2
DEBUG - 2025-10-25 12:36:47 --> Notification created for user 2: You have been enrolled in Web Development Fundamentals
DEBUG - 2025-10-25 12:36:47 --> Sending success response: {"success":true,"message":"Enrolled successfully.","course":{"id":"2","course":"Web Development Fundamentals","description":"Build modern websites using HTML, CSS, and JavaScript.","enrolled_at":"2025-10-25 12:36:47"},"debug":{"insert_id":4,"timestamp":"2025-10-25 12:36:47"},"csrf":{"token":"csrf_test_name","hash":"ca73e7974df94165a811e0e32294971e"}}
DEBUG - 2025-10-25 12:36:48 --> Session: Class initialized using 'CodeIgniter\Session\Handlers\FileHandler' driver.
CRITICAL - 2025-10-25 12:36:48 --> CodeIgniter\Security\Exceptions\SecurityException: The action you requested is not allowed.
[Method: POST, Route: student/enroll]
in SYSTEMPATH\Security\Security.php on line 262.
 1 SYSTEMPATH\Security\Security.php(262): CodeIgniter\Security\Exceptions\SecurityException::forDisallowedAction()
 2 SYSTEMPATH\Filters\CSRF.php(52): CodeIgniter\Security\Security->verify(Object(CodeIgniter\HTTP\IncomingRequest))
 3 SYSTEMPATH\Filters\Filters.php(241): CodeIgniter\Filters\CSRF->before(Object(CodeIgniter\HTTP\IncomingRequest), null)
 4 SYSTEMPATH\Filters\Filters.php(221): CodeIgniter\Filters\Filters->runBefore([...])
 5 SYSTEMPATH\CodeIgniter.php(479): CodeIgniter\Filters\Filters->run('student/enroll', 'before')
 6 SYSTEMPATH\CodeIgniter.php(354): CodeIgniter\CodeIgniter->handleRequest(null, Object(Config\Cache), false)
 7 SYSTEMPATH\Boot.php(363): CodeIgniter\CodeIgniter->run()
 8 SYSTEMPATH\Boot.php(68): CodeIgniter\Boot::runCodeIgniter(Object(CodeIgniter\CodeIgniter))
 9 FCPATH\index.php(59): CodeIgniter\Boot::bootWeb(Object(Config\Paths))
DEBUG - 2025-10-25 12:36:48 --> Session: Class initialized using 'CodeIgniter\Session\Handlers\FileHandler' driver.
CRITICAL - 2025-10-25 12:36:48 --> CodeIgniter\Security\Exceptions\SecurityException: The action you requested is not allowed.
[Method: POST, Route: student/enroll]
in SYSTEMPATH\Security\Security.php on line 262.
 1 SYSTEMPATH\Security\Security.php(262): CodeIgniter\Security\Exceptions\SecurityException::forDisallowedAction()
 2 SYSTEMPATH\Filters\CSRF.php(52): CodeIgniter\Security\Security->verify(Object(CodeIgniter\HTTP\IncomingRequest))
 3 SYSTEMPATH\Filters\Filters.php(241): CodeIgniter\Filters\CSRF->before(Object(CodeIgniter\HTTP\IncomingRequest), null)
 4 SYSTEMPATH\Filters\Filters.php(221): CodeIgniter\Filters\Filters->runBefore([...])
 5 SYSTEMPATH\CodeIgniter.php(479): CodeIgniter\Filters\Filters->run('student/enroll', 'before')
 6 SYSTEMPATH\CodeIgniter.php(354): CodeIgniter\CodeIgniter->handleRequest(null, Object(Config\Cache), false)
 7 SYSTEMPATH\Boot.php(363): CodeIgniter\CodeIgniter->run()
 8 SYSTEMPATH\Boot.php(68): CodeIgniter\Boot::runCodeIgniter(Object(CodeIgniter\CodeIgniter))
 9 FCPATH\index.php(59): CodeIgniter\Boot::bootWeb(Object(Config\Paths))
DEBUG - 2025-10-25 12:36:49 --> Session: Class initialized using 'CodeIgniter\Session\Handlers\FileHandler' driver.
CRITICAL - 2025-10-25 12:36:49 --> CodeIgniter\Security\Exceptions\SecurityException: The action you requested is not allowed.
[Method: POST, Route: student/enroll]
in SYSTEMPATH\Security\Security.php on line 262.
 1 SYSTEMPATH\Security\Security.php(262): CodeIgniter\Security\Exceptions\SecurityException::forDisallowedAction()
 2 SYSTEMPATH\Filters\CSRF.php(52): CodeIgniter\Security\Security->verify(Object(CodeIgniter\HTTP\IncomingRequest))
 3 SYSTEMPATH\Filters\Filters.php(241): CodeIgniter\Filters\CSRF->before(Object(CodeIgniter\HTTP\IncomingRequest), null)
 4 SYSTEMPATH\Filters\Filters.php(221): CodeIgniter\Filters\Filters->runBefore([...])
 5 SYSTEMPATH\CodeIgniter.php(479): CodeIgniter\Filters\Filters->run('student/enroll', 'before')
 6 SYSTEMPATH\CodeIgniter.php(354): CodeIgniter\CodeIgniter->handleRequest(null, Object(Config\Cache), false)
 7 SYSTEMPATH\Boot.php(363): CodeIgniter\CodeIgniter->run()
 8 SYSTEMPATH\Boot.php(68): CodeIgniter\Boot::runCodeIgniter(Object(CodeIgniter\CodeIgniter))
 9 FCPATH\index.php(59): CodeIgniter\Boot::bootWeb(Object(Config\Paths))
DEBUG - 2025-10-25 12:37:03 --> Session: Class initialized using 'CodeIgniter\Session\Handlers\FileHandler' driver.
DEBUG - 2025-10-25 12:37:03 --> Enrolled Course IDs: Array
(
    [0] => 1
    [1] => 4
    [2] => 3
    [3] => 2
)

DEBUG - 2025-10-25 12:37:03 --> Enrollments query: SELECT `courses`.`id`, `courses`.`course`, `courses`.`description`, `courses`.`teacher_id`, `courses`.`created_at`, `courses`.`updated_at`, `users`.`name` as `teacher_name`, `enrollments`.`enrolled_at`
FROM `enrollments`
JOIN `courses` ON `courses`.`id` = `enrollments`.`course_id`
LEFT JOIN `users` ON `users`.`id` = `courses`.`teacher_id`
WHERE `enrollments`.`student_id` = 2
ORDER BY `enrollments`.`enrolled_at` DESC
DEBUG - 2025-10-25 12:37:03 --> Enrollments data: Array
(
    [0] => Array
        (
            [id] => 2
            [course] => Web Development Fundamentals
            [description] => Build modern websites using HTML, CSS, and JavaScript.
            [teacher_id] => 3
            [created_at] => 2025-10-24 12:44:44
            [updated_at] => 
            [teacher_name] => Jim Jamero
            [enrolled_at] => 2025-10-25 12:36:47
        )

    [1] => Array
        (
            [id] => 3
            [course] => Database Design
            [description] => Learn how to design and implement relational databases.
            [teacher_id] => 3
            [created_at] => 2025-10-24 12:44:44
            [updated_at] => 
            [teacher_name] => Jim Jamero
            [enrolled_at] => 2025-10-25 12:27:57
        )

    [2] => Array
        (
            [id] => 4
            [course] => WEB SYSTEM AND TECHNOLOGIES
            [description] => ITE311
            [teacher_id] => 3
            [created_at] => 2025-10-24 12:59:24
            [updated_at] => 2025-10-24 12:59:24
            [teacher_name] => Jim Jamero
            [enrolled_at] => 2025-10-24 12:59:40
        )

    [3] => Array
        (
            [id] => 1
            [course] => Introduction to Programming
            [description] => Learn the basics of programming with hands-on exercises and projects.
            [teacher_id] => 3
            [created_at] => 2025-10-24 12:44:44
            [updated_at] => 
            [teacher_name] => Jim Jamero
            [enrolled_at] => 2025-10-24 12:48:33
        )

)

DEBUG - 2025-10-25 12:37:03 --> Available Courses: Array
(
    [0] => Array
        (
            [id] => 5
            [course] => INTEGRATIVE PROGRAMMING AND TECHNOLOGIES
            [description] => IPT101
            [teacher_id] => 3
            [created_at] => 2025-10-25 12:34:19
            [updated_at] => 2025-10-25 12:34:19
            [teacher_name] => Jim Jamero
        )

    [1] => Array
        (
            [id] => 6
            [course] => FUNDAMENTALS OF DATABASE
            [description] => PD221
            [teacher_id] => 3
            [created_at] => 2025-10-25 12:34:53
            [updated_at] => 2025-10-25 12:34:53
            [teacher_name] => Jim Jamero
        )

)

DEBUG - 2025-10-25 12:37:03 --> Enrolled Courses: Array
(
    [0] => Array
        (
            [id] => 2
            [course] => Web Development Fundamentals
            [description] => Build modern websites using HTML, CSS, and JavaScript.
            [teacher_id] => 3
            [created_at] => 2025-10-24 12:44:44
            [updated_at] => 
            [teacher_name] => Jim Jamero
            [enrolled_at] => 2025-10-25 12:36:47
        )

    [1] => Array
        (
            [id] => 3
            [course] => Database Design
            [description] => Learn how to design and implement relational databases.
            [teacher_id] => 3
            [created_at] => 2025-10-24 12:44:44
            [updated_at] => 
            [teacher_name] => Jim Jamero
            [enrolled_at] => 2025-10-25 12:27:57
        )

    [2] => Array
        (
            [id] => 4
            [course] => WEB SYSTEM AND TECHNOLOGIES
            [description] => ITE311
            [teacher_id] => 3
            [created_at] => 2025-10-24 12:59:24
            [updated_at] => 2025-10-24 12:59:24
            [teacher_name] => Jim Jamero
            [enrolled_at] => 2025-10-24 12:59:40
        )

    [3] => Array
        (
            [id] => 1
            [course] => Introduction to Programming
            [description] => Learn the basics of programming with hands-on exercises and projects.
            [teacher_id] => 3
            [created_at] => 2025-10-24 12:44:44
            [updated_at] => 
            [teacher_name] => Jim Jamero
            [enrolled_at] => 2025-10-24 12:48:33
        )

)

DEBUG - 2025-10-25 12:37:04 --> Session: Class initialized using 'CodeIgniter\Session\Handlers\FileHandler' driver.
DEBUG - 2025-10-25 12:38:04 --> Session: Class initialized using 'CodeIgniter\Session\Handlers\FileHandler' driver.
DEBUG - 2025-10-25 12:39:04 --> Session: Class initialized using 'CodeIgniter\Session\Handlers\FileHandler' driver.
DEBUG - 2025-10-25 20:40:04 --> Session: Class initialized using 'CodeIgniter\Session\Handlers\FileHandler' driver.
DEBUG - 2025-10-25 20:40:30 --> Session: Class initialized using 'CodeIgniter\Session\Handlers\FileHandler' driver.
DEBUG - 2025-10-25 20:40:33 --> Session: Class initialized using 'CodeIgniter\Session\Handlers\FileHandler' driver.
DEBUG - 2025-10-25 20:40:33 --> Enrolled Course IDs: Array
(
    [0] => 1
    [1] => 4
    [2] => 3
    [3] => 2
)

DEBUG - 2025-10-25 20:40:33 --> Enrollments query: SELECT `courses`.`id`, `courses`.`course`, `courses`.`description`, `courses`.`teacher_id`, `courses`.`created_at`, `courses`.`updated_at`, `users`.`name` as `teacher_name`, `enrollments`.`enrolled_at`
FROM `enrollments`
JOIN `courses` ON `courses`.`id` = `enrollments`.`course_id`
LEFT JOIN `users` ON `users`.`id` = `courses`.`teacher_id`
WHERE `enrollments`.`student_id` = 2
ORDER BY `enrollments`.`enrolled_at` DESC
DEBUG - 2025-10-25 20:40:33 --> Enrollments data: Array
(
    [0] => Array
        (
            [id] => 2
            [course] => Web Development Fundamentals
            [description] => Build modern websites using HTML, CSS, and JavaScript.
            [teacher_id] => 3
            [created_at] => 2025-10-24 12:44:44
            [updated_at] => 
            [teacher_name] => Jim Jamero
            [enrolled_at] => 2025-10-25 12:36:47
        )

    [1] => Array
        (
            [id] => 3
            [course] => Database Design
            [description] => Learn how to design and implement relational databases.
            [teacher_id] => 3
            [created_at] => 2025-10-24 12:44:44
            [updated_at] => 
            [teacher_name] => Jim Jamero
            [enrolled_at] => 2025-10-25 12:27:57
        )

    [2] => Array
        (
            [id] => 4
            [course] => WEB SYSTEM AND TECHNOLOGIES
            [description] => ITE311
            [teacher_id] => 3
            [created_at] => 2025-10-24 12:59:24
            [updated_at] => 2025-10-24 12:59:24
            [teacher_name] => Jim Jamero
            [enrolled_at] => 2025-10-24 12:59:40
        )

    [3] => Array
        (
            [id] => 1
            [course] => Introduction to Programming
            [description] => Learn the basics of programming with hands-on exercises and projects.
            [teacher_id] => 3
            [created_at] => 2025-10-24 12:44:44
            [updated_at] => 
            [teacher_name] => Jim Jamero
            [enrolled_at] => 2025-10-24 12:48:33
        )

)

DEBUG - 2025-10-25 20:40:33 --> Available Courses: Array
(
    [0] => Array
        (
            [id] => 5
            [course] => INTEGRATIVE PROGRAMMING AND TECHNOLOGIES
            [description] => IPT101
            [teacher_id] => 3
            [created_at] => 2025-10-25 12:34:19
            [updated_at] => 2025-10-25 12:34:19
            [teacher_name] => Jim Jamero
        )

    [1] => Array
        (
            [id] => 6
            [course] => FUNDAMENTALS OF DATABASE
            [description] => PD221
            [teacher_id] => 3
            [created_at] => 2025-10-25 12:34:53
            [updated_at] => 2025-10-25 12:34:53
            [teacher_name] => Jim Jamero
        )

)

DEBUG - 2025-10-25 20:40:33 --> Enrolled Courses: Array
(
    [0] => Array
        (
            [id] => 2
            [course] => Web Development Fundamentals
            [description] => Build modern websites using HTML, CSS, and JavaScript.
            [teacher_id] => 3
            [created_at] => 2025-10-24 12:44:44
            [updated_at] => 
            [teacher_name] => Jim Jamero
            [enrolled_at] => 2025-10-25 12:36:47
        )

    [1] => Array
        (
            [id] => 3
            [course] => Database Design
            [description] => Learn how to design and implement relational databases.
            [teacher_id] => 3
            [created_at] => 2025-10-24 12:44:44
            [updated_at] => 
            [teacher_name] => Jim Jamero
            [enrolled_at] => 2025-10-25 12:27:57
        )

    [2] => Array
        (
            [id] => 4
            [course] => WEB SYSTEM AND TECHNOLOGIES
            [description] => ITE311
            [teacher_id] => 3
            [created_at] => 2025-10-24 12:59:24
            [updated_at] => 2025-10-24 12:59:24
            [teacher_name] => Jim Jamero
            [enrolled_at] => 2025-10-24 12:59:40
        )

    [3] => Array
        (
            [id] => 1
            [course] => Introduction to Programming
            [description] => Learn the basics of programming with hands-on exercises and projects.
            [teacher_id] => 3
            [created_at] => 2025-10-24 12:44:44
            [updated_at] => 
            [teacher_name] => Jim Jamero
            [enrolled_at] => 2025-10-24 12:48:33
        )

)

DEBUG - 2025-10-25 20:40:33 --> Session: Class initialized using 'CodeIgniter\Session\Handlers\FileHandler' driver.
DEBUG - 2025-10-25 20:40:40 --> Session: Class initialized using 'CodeIgniter\Session\Handlers\FileHandler' driver.
DEBUG - 2025-10-25 20:40:41 --> Session: Class initialized using 'CodeIgniter\Session\Handlers\FileHandler' driver.
DEBUG - 2025-10-25 20:40:46 --> Session: Class initialized using 'CodeIgniter\Session\Handlers\FileHandler' driver.
DEBUG - 2025-10-25 20:40:46 --> Session: Class initialized using 'CodeIgniter\Session\Handlers\FileHandler' driver.
DEBUG - 2025-10-25 20:40:46 --> Session: Class initialized using 'CodeIgniter\Session\Handlers\FileHandler' driver.
DEBUG - 2025-10-25 20:40:49 --> Session: Class initialized using 'CodeIgniter\Session\Handlers\FileHandler' driver.
DEBUG - 2025-10-25 20:40:49 --> Session: Class initialized using 'CodeIgniter\Session\Handlers\FileHandler' driver.
DEBUG - 2025-10-25 20:40:56 --> Session: Class initialized using 'CodeIgniter\Session\Handlers\FileHandler' driver.
DEBUG - 2025-10-25 20:40:56 --> Session: Class initialized using 'CodeIgniter\Session\Handlers\FileHandler' driver.
DEBUG - 2025-10-25 20:41:01 --> Session: Class initialized using 'CodeIgniter\Session\Handlers\FileHandler' driver.
DEBUG - 2025-10-25 20:41:01 --> Session: Class initialized using 'CodeIgniter\Session\Handlers\FileHandler' driver.
DEBUG - 2025-10-25 20:41:40 --> Session: Class initialized using 'CodeIgniter\Session\Handlers\FileHandler' driver.
DEBUG - 2025-10-25 20:41:41 --> Session: Class initialized using 'CodeIgniter\Session\Handlers\FileHandler' driver.
DEBUG - 2025-10-25 20:41:45 --> Session: Class initialized using 'CodeIgniter\Session\Handlers\FileHandler' driver.
DEBUG - 2025-10-25 20:41:45 --> Session: Class initialized using 'CodeIgniter\Session\Handlers\FileHandler' driver.
DEBUG - 2025-10-25 20:41:45 --> Enrolled Course IDs: Array
(
    [0] => 1
    [1] => 4
    [2] => 3
    [3] => 2
)

DEBUG - 2025-10-25 20:41:45 --> Enrollments query: SELECT `courses`.`id`, `courses`.`course`, `courses`.`description`, `courses`.`teacher_id`, `courses`.`created_at`, `courses`.`updated_at`, `users`.`name` as `teacher_name`, `enrollments`.`enrolled_at`
FROM `enrollments`
JOIN `courses` ON `courses`.`id` = `enrollments`.`course_id`
LEFT JOIN `users` ON `users`.`id` = `courses`.`teacher_id`
WHERE `enrollments`.`student_id` = 2
ORDER BY `enrollments`.`enrolled_at` DESC
DEBUG - 2025-10-25 20:41:45 --> Enrollments data: Array
(
    [0] => Array
        (
            [id] => 4
            [course] => WEB SYSTEM AND TECHNOLOGIES
            [description] => ITE311
            [teacher_id] => 3
            [created_at] => 2025-10-24 12:59:24
            [updated_at] => 2025-10-24 12:59:24
            [teacher_name] => Jim Jamero
            [enrolled_at] => 2025-10-24 12:59:40
        )

)

DEBUG - 2025-10-25 20:41:45 --> Available Courses: Array
(
)

DEBUG - 2025-10-25 20:41:45 --> Enrolled Courses: Array
(
    [0] => Array
        (
            [id] => 4
            [course] => WEB SYSTEM AND TECHNOLOGIES
            [description] => ITE311
            [teacher_id] => 3
            [created_at] => 2025-10-24 12:59:24
            [updated_at] => 2025-10-24 12:59:24
            [teacher_name] => Jim Jamero
            [enrolled_at] => 2025-10-24 12:59:40
        )

)

DEBUG - 2025-10-25 20:41:46 --> Session: Class initialized using 'CodeIgniter\Session\Handlers\FileHandler' driver.
DEBUG - 2025-10-25 20:42:36 --> Session: Class initialized using 'CodeIgniter\Session\Handlers\FileHandler' driver.
DEBUG - 2025-10-25 20:42:36 --> Enrolled Course IDs: Array
(
    [0] => 1
    [1] => 4
    [2] => 3
    [3] => 2
)

DEBUG - 2025-10-25 20:42:37 --> Enrollments query: SELECT `courses`.`id`, `courses`.`course`, `courses`.`description`, `courses`.`teacher_id`, `courses`.`created_at`, `courses`.`updated_at`, `users`.`name` as `teacher_name`, `enrollments`.`enrolled_at`
FROM `enrollments`
JOIN `courses` ON `courses`.`id` = `enrollments`.`course_id`
LEFT JOIN `users` ON `users`.`id` = `courses`.`teacher_id`
WHERE `enrollments`.`student_id` = 2
ORDER BY `enrollments`.`enrolled_at` DESC
DEBUG - 2025-10-25 20:42:37 --> Enrollments data: Array
(
    [0] => Array
        (
            [id] => 4
            [course] => WEB SYSTEM AND TECHNOLOGIES
            [description] => ITE311
            [teacher_id] => 3
            [created_at] => 2025-10-24 12:59:24
            [updated_at] => 2025-10-24 12:59:24
            [teacher_name] => Jim Jamero
            [enrolled_at] => 2025-10-24 12:59:40
        )

)

DEBUG - 2025-10-25 20:42:37 --> Available Courses: Array
(
)

DEBUG - 2025-10-25 20:42:37 --> Enrolled Courses: Array
(
    [0] => Array
        (
            [id] => 4
            [course] => WEB SYSTEM AND TECHNOLOGIES
            [description] => ITE311
            [teacher_id] => 3
            [created_at] => 2025-10-24 12:59:24
            [updated_at] => 2025-10-24 12:59:24
            [teacher_name] => Jim Jamero
            [enrolled_at] => 2025-10-24 12:59:40
        )

)

DEBUG - 2025-10-25 20:42:37 --> Session: Class initialized using 'CodeIgniter\Session\Handlers\FileHandler' driver.
DEBUG - 2025-10-25 20:42:41 --> Session: Class initialized using 'CodeIgniter\Session\Handlers\FileHandler' driver.
DEBUG - 2025-10-25 20:42:42 --> Session: Class initialized using 'CodeIgniter\Session\Handlers\FileHandler' driver.
DEBUG - 2025-10-25 20:42:45 --> Session: Class initialized using 'CodeIgniter\Session\Handlers\FileHandler' driver.
DEBUG - 2025-10-25 20:42:45 --> Enrolled Course IDs: Array
(
    [0] => 1
    [1] => 4
    [2] => 3
    [3] => 2
)

DEBUG - 2025-10-25 20:42:45 --> Enrollments query: SELECT `courses`.`id`, `courses`.`course`, `courses`.`description`, `courses`.`teacher_id`, `courses`.`created_at`, `courses`.`updated_at`, `users`.`name` as `teacher_name`, `enrollments`.`enrolled_at`
FROM `enrollments`
JOIN `courses` ON `courses`.`id` = `enrollments`.`course_id`
LEFT JOIN `users` ON `users`.`id` = `courses`.`teacher_id`
WHERE `enrollments`.`student_id` = 2
ORDER BY `enrollments`.`enrolled_at` DESC
DEBUG - 2025-10-25 20:42:45 --> Enrollments data: Array
(
    [0] => Array
        (
            [id] => 4
            [course] => WEB SYSTEM AND TECHNOLOGIES
            [description] => ITE311
            [teacher_id] => 3
            [created_at] => 2025-10-24 12:59:24
            [updated_at] => 2025-10-24 12:59:24
            [teacher_name] => Jim Jamero
            [enrolled_at] => 2025-10-24 12:59:40
        )

)

DEBUG - 2025-10-25 20:42:45 --> Available Courses: Array
(
)

DEBUG - 2025-10-25 20:42:45 --> Enrolled Courses: Array
(
    [0] => Array
        (
            [id] => 4
            [course] => WEB SYSTEM AND TECHNOLOGIES
            [description] => ITE311
            [teacher_id] => 3
            [created_at] => 2025-10-24 12:59:24
            [updated_at] => 2025-10-24 12:59:24
            [teacher_name] => Jim Jamero
            [enrolled_at] => 2025-10-24 12:59:40
        )

)

DEBUG - 2025-10-25 20:42:45 --> Session: Class initialized using 'CodeIgniter\Session\Handlers\FileHandler' driver.
DEBUG - 2025-10-25 20:43:46 --> Session: Class initialized using 'CodeIgniter\Session\Handlers\FileHandler' driver.
DEBUG - 2025-10-25 20:44:01 --> Session: Class initialized using 'CodeIgniter\Session\Handlers\FileHandler' driver.
DEBUG - 2025-10-25 20:44:01 --> Enrolled Course IDs: Array
(
    [0] => 1
    [1] => 4
    [2] => 3
    [3] => 2
)

DEBUG - 2025-10-25 20:44:01 --> Enrollments query: SELECT `courses`.`id`, `courses`.`course`, `courses`.`description`, `courses`.`teacher_id`, `courses`.`created_at`, `courses`.`updated_at`, `users`.`name` as `teacher_name`, `enrollments`.`enrolled_at`
FROM `enrollments`
JOIN `courses` ON `courses`.`id` = `enrollments`.`course_id`
LEFT JOIN `users` ON `users`.`id` = `courses`.`teacher_id`
WHERE `enrollments`.`student_id` = 2
ORDER BY `enrollments`.`enrolled_at` DESC
DEBUG - 2025-10-25 20:44:01 --> Enrollments data: Array
(
    [0] => Array
        (
            [id] => 4
            [course] => WEB SYSTEM AND TECHNOLOGIES
            [description] => ITE311
            [teacher_id] => 3
            [created_at] => 2025-10-24 12:59:24
            [updated_at] => 2025-10-24 12:59:24
            [teacher_name] => Jim Jamero
            [enrolled_at] => 2025-10-24 12:59:40
        )

)

DEBUG - 2025-10-25 20:44:01 --> Available Courses: Array
(
)

DEBUG - 2025-10-25 20:44:01 --> Enrolled Courses: Array
(
    [0] => Array
        (
            [id] => 4
            [course] => WEB SYSTEM AND TECHNOLOGIES
            [description] => ITE311
            [teacher_id] => 3
            [created_at] => 2025-10-24 12:59:24
            [updated_at] => 2025-10-24 12:59:24
            [teacher_name] => Jim Jamero
            [enrolled_at] => 2025-10-24 12:59:40
        )

)

DEBUG - 2025-10-25 20:44:01 --> Session: Class initialized using 'CodeIgniter\Session\Handlers\FileHandler' driver.
DEBUG - 2025-10-25 20:44:04 --> Session: Class initialized using 'CodeIgniter\Session\Handlers\FileHandler' driver.
DEBUG - 2025-10-25 20:44:05 --> Session: Class initialized using 'CodeIgniter\Session\Handlers\FileHandler' driver.
DEBUG - 2025-10-25 20:44:30 --> Session: Class initialized using 'CodeIgniter\Session\Handlers\FileHandler' driver.
DEBUG - 2025-10-25 20:44:30 --> Enrolled Course IDs: Array
(
    [0] => 1
    [1] => 4
    [2] => 3
    [3] => 2
)

DEBUG - 2025-10-25 20:44:30 --> Enrollments query: SELECT `courses`.`id`, `courses`.`course`, `courses`.`description`, `courses`.`teacher_id`, `courses`.`created_at`, `courses`.`updated_at`, `users`.`name` as `teacher_name`, `enrollments`.`enrolled_at`
FROM `enrollments`
JOIN `courses` ON `courses`.`id` = `enrollments`.`course_id`
LEFT JOIN `users` ON `users`.`id` = `courses`.`teacher_id`
WHERE `enrollments`.`student_id` = 2
ORDER BY `enrollments`.`enrolled_at` DESC
DEBUG - 2025-10-25 20:44:30 --> Enrollments data: Array
(
    [0] => Array
        (
            [id] => 4
            [course] => WEB SYSTEM AND TECHNOLOGIES
            [description] => ITE311
            [teacher_id] => 3
            [created_at] => 2025-10-24 12:59:24
            [updated_at] => 2025-10-24 12:59:24
            [teacher_name] => Jim Jamero
            [enrolled_at] => 2025-10-24 12:59:40
        )

)

DEBUG - 2025-10-25 20:44:30 --> Available Courses: Array
(
)

DEBUG - 2025-10-25 20:44:30 --> Enrolled Courses: Array
(
    [0] => Array
        (
            [id] => 4
            [course] => WEB SYSTEM AND TECHNOLOGIES
            [description] => ITE311
            [teacher_id] => 3
            [created_at] => 2025-10-24 12:59:24
            [updated_at] => 2025-10-24 12:59:24
            [teacher_name] => Jim Jamero
            [enrolled_at] => 2025-10-24 12:59:40
        )

)

DEBUG - 2025-10-25 20:44:31 --> Session: Class initialized using 'CodeIgniter\Session\Handlers\FileHandler' driver.
DEBUG - 2025-10-25 20:44:33 --> Session: Class initialized using 'CodeIgniter\Session\Handlers\FileHandler' driver.
DEBUG - 2025-10-25 20:44:34 --> Session: Class initialized using 'CodeIgniter\Session\Handlers\FileHandler' driver.
DEBUG - 2025-10-25 20:44:39 --> Session: Class initialized using 'CodeIgniter\Session\Handlers\FileHandler' driver.
DEBUG - 2025-10-25 20:44:40 --> Session: Class initialized using 'CodeIgniter\Session\Handlers\FileHandler' driver.
DEBUG - 2025-10-25 20:44:40 --> Session: Class initialized using 'CodeIgniter\Session\Handlers\FileHandler' driver.
DEBUG - 2025-10-25 20:44:43 --> Session: Class initialized using 'CodeIgniter\Session\Handlers\FileHandler' driver.
DEBUG - 2025-10-25 20:44:43 --> Session: Class initialized using 'CodeIgniter\Session\Handlers\FileHandler' driver.
DEBUG - 2025-10-25 20:44:45 --> Session: Class initialized using 'CodeIgniter\Session\Handlers\FileHandler' driver.
DEBUG - 2025-10-25 20:44:46 --> Session: Class initialized using 'CodeIgniter\Session\Handlers\FileHandler' driver.
DEBUG - 2025-10-25 20:45:06 --> Session: Class initialized using 'CodeIgniter\Session\Handlers\FileHandler' driver.
INFO - 2025-10-25 20:45:06 --> CSRF token verified.
DEBUG - 2025-10-25 20:45:06 --> Form data: Array
(
    [course] => ADVANCED DATABASE SYSTEMS
    [description] => IM101
    [teacher_id] => 3
)

DEBUG - 2025-10-25 20:45:07 --> Session: Class initialized using 'CodeIgniter\Session\Handlers\FileHandler' driver.
DEBUG - 2025-10-25 20:45:07 --> Session: Class initialized using 'CodeIgniter\Session\Handlers\FileHandler' driver.
DEBUG - 2025-10-25 20:45:09 --> Session: Class initialized using 'CodeIgniter\Session\Handlers\FileHandler' driver.
DEBUG - 2025-10-25 20:45:09 --> Session: Class initialized using 'CodeIgniter\Session\Handlers\FileHandler' driver.
DEBUG - 2025-10-25 20:45:10 --> Session: Class initialized using 'CodeIgniter\Session\Handlers\FileHandler' driver.
DEBUG - 2025-10-25 20:45:11 --> Session: Class initialized using 'CodeIgniter\Session\Handlers\FileHandler' driver.
DEBUG - 2025-10-25 20:45:35 --> Session: Class initialized using 'CodeIgniter\Session\Handlers\FileHandler' driver.
INFO - 2025-10-25 20:45:35 --> CSRF token verified.
DEBUG - 2025-10-25 20:45:35 --> Form data: Array
(
    [course] => SYSTEMS ANALYSIS AND DESIGN
    [description] => PD312
    [teacher_id] => 3
)

DEBUG - 2025-10-25 20:45:36 --> Session: Class initialized using 'CodeIgniter\Session\Handlers\FileHandler' driver.
DEBUG - 2025-10-25 20:45:36 --> Session: Class initialized using 'CodeIgniter\Session\Handlers\FileHandler' driver.
DEBUG - 2025-10-25 20:45:38 --> Session: Class initialized using 'CodeIgniter\Session\Handlers\FileHandler' driver.
DEBUG - 2025-10-25 20:45:38 --> Session: Class initialized using 'CodeIgniter\Session\Handlers\FileHandler' driver.
DEBUG - 2025-10-25 20:45:39 --> Session: Class initialized using 'CodeIgniter\Session\Handlers\FileHandler' driver.
DEBUG - 2025-10-25 20:45:40 --> Session: Class initialized using 'CodeIgniter\Session\Handlers\FileHandler' driver.
DEBUG - 2025-10-25 20:45:59 --> Session: Class initialized using 'CodeIgniter\Session\Handlers\FileHandler' driver.
INFO - 2025-10-25 20:45:59 --> CSRF token verified.
DEBUG - 2025-10-25 20:45:59 --> Form data: Array
(
    [course] => SYSTEMS INTEGRATION AND ARCHITECTURE 1
    [description] => SIA101
    [teacher_id] => 3
)

DEBUG - 2025-10-25 20:45:59 --> Session: Class initialized using 'CodeIgniter\Session\Handlers\FileHandler' driver.
DEBUG - 2025-10-25 20:46:00 --> Session: Class initialized using 'CodeIgniter\Session\Handlers\FileHandler' driver.
DEBUG - 2025-10-25 20:46:01 --> Session: Class initialized using 'CodeIgniter\Session\Handlers\FileHandler' driver.
DEBUG - 2025-10-25 20:46:02 --> Session: Class initialized using 'CodeIgniter\Session\Handlers\FileHandler' driver.
DEBUG - 2025-10-25 20:46:05 --> Session: Class initialized using 'CodeIgniter\Session\Handlers\FileHandler' driver.
DEBUG - 2025-10-25 20:46:05 --> Session: Class initialized using 'CodeIgniter\Session\Handlers\FileHandler' driver.
DEBUG - 2025-10-25 20:46:13 --> Session: Class initialized using 'CodeIgniter\Session\Handlers\FileHandler' driver.
DEBUG - 2025-10-25 20:46:14 --> Session: Class initialized using 'CodeIgniter\Session\Handlers\FileHandler' driver.
DEBUG - 2025-10-25 20:46:14 --> Enrolled Course IDs: Array
(
    [0] => 1
    [1] => 4
    [2] => 3
    [3] => 2
)

DEBUG - 2025-10-25 20:46:14 --> Enrollments query: SELECT `courses`.`id`, `courses`.`course`, `courses`.`description`, `courses`.`teacher_id`, `courses`.`created_at`, `courses`.`updated_at`, `users`.`name` as `teacher_name`, `enrollments`.`enrolled_at`
FROM `enrollments`
JOIN `courses` ON `courses`.`id` = `enrollments`.`course_id`
LEFT JOIN `users` ON `users`.`id` = `courses`.`teacher_id`
WHERE `enrollments`.`student_id` = 2
ORDER BY `enrollments`.`enrolled_at` DESC
DEBUG - 2025-10-25 20:46:14 --> Enrollments data: Array
(
    [0] => Array
        (
            [id] => 4
            [course] => WEB SYSTEM AND TECHNOLOGIES
            [description] => ITE311
            [teacher_id] => 3
            [created_at] => 2025-10-24 12:59:24
            [updated_at] => 2025-10-24 12:59:24
            [teacher_name] => Jim Jamero
            [enrolled_at] => 2025-10-24 12:59:40
        )

)

DEBUG - 2025-10-25 20:46:14 --> Available Courses: Array
(
    [0] => Array
        (
            [id] => 7
            [course] => ADVANCED DATABASE SYSTEMS
            [description] => IM101
            [teacher_id] => 3
            [created_at] => 2025-10-25 20:45:07
            [updated_at] => 2025-10-25 20:45:07
            [teacher_name] => Jim Jamero
        )

    [1] => Array
        (
            [id] => 8
            [course] => SYSTEMS ANALYSIS AND DESIGN
            [description] => PD312
            [teacher_id] => 3
            [created_at] => 2025-10-25 20:45:35
            [updated_at] => 2025-10-25 20:45:35
            [teacher_name] => Jim Jamero
        )

    [2] => Array
        (
            [id] => 9
            [course] => SYSTEMS INTEGRATION AND ARCHITECTURE 1
            [description] => SIA101
            [teacher_id] => 3
            [created_at] => 2025-10-25 20:45:59
            [updated_at] => 2025-10-25 20:45:59
            [teacher_name] => Jim Jamero
        )

)

DEBUG - 2025-10-25 20:46:14 --> Enrolled Courses: Array
(
    [0] => Array
        (
            [id] => 4
            [course] => WEB SYSTEM AND TECHNOLOGIES
            [description] => ITE311
            [teacher_id] => 3
            [created_at] => 2025-10-24 12:59:24
            [updated_at] => 2025-10-24 12:59:24
            [teacher_name] => Jim Jamero
            [enrolled_at] => 2025-10-24 12:59:40
        )

)

DEBUG - 2025-10-25 20:46:14 --> Session: Class initialized using 'CodeIgniter\Session\Handlers\FileHandler' driver.
DEBUG - 2025-10-25 20:46:26 --> Session: Class initialized using 'CodeIgniter\Session\Handlers\FileHandler' driver.
INFO - 2025-10-25 20:46:26 --> CSRF token verified.
DEBUG - 2025-10-25 20:46:26 --> === START ENROLLMENT REQUEST ===
DEBUG - 2025-10-25 20:46:26 --> POST data: Array
(
    [course_id] => 7
)

DEBUG - 2025-10-25 20:46:26 --> Headers: Array
(
    [Content-Type] => CodeIgniter\HTTP\Header Object
        (
            [name:protected] => Content-Type
            [value:protected] => multipart/form-data; boundary=----WebKitFormBoundaryvrgjEnCnoaBBZBxf
        )

    [Host] => CodeIgniter\HTTP\Header Object
        (
            [name:protected] => Host
            [value:protected] => localhost
        )

    [Connection] => CodeIgniter\HTTP\Header Object
        (
            [name:protected] => Connection
            [value:protected] => keep-alive
        )

    [Sec-Ch-Ua-Platform] => CodeIgniter\HTTP\Header Object
        (
            [name:protected] => Sec-Ch-Ua-Platform
            [value:protected] => "Windows"
        )

    [X-Csrf-Token] => CodeIgniter\HTTP\Header Object
        (
            [name:protected] => X-Csrf-Token
            [value:protected] => ca73e7974df94165a811e0e32294971e
        )

    [X-Csrf-Name] => CodeIgniter\HTTP\Header Object
        (
            [name:protected] => X-Csrf-Name
            [value:protected] => csrf_test_name
        )

    [Sec-Ch-Ua] => CodeIgniter\HTTP\Header Object
        (
            [name:protected] => Sec-Ch-Ua
            [value:protected] => "Google Chrome";v="141", "Not?A_Brand";v="8", "Chromium";v="141"
        )

    [Sec-Ch-Ua-Mobile] => CodeIgniter\HTTP\Header Object
        (
            [name:protected] => Sec-Ch-Ua-Mobile
            [value:protected] => ?0
        )

    [X-Requested-With] => CodeIgniter\HTTP\Header Object
        (
            [name:protected] => X-Requested-With
            [value:protected] => XMLHttpRequest
        )

    [User-Agent] => CodeIgniter\HTTP\Header Object
        (
            [name:protected] => User-Agent
            [value:protected] => Mozilla/5.0 (Windows NT 10.0; Win64; x64) AppleWebKit/537.36 (KHTML, like Gecko) Chrome/141.0.0.0 Safari/537.36
        )

    [Accept] => CodeIgniter\HTTP\Header Object
        (
            [name:protected] => Accept
            [value:protected] => application/json, text/javascript, */*; q=0.01
        )

    [Origin] => CodeIgniter\HTTP\Header Object
        (
            [name:protected] => Origin
            [value:protected] => http://localhost
        )

    [Sec-Fetch-Site] => CodeIgniter\HTTP\Header Object
        (
            [name:protected] => Sec-Fetch-Site
            [value:protected] => same-origin
        )

    [Sec-Fetch-Mode] => CodeIgniter\HTTP\Header Object
        (
            [name:protected] => Sec-Fetch-Mode
            [value:protected] => cors
        )

    [Sec-Fetch-Dest] => CodeIgniter\HTTP\Header Object
        (
            [name:protected] => Sec-Fetch-Dest
            [value:protected] => empty
        )

    [Referer] => CodeIgniter\HTTP\Header Object
        (
            [name:protected] => Referer
            [value:protected] => http://localhost/ITE311-GOMEZ/dashboard
        )

    [Accept-Encoding] => CodeIgniter\HTTP\Header Object
        (
            [name:protected] => Accept-Encoding
            [value:protected] => gzip, deflate, br, zstd
        )

    [Accept-Language] => CodeIgniter\HTTP\Header Object
        (
            [name:protected] => Accept-Language
            [value:protected] => en-PH,en-US;q=0.9,en;q=0.8
        )

    [Cookie] => CodeIgniter\HTTP\Header Object
        (
            [name:protected] => Cookie
            [value:protected] => debug-bar-state=minimized; csrf_cookie_name=ca73e7974df94165a811e0e32294971e; ci_session=78bc1349e5ac8e97fa8c9ea999ee57f7
        )

)

DEBUG - 2025-10-25 20:46:26 --> User data: Array
(
    [id] => 2
    [name] => Jerald Maca
    [email] => JeraldMaca@gmail.com
    [role] => student
)

DEBUG - 2025-10-25 20:46:26 --> Processing enrollment for user ID: 2
DEBUG - 2025-10-25 20:46:26 --> Enroll endpoint method: POST
DEBUG - 2025-10-25 20:46:26 --> Attempting enrollment - User ID: 2, Course ID: 7
DEBUG - 2025-10-25 20:46:26 --> Database connection established
DEBUG - 2025-10-25 20:46:26 --> Course query result: Array
(
    [id] => 7
    [course] => ADVANCED DATABASE SYSTEMS
    [description] => IM101
)

DEBUG - 2025-10-25 20:46:26 --> EnrollmentModel initialized
DEBUG - 2025-10-25 20:46:26 --> Is already enrolled: No
DEBUG - 2025-10-25 20:46:26 --> Attempting to enroll user with data: Array
(
    [student_id] => 2
    [course_id] => 7
    [enrolled_at] => 2025-10-25 20:46:26
)

DEBUG - 2025-10-25 20:46:26 --> Direct DB insert result - Insert ID: 5
DEBUG - 2025-10-25 20:46:26 --> DB Error: 
DEBUG - 2025-10-25 20:46:26 --> === END ENROLLMENT REQUEST ===
DEBUG - 2025-10-25 20:46:26 --> Enrollment successful - ID: 5, User: 2, Course: 7
DEBUG - 2025-10-25 20:46:27 --> Notification created for user 2: You have been enrolled in ADVANCED DATABASE SYSTEMS
DEBUG - 2025-10-25 20:46:27 --> Sending success response: {"success":true,"message":"Enrolled successfully.","course":{"id":"7","course":"ADVANCED DATABASE SYSTEMS","description":"IM101","enrolled_at":"2025-10-25 20:46:26"},"debug":{"insert_id":5,"timestamp":"2025-10-25 20:46:26"},"csrf":{"token":"csrf_test_name","hash":"9012dba6d3a4877f34a716e3c7e0ff13"}}
DEBUG - 2025-10-25 20:46:28 --> Session: Class initialized using 'CodeIgniter\Session\Handlers\FileHandler' driver.
CRITICAL - 2025-10-25 20:46:28 --> CodeIgniter\Security\Exceptions\SecurityException: The action you requested is not allowed.
[Method: POST, Route: student/enroll]
in SYSTEMPATH\Security\Security.php on line 262.
 1 SYSTEMPATH\Security\Security.php(262): CodeIgniter\Security\Exceptions\SecurityException::forDisallowedAction()
 2 SYSTEMPATH\Filters\CSRF.php(52): CodeIgniter\Security\Security->verify(Object(CodeIgniter\HTTP\IncomingRequest))
 3 SYSTEMPATH\Filters\Filters.php(241): CodeIgniter\Filters\CSRF->before(Object(CodeIgniter\HTTP\IncomingRequest), null)
 4 SYSTEMPATH\Filters\Filters.php(221): CodeIgniter\Filters\Filters->runBefore([...])
 5 SYSTEMPATH\CodeIgniter.php(479): CodeIgniter\Filters\Filters->run('student/enroll', 'before')
 6 SYSTEMPATH\CodeIgniter.php(354): CodeIgniter\CodeIgniter->handleRequest(null, Object(Config\Cache), false)
 7 SYSTEMPATH\Boot.php(363): CodeIgniter\CodeIgniter->run()
 8 SYSTEMPATH\Boot.php(68): CodeIgniter\Boot::runCodeIgniter(Object(CodeIgniter\CodeIgniter))
 9 FCPATH\index.php(59): CodeIgniter\Boot::bootWeb(Object(Config\Paths))
DEBUG - 2025-10-25 20:46:31 --> Session: Class initialized using 'CodeIgniter\Session\Handlers\FileHandler' driver.
DEBUG - 2025-10-25 20:46:31 --> Enrolled Course IDs: Array
(
    [0] => 1
    [1] => 4
    [2] => 3
    [3] => 2
    [4] => 7
)

DEBUG - 2025-10-25 20:46:31 --> Enrollments query: SELECT `courses`.`id`, `courses`.`course`, `courses`.`description`, `courses`.`teacher_id`, `courses`.`created_at`, `courses`.`updated_at`, `users`.`name` as `teacher_name`, `enrollments`.`enrolled_at`
FROM `enrollments`
JOIN `courses` ON `courses`.`id` = `enrollments`.`course_id`
LEFT JOIN `users` ON `users`.`id` = `courses`.`teacher_id`
WHERE `enrollments`.`student_id` = 2
ORDER BY `enrollments`.`enrolled_at` DESC
DEBUG - 2025-10-25 20:46:31 --> Enrollments data: Array
(
    [0] => Array
        (
            [id] => 7
            [course] => ADVANCED DATABASE SYSTEMS
            [description] => IM101
            [teacher_id] => 3
            [created_at] => 2025-10-25 20:45:07
            [updated_at] => 2025-10-25 20:45:07
            [teacher_name] => Jim Jamero
            [enrolled_at] => 2025-10-25 20:46:26
        )

    [1] => Array
        (
            [id] => 4
            [course] => WEB SYSTEM AND TECHNOLOGIES
            [description] => ITE311
            [teacher_id] => 3
            [created_at] => 2025-10-24 12:59:24
            [updated_at] => 2025-10-24 12:59:24
            [teacher_name] => Jim Jamero
            [enrolled_at] => 2025-10-24 12:59:40
        )

)

DEBUG - 2025-10-25 20:46:31 --> Available Courses: Array
(
    [0] => Array
        (
            [id] => 8
            [course] => SYSTEMS ANALYSIS AND DESIGN
            [description] => PD312
            [teacher_id] => 3
            [created_at] => 2025-10-25 20:45:35
            [updated_at] => 2025-10-25 20:45:35
            [teacher_name] => Jim Jamero
        )

    [1] => Array
        (
            [id] => 9
            [course] => SYSTEMS INTEGRATION AND ARCHITECTURE 1
            [description] => SIA101
            [teacher_id] => 3
            [created_at] => 2025-10-25 20:45:59
            [updated_at] => 2025-10-25 20:45:59
            [teacher_name] => Jim Jamero
        )

)

DEBUG - 2025-10-25 20:46:31 --> Enrolled Courses: Array
(
    [0] => Array
        (
            [id] => 7
            [course] => ADVANCED DATABASE SYSTEMS
            [description] => IM101
            [teacher_id] => 3
            [created_at] => 2025-10-25 20:45:07
            [updated_at] => 2025-10-25 20:45:07
            [teacher_name] => Jim Jamero
            [enrolled_at] => 2025-10-25 20:46:26
        )

    [1] => Array
        (
            [id] => 4
            [course] => WEB SYSTEM AND TECHNOLOGIES
            [description] => ITE311
            [teacher_id] => 3
            [created_at] => 2025-10-24 12:59:24
            [updated_at] => 2025-10-24 12:59:24
            [teacher_name] => Jim Jamero
            [enrolled_at] => 2025-10-24 12:59:40
        )

)

DEBUG - 2025-10-25 20:46:32 --> Session: Class initialized using 'CodeIgniter\Session\Handlers\FileHandler' driver.
DEBUG - 2025-10-25 20:47:32 --> Session: Class initialized using 'CodeIgniter\Session\Handlers\FileHandler' driver.
DEBUG - 2025-10-25 20:48:32 --> Session: Class initialized using 'CodeIgniter\Session\Handlers\FileHandler' driver.
CRITICAL - 2025-10-25 20:48:32 --> ParseError: syntax error, unexpected token "public"
[Method: GET, Route: notifications]
in APPPATH\Controllers\Notifications.php on line 84.
 1 SYSTEMPATH\Autoloader\Autoloader.php(295): CodeIgniter\Autoloader\Autoloader->includeFile('C:\\xampp\\htdocs\\ITE311-GOMEZ\\app\\Controllers\\Notifications.php')
 2 SYSTEMPATH\Autoloader\Autoloader.php(271): CodeIgniter\Autoloader\Autoloader->loadInNamespace('App\\Controllers\\Notifications')
 3 [internal function]: CodeIgniter\Autoloader\Autoloader->loadClass('App\\Controllers\\Notifications')
 4 SYSTEMPATH\CodeIgniter.php(885): class_exists('\\App\\Controllers\\Notifications', true)
 5 SYSTEMPATH\CodeIgniter.php(494): CodeIgniter\CodeIgniter->startController()
 6 SYSTEMPATH\CodeIgniter.php(354): CodeIgniter\CodeIgniter->handleRequest(null, Object(Config\Cache), false)
 7 SYSTEMPATH\Boot.php(363): CodeIgniter\CodeIgniter->run()
 8 SYSTEMPATH\Boot.php(68): CodeIgniter\Boot::runCodeIgniter(Object(CodeIgniter\CodeIgniter))
 9 FCPATH\index.php(59): CodeIgniter\Boot::bootWeb(Object(Config\Paths))
DEBUG - 2025-10-25 20:49:32 --> Session: Class initialized using 'CodeIgniter\Session\Handlers\FileHandler' driver.
CRITICAL - 2025-10-25 20:49:32 --> ParseError: Unclosed '{' on line 10
[Method: GET, Route: notifications]
in APPPATH\Controllers\Notifications.php on line 138.
 1 SYSTEMPATH\Autoloader\Autoloader.php(295): CodeIgniter\Autoloader\Autoloader->includeFile('C:\\xampp\\htdocs\\ITE311-GOMEZ\\app\\Controllers\\Notifications.php')
 2 SYSTEMPATH\Autoloader\Autoloader.php(271): CodeIgniter\Autoloader\Autoloader->loadInNamespace('App\\Controllers\\Notifications')
 3 [internal function]: CodeIgniter\Autoloader\Autoloader->loadClass('App\\Controllers\\Notifications')
 4 SYSTEMPATH\CodeIgniter.php(885): class_exists('\\App\\Controllers\\Notifications', true)
 5 SYSTEMPATH\CodeIgniter.php(494): CodeIgniter\CodeIgniter->startController()
 6 SYSTEMPATH\CodeIgniter.php(354): CodeIgniter\CodeIgniter->handleRequest(null, Object(Config\Cache), false)
 7 SYSTEMPATH\Boot.php(363): CodeIgniter\CodeIgniter->run()
 8 SYSTEMPATH\Boot.php(68): CodeIgniter\Boot::runCodeIgniter(Object(CodeIgniter\CodeIgniter))
 9 FCPATH\index.php(59): CodeIgniter\Boot::bootWeb(Object(Config\Paths))
DEBUG - 2025-10-25 20:50:32 --> Session: Class initialized using 'CodeIgniter\Session\Handlers\FileHandler' driver.
CRITICAL - 2025-10-25 20:50:32 --> ParseError: Unclosed '{' on line 10
[Method: GET, Route: notifications]
in APPPATH\Controllers\Notifications.php on line 142.
 1 SYSTEMPATH\Autoloader\Autoloader.php(295): CodeIgniter\Autoloader\Autoloader->includeFile('C:\\xampp\\htdocs\\ITE311-GOMEZ\\app\\Controllers\\Notifications.php')
 2 SYSTEMPATH\Autoloader\Autoloader.php(271): CodeIgniter\Autoloader\Autoloader->loadInNamespace('App\\Controllers\\Notifications')
 3 [internal function]: CodeIgniter\Autoloader\Autoloader->loadClass('App\\Controllers\\Notifications')
 4 SYSTEMPATH\CodeIgniter.php(885): class_exists('\\App\\Controllers\\Notifications', true)
 5 SYSTEMPATH\CodeIgniter.php(494): CodeIgniter\CodeIgniter->startController()
 6 SYSTEMPATH\CodeIgniter.php(354): CodeIgniter\CodeIgniter->handleRequest(null, Object(Config\Cache), false)
 7 SYSTEMPATH\Boot.php(363): CodeIgniter\CodeIgniter->run()
 8 SYSTEMPATH\Boot.php(68): CodeIgniter\Boot::runCodeIgniter(Object(CodeIgniter\CodeIgniter))
 9 FCPATH\index.php(59): CodeIgniter\Boot::bootWeb(Object(Config\Paths))
DEBUG - 2025-10-25 20:51:32 --> Session: Class initialized using 'CodeIgniter\Session\Handlers\FileHandler' driver.
CRITICAL - 2025-10-25 20:51:32 --> ParseError: Unclosed '{' on line 9
[Method: GET, Route: notifications]
in APPPATH\Models\NotificationModel.php on line 64.
 1 SYSTEMPATH\Autoloader\Autoloader.php(295): CodeIgniter\Autoloader\Autoloader->includeFile('C:\\xampp\\htdocs\\ITE311-GOMEZ\\app\\Models\\NotificationModel.php')
 2 SYSTEMPATH\Autoloader\Autoloader.php(271): CodeIgniter\Autoloader\Autoloader->loadInNamespace('App\\Models\\NotificationModel')
 3 APPPATH\Controllers\Notifications.php(15): CodeIgniter\Autoloader\Autoloader->loadClass('App\\Models\\NotificationModel')
 4 SYSTEMPATH\CodeIgniter.php(903): App\Controllers\Notifications->__construct()
 5 SYSTEMPATH\CodeIgniter.php(498): CodeIgniter\CodeIgniter->createController()
 6 SYSTEMPATH\CodeIgniter.php(354): CodeIgniter\CodeIgniter->handleRequest(null, Object(Config\Cache), false)
 7 SYSTEMPATH\Boot.php(363): CodeIgniter\CodeIgniter->run()
 8 SYSTEMPATH\Boot.php(68): CodeIgniter\Boot::runCodeIgniter(Object(CodeIgniter\CodeIgniter))
 9 FCPATH\index.php(59): CodeIgniter\Boot::bootWeb(Object(Config\Paths))
DEBUG - 2025-10-25 20:52:32 --> Session: Class initialized using 'CodeIgniter\Session\Handlers\FileHandler' driver.
CRITICAL - 2025-10-25 20:52:32 --> ParseError: Unclosed '{' on line 9
[Method: GET, Route: notifications]
in APPPATH\Models\NotificationModel.php on line 64.
 1 SYSTEMPATH\Autoloader\Autoloader.php(295): CodeIgniter\Autoloader\Autoloader->includeFile('C:\\xampp\\htdocs\\ITE311-GOMEZ\\app\\Models\\NotificationModel.php')
 2 SYSTEMPATH\Autoloader\Autoloader.php(271): CodeIgniter\Autoloader\Autoloader->loadInNamespace('App\\Models\\NotificationModel')
 3 APPPATH\Controllers\Notifications.php(15): CodeIgniter\Autoloader\Autoloader->loadClass('App\\Models\\NotificationModel')
 4 SYSTEMPATH\CodeIgniter.php(903): App\Controllers\Notifications->__construct()
 5 SYSTEMPATH\CodeIgniter.php(498): CodeIgniter\CodeIgniter->createController()
 6 SYSTEMPATH\CodeIgniter.php(354): CodeIgniter\CodeIgniter->handleRequest(null, Object(Config\Cache), false)
 7 SYSTEMPATH\Boot.php(363): CodeIgniter\CodeIgniter->run()
 8 SYSTEMPATH\Boot.php(68): CodeIgniter\Boot::runCodeIgniter(Object(CodeIgniter\CodeIgniter))
 9 FCPATH\index.php(59): CodeIgniter\Boot::bootWeb(Object(Config\Paths))
DEBUG - 2025-10-25 20:53:32 --> Session: Class initialized using 'CodeIgniter\Session\Handlers\FileHandler' driver.
CRITICAL - 2025-10-25 20:53:32 --> ParseError: Unclosed '{' on line 9
[Method: GET, Route: notifications]
in APPPATH\Models\NotificationModel.php on line 64.
 1 SYSTEMPATH\Autoloader\Autoloader.php(295): CodeIgniter\Autoloader\Autoloader->includeFile('C:\\xampp\\htdocs\\ITE311-GOMEZ\\app\\Models\\NotificationModel.php')
 2 SYSTEMPATH\Autoloader\Autoloader.php(271): CodeIgniter\Autoloader\Autoloader->loadInNamespace('App\\Models\\NotificationModel')
 3 APPPATH\Controllers\Notifications.php(15): CodeIgniter\Autoloader\Autoloader->loadClass('App\\Models\\NotificationModel')
 4 SYSTEMPATH\CodeIgniter.php(903): App\Controllers\Notifications->__construct()
 5 SYSTEMPATH\CodeIgniter.php(498): CodeIgniter\CodeIgniter->createController()
 6 SYSTEMPATH\CodeIgniter.php(354): CodeIgniter\CodeIgniter->handleRequest(null, Object(Config\Cache), false)
 7 SYSTEMPATH\Boot.php(363): CodeIgniter\CodeIgniter->run()
 8 SYSTEMPATH\Boot.php(68): CodeIgniter\Boot::runCodeIgniter(Object(CodeIgniter\CodeIgniter))
 9 FCPATH\index.php(59): CodeIgniter\Boot::bootWeb(Object(Config\Paths))
DEBUG - 2025-10-25 20:53:41 --> Session: Class initialized using 'CodeIgniter\Session\Handlers\FileHandler' driver.
CRITICAL - 2025-10-25 20:53:42 --> ParseError: Unclosed '{' on line 9
[Method: GET, Route: dashboard]
in APPPATH\Models\NotificationModel.php on line 64.
 1 SYSTEMPATH\Autoloader\Autoloader.php(295): CodeIgniter\Autoloader\Autoloader->includeFile('C:\\xampp\\htdocs\\ITE311-GOMEZ\\app\\Models\\NotificationModel.php')
 2 SYSTEMPATH\Autoloader\Autoloader.php(271): CodeIgniter\Autoloader\Autoloader->loadInNamespace('App\\Models\\NotificationModel')
 3 APPPATH\Controllers\BaseController.php(112): CodeIgniter\Autoloader\Autoloader->loadClass('App\\Models\\NotificationModel')
 4 APPPATH\Controllers\BaseController.php(77): App\Controllers\BaseController->setupViewData()
 5 SYSTEMPATH\CodeIgniter.php(904): App\Controllers\BaseController->initController(Object(CodeIgniter\HTTP\IncomingRequest), Object(CodeIgniter\HTTP\Response), Object(CodeIgniter\Log\Logger))
 6 SYSTEMPATH\CodeIgniter.php(498): CodeIgniter\CodeIgniter->createController()
 7 SYSTEMPATH\CodeIgniter.php(354): CodeIgniter\CodeIgniter->handleRequest(null, Object(Config\Cache), false)
 8 SYSTEMPATH\Boot.php(363): CodeIgniter\CodeIgniter->run()
 9 SYSTEMPATH\Boot.php(68): CodeIgniter\Boot::runCodeIgniter(Object(CodeIgniter\CodeIgniter))
10 FCPATH\index.php(59): CodeIgniter\Boot::bootWeb(Object(Config\Paths))
DEBUG - 2025-10-25 20:57:33 --> Session: Class initialized using 'CodeIgniter\Session\Handlers\FileHandler' driver.
DEBUG - 2025-10-25 20:57:33 --> Enrolled Course IDs: Array
(
    [0] => 1
    [1] => 4
    [2] => 3
    [3] => 2
    [4] => 7
)

DEBUG - 2025-10-25 20:57:33 --> Enrollments query: SELECT `courses`.`id`, `courses`.`course`, `courses`.`description`, `courses`.`teacher_id`, `courses`.`created_at`, `courses`.`updated_at`, `users`.`name` as `teacher_name`, `enrollments`.`enrolled_at`
FROM `enrollments`
JOIN `courses` ON `courses`.`id` = `enrollments`.`course_id`
LEFT JOIN `users` ON `users`.`id` = `courses`.`teacher_id`
WHERE `enrollments`.`student_id` = 2
ORDER BY `enrollments`.`enrolled_at` DESC
DEBUG - 2025-10-25 20:57:33 --> Enrollments data: Array
(
    [0] => Array
        (
            [id] => 7
            [course] => ADVANCED DATABASE SYSTEMS
            [description] => IM101
            [teacher_id] => 3
            [created_at] => 2025-10-25 20:45:07
            [updated_at] => 2025-10-25 20:45:07
            [teacher_name] => Jim Jamero
            [enrolled_at] => 2025-10-25 20:46:26
        )

    [1] => Array
        (
            [id] => 4
            [course] => WEB SYSTEM AND TECHNOLOGIES
            [description] => ITE311
            [teacher_id] => 3
            [created_at] => 2025-10-24 12:59:24
            [updated_at] => 2025-10-24 12:59:24
            [teacher_name] => Jim Jamero
            [enrolled_at] => 2025-10-24 12:59:40
        )

)

DEBUG - 2025-10-25 20:57:33 --> Available Courses: Array
(
    [0] => Array
        (
            [id] => 8
            [course] => SYSTEMS ANALYSIS AND DESIGN
            [description] => PD312
            [teacher_id] => 3
            [created_at] => 2025-10-25 20:45:35
            [updated_at] => 2025-10-25 20:45:35
            [teacher_name] => Jim Jamero
        )

    [1] => Array
        (
            [id] => 9
            [course] => SYSTEMS INTEGRATION AND ARCHITECTURE 1
            [description] => SIA101
            [teacher_id] => 3
            [created_at] => 2025-10-25 20:45:59
            [updated_at] => 2025-10-25 20:45:59
            [teacher_name] => Jim Jamero
        )

)

DEBUG - 2025-10-25 20:57:33 --> Enrolled Courses: Array
(
    [0] => Array
        (
            [id] => 7
            [course] => ADVANCED DATABASE SYSTEMS
            [description] => IM101
            [teacher_id] => 3
            [created_at] => 2025-10-25 20:45:07
            [updated_at] => 2025-10-25 20:45:07
            [teacher_name] => Jim Jamero
            [enrolled_at] => 2025-10-25 20:46:26
        )

    [1] => Array
        (
            [id] => 4
            [course] => WEB SYSTEM AND TECHNOLOGIES
            [description] => ITE311
            [teacher_id] => 3
            [created_at] => 2025-10-24 12:59:24
            [updated_at] => 2025-10-24 12:59:24
            [teacher_name] => Jim Jamero
            [enrolled_at] => 2025-10-24 12:59:40
        )

)

DEBUG - 2025-10-25 20:57:34 --> Session: Class initialized using 'CodeIgniter\Session\Handlers\FileHandler' driver.
DEBUG - 2025-10-25 20:57:40 --> Session: Class initialized using 'CodeIgniter\Session\Handlers\FileHandler' driver.
INFO - 2025-10-25 20:57:40 --> CSRF token verified.
DEBUG - 2025-10-25 20:57:43 --> Session: Class initialized using 'CodeIgniter\Session\Handlers\FileHandler' driver.
CRITICAL - 2025-10-25 20:57:43 --> CodeIgniter\Security\Exceptions\SecurityException: The action you requested is not allowed.
[Method: DELETE, Route: notifications/delete/1]
in SYSTEMPATH\Security\Security.php on line 262.
 1 SYSTEMPATH\Security\Security.php(262): CodeIgniter\Security\Exceptions\SecurityException::forDisallowedAction()
 2 SYSTEMPATH\Filters\CSRF.php(52): CodeIgniter\Security\Security->verify(Object(CodeIgniter\HTTP\IncomingRequest))
 3 SYSTEMPATH\Filters\Filters.php(241): CodeIgniter\Filters\CSRF->before(Object(CodeIgniter\HTTP\IncomingRequest), null)
 4 SYSTEMPATH\Filters\Filters.php(221): CodeIgniter\Filters\Filters->runBefore([...])
 5 SYSTEMPATH\CodeIgniter.php(479): CodeIgniter\Filters\Filters->run('notifications/delete/1', 'before')
 6 SYSTEMPATH\CodeIgniter.php(354): CodeIgniter\CodeIgniter->handleRequest(null, Object(Config\Cache), false)
 7 SYSTEMPATH\Boot.php(363): CodeIgniter\CodeIgniter->run()
 8 SYSTEMPATH\Boot.php(68): CodeIgniter\Boot::runCodeIgniter(Object(CodeIgniter\CodeIgniter))
 9 FCPATH\index.php(59): CodeIgniter\Boot::bootWeb(Object(Config\Paths))
DEBUG - 2025-10-25 20:57:46 --> Session: Class initialized using 'CodeIgniter\Session\Handlers\FileHandler' driver.
DEBUG - 2025-10-25 20:57:46 --> Enrolled Course IDs: Array
(
    [0] => 1
    [1] => 4
    [2] => 3
    [3] => 2
    [4] => 7
)

DEBUG - 2025-10-25 20:57:46 --> Enrollments query: SELECT `courses`.`id`, `courses`.`course`, `courses`.`description`, `courses`.`teacher_id`, `courses`.`created_at`, `courses`.`updated_at`, `users`.`name` as `teacher_name`, `enrollments`.`enrolled_at`
FROM `enrollments`
JOIN `courses` ON `courses`.`id` = `enrollments`.`course_id`
LEFT JOIN `users` ON `users`.`id` = `courses`.`teacher_id`
WHERE `enrollments`.`student_id` = 2
ORDER BY `enrollments`.`enrolled_at` DESC
DEBUG - 2025-10-25 20:57:46 --> Enrollments data: Array
(
    [0] => Array
        (
            [id] => 7
            [course] => ADVANCED DATABASE SYSTEMS
            [description] => IM101
            [teacher_id] => 3
            [created_at] => 2025-10-25 20:45:07
            [updated_at] => 2025-10-25 20:45:07
            [teacher_name] => Jim Jamero
            [enrolled_at] => 2025-10-25 20:46:26
        )

    [1] => Array
        (
            [id] => 4
            [course] => WEB SYSTEM AND TECHNOLOGIES
            [description] => ITE311
            [teacher_id] => 3
            [created_at] => 2025-10-24 12:59:24
            [updated_at] => 2025-10-24 12:59:24
            [teacher_name] => Jim Jamero
            [enrolled_at] => 2025-10-24 12:59:40
        )

)

DEBUG - 2025-10-25 20:57:46 --> Available Courses: Array
(
    [0] => Array
        (
            [id] => 8
            [course] => SYSTEMS ANALYSIS AND DESIGN
            [description] => PD312
            [teacher_id] => 3
            [created_at] => 2025-10-25 20:45:35
            [updated_at] => 2025-10-25 20:45:35
            [teacher_name] => Jim Jamero
        )

    [1] => Array
        (
            [id] => 9
            [course] => SYSTEMS INTEGRATION AND ARCHITECTURE 1
            [description] => SIA101
            [teacher_id] => 3
            [created_at] => 2025-10-25 20:45:59
            [updated_at] => 2025-10-25 20:45:59
            [teacher_name] => Jim Jamero
        )

)

DEBUG - 2025-10-25 20:57:46 --> Enrolled Courses: Array
(
    [0] => Array
        (
            [id] => 7
            [course] => ADVANCED DATABASE SYSTEMS
            [description] => IM101
            [teacher_id] => 3
            [created_at] => 2025-10-25 20:45:07
            [updated_at] => 2025-10-25 20:45:07
            [teacher_name] => Jim Jamero
            [enrolled_at] => 2025-10-25 20:46:26
        )

    [1] => Array
        (
            [id] => 4
            [course] => WEB SYSTEM AND TECHNOLOGIES
            [description] => ITE311
            [teacher_id] => 3
            [created_at] => 2025-10-24 12:59:24
            [updated_at] => 2025-10-24 12:59:24
            [teacher_name] => Jim Jamero
            [enrolled_at] => 2025-10-24 12:59:40
        )

)

DEBUG - 2025-10-25 20:57:46 --> Session: Class initialized using 'CodeIgniter\Session\Handlers\FileHandler' driver.
DEBUG - 2025-10-25 20:57:51 --> Session: Class initialized using 'CodeIgniter\Session\Handlers\FileHandler' driver.
INFO - 2025-10-25 20:57:51 --> CSRF token verified.
DEBUG - 2025-10-25 20:57:54 --> Session: Class initialized using 'CodeIgniter\Session\Handlers\FileHandler' driver.
CRITICAL - 2025-10-25 20:57:54 --> CodeIgniter\Security\Exceptions\SecurityException: The action you requested is not allowed.
[Method: DELETE, Route: notifications/delete/3]
in SYSTEMPATH\Security\Security.php on line 262.
 1 SYSTEMPATH\Security\Security.php(262): CodeIgniter\Security\Exceptions\SecurityException::forDisallowedAction()
 2 SYSTEMPATH\Filters\CSRF.php(52): CodeIgniter\Security\Security->verify(Object(CodeIgniter\HTTP\IncomingRequest))
 3 SYSTEMPATH\Filters\Filters.php(241): CodeIgniter\Filters\CSRF->before(Object(CodeIgniter\HTTP\IncomingRequest), null)
 4 SYSTEMPATH\Filters\Filters.php(221): CodeIgniter\Filters\Filters->runBefore([...])
 5 SYSTEMPATH\CodeIgniter.php(479): CodeIgniter\Filters\Filters->run('notifications/delete/3', 'before')
 6 SYSTEMPATH\CodeIgniter.php(354): CodeIgniter\CodeIgniter->handleRequest(null, Object(Config\Cache), false)
 7 SYSTEMPATH\Boot.php(363): CodeIgniter\CodeIgniter->run()
 8 SYSTEMPATH\Boot.php(68): CodeIgniter\Boot::runCodeIgniter(Object(CodeIgniter\CodeIgniter))
 9 FCPATH\index.php(59): CodeIgniter\Boot::bootWeb(Object(Config\Paths))
DEBUG - 2025-10-25 20:57:56 --> Session: Class initialized using 'CodeIgniter\Session\Handlers\FileHandler' driver.
DEBUG - 2025-10-25 20:57:56 --> Enrolled Course IDs: Array
(
    [0] => 1
    [1] => 4
    [2] => 3
    [3] => 2
    [4] => 7
)

DEBUG - 2025-10-25 20:57:56 --> Enrollments query: SELECT `courses`.`id`, `courses`.`course`, `courses`.`description`, `courses`.`teacher_id`, `courses`.`created_at`, `courses`.`updated_at`, `users`.`name` as `teacher_name`, `enrollments`.`enrolled_at`
FROM `enrollments`
JOIN `courses` ON `courses`.`id` = `enrollments`.`course_id`
LEFT JOIN `users` ON `users`.`id` = `courses`.`teacher_id`
WHERE `enrollments`.`student_id` = 2
ORDER BY `enrollments`.`enrolled_at` DESC
DEBUG - 2025-10-25 20:57:56 --> Enrollments data: Array
(
    [0] => Array
        (
            [id] => 7
            [course] => ADVANCED DATABASE SYSTEMS
            [description] => IM101
            [teacher_id] => 3
            [created_at] => 2025-10-25 20:45:07
            [updated_at] => 2025-10-25 20:45:07
            [teacher_name] => Jim Jamero
            [enrolled_at] => 2025-10-25 20:46:26
        )

    [1] => Array
        (
            [id] => 4
            [course] => WEB SYSTEM AND TECHNOLOGIES
            [description] => ITE311
            [teacher_id] => 3
            [created_at] => 2025-10-24 12:59:24
            [updated_at] => 2025-10-24 12:59:24
            [teacher_name] => Jim Jamero
            [enrolled_at] => 2025-10-24 12:59:40
        )

)

DEBUG - 2025-10-25 20:57:56 --> Available Courses: Array
(
    [0] => Array
        (
            [id] => 8
            [course] => SYSTEMS ANALYSIS AND DESIGN
            [description] => PD312
            [teacher_id] => 3
            [created_at] => 2025-10-25 20:45:35
            [updated_at] => 2025-10-25 20:45:35
            [teacher_name] => Jim Jamero
        )

    [1] => Array
        (
            [id] => 9
            [course] => SYSTEMS INTEGRATION AND ARCHITECTURE 1
            [description] => SIA101
            [teacher_id] => 3
            [created_at] => 2025-10-25 20:45:59
            [updated_at] => 2025-10-25 20:45:59
            [teacher_name] => Jim Jamero
        )

)

DEBUG - 2025-10-25 20:57:56 --> Enrolled Courses: Array
(
    [0] => Array
        (
            [id] => 7
            [course] => ADVANCED DATABASE SYSTEMS
            [description] => IM101
            [teacher_id] => 3
            [created_at] => 2025-10-25 20:45:07
            [updated_at] => 2025-10-25 20:45:07
            [teacher_name] => Jim Jamero
            [enrolled_at] => 2025-10-25 20:46:26
        )

    [1] => Array
        (
            [id] => 4
            [course] => WEB SYSTEM AND TECHNOLOGIES
            [description] => ITE311
            [teacher_id] => 3
            [created_at] => 2025-10-24 12:59:24
            [updated_at] => 2025-10-24 12:59:24
            [teacher_name] => Jim Jamero
            [enrolled_at] => 2025-10-24 12:59:40
        )

)

DEBUG - 2025-10-25 20:57:56 --> Session: Class initialized using 'CodeIgniter\Session\Handlers\FileHandler' driver.
DEBUG - 2025-10-25 20:58:00 --> Session: Class initialized using 'CodeIgniter\Session\Handlers\FileHandler' driver.
INFO - 2025-10-25 20:58:00 --> CSRF token verified.
DEBUG - 2025-10-25 20:58:03 --> Session: Class initialized using 'CodeIgniter\Session\Handlers\FileHandler' driver.
DEBUG - 2025-10-25 20:58:03 --> Enrolled Course IDs: Array
(
    [0] => 1
    [1] => 4
    [2] => 3
    [3] => 2
    [4] => 7
)

DEBUG - 2025-10-25 20:58:03 --> Enrollments query: SELECT `courses`.`id`, `courses`.`course`, `courses`.`description`, `courses`.`teacher_id`, `courses`.`created_at`, `courses`.`updated_at`, `users`.`name` as `teacher_name`, `enrollments`.`enrolled_at`
FROM `enrollments`
JOIN `courses` ON `courses`.`id` = `enrollments`.`course_id`
LEFT JOIN `users` ON `users`.`id` = `courses`.`teacher_id`
WHERE `enrollments`.`student_id` = 2
ORDER BY `enrollments`.`enrolled_at` DESC
DEBUG - 2025-10-25 20:58:03 --> Enrollments data: Array
(
    [0] => Array
        (
            [id] => 7
            [course] => ADVANCED DATABASE SYSTEMS
            [description] => IM101
            [teacher_id] => 3
            [created_at] => 2025-10-25 20:45:07
            [updated_at] => 2025-10-25 20:45:07
            [teacher_name] => Jim Jamero
            [enrolled_at] => 2025-10-25 20:46:26
        )

    [1] => Array
        (
            [id] => 4
            [course] => WEB SYSTEM AND TECHNOLOGIES
            [description] => ITE311
            [teacher_id] => 3
            [created_at] => 2025-10-24 12:59:24
            [updated_at] => 2025-10-24 12:59:24
            [teacher_name] => Jim Jamero
            [enrolled_at] => 2025-10-24 12:59:40
        )

)

DEBUG - 2025-10-25 20:58:03 --> Available Courses: Array
(
    [0] => Array
        (
            [id] => 8
            [course] => SYSTEMS ANALYSIS AND DESIGN
            [description] => PD312
            [teacher_id] => 3
            [created_at] => 2025-10-25 20:45:35
            [updated_at] => 2025-10-25 20:45:35
            [teacher_name] => Jim Jamero
        )

    [1] => Array
        (
            [id] => 9
            [course] => SYSTEMS INTEGRATION AND ARCHITECTURE 1
            [description] => SIA101
            [teacher_id] => 3
            [created_at] => 2025-10-25 20:45:59
            [updated_at] => 2025-10-25 20:45:59
            [teacher_name] => Jim Jamero
        )

)

DEBUG - 2025-10-25 20:58:03 --> Enrolled Courses: Array
(
    [0] => Array
        (
            [id] => 7
            [course] => ADVANCED DATABASE SYSTEMS
            [description] => IM101
            [teacher_id] => 3
            [created_at] => 2025-10-25 20:45:07
            [updated_at] => 2025-10-25 20:45:07
            [teacher_name] => Jim Jamero
            [enrolled_at] => 2025-10-25 20:46:26
        )

    [1] => Array
        (
            [id] => 4
            [course] => WEB SYSTEM AND TECHNOLOGIES
            [description] => ITE311
            [teacher_id] => 3
            [created_at] => 2025-10-24 12:59:24
            [updated_at] => 2025-10-24 12:59:24
            [teacher_name] => Jim Jamero
            [enrolled_at] => 2025-10-24 12:59:40
        )

)

DEBUG - 2025-10-25 20:58:03 --> Session: Class initialized using 'CodeIgniter\Session\Handlers\FileHandler' driver.
DEBUG - 2025-10-25 20:58:16 --> Session: Class initialized using 'CodeIgniter\Session\Handlers\FileHandler' driver.
DEBUG - 2025-10-25 20:58:16 --> Enrolled Course IDs: Array
(
    [0] => 1
    [1] => 4
    [2] => 3
    [3] => 2
    [4] => 7
)

DEBUG - 2025-10-25 20:58:16 --> Enrollments query: SELECT `courses`.`id`, `courses`.`course`, `courses`.`description`, `courses`.`teacher_id`, `courses`.`created_at`, `courses`.`updated_at`, `users`.`name` as `teacher_name`, `enrollments`.`enrolled_at`
FROM `enrollments`
JOIN `courses` ON `courses`.`id` = `enrollments`.`course_id`
LEFT JOIN `users` ON `users`.`id` = `courses`.`teacher_id`
WHERE `enrollments`.`student_id` = 2
ORDER BY `enrollments`.`enrolled_at` DESC
DEBUG - 2025-10-25 20:58:16 --> Enrollments data: Array
(
    [0] => Array
        (
            [id] => 7
            [course] => ADVANCED DATABASE SYSTEMS
            [description] => IM101
            [teacher_id] => 3
            [created_at] => 2025-10-25 20:45:07
            [updated_at] => 2025-10-25 20:45:07
            [teacher_name] => Jim Jamero
            [enrolled_at] => 2025-10-25 20:46:26
        )

    [1] => Array
        (
            [id] => 4
            [course] => WEB SYSTEM AND TECHNOLOGIES
            [description] => ITE311
            [teacher_id] => 3
            [created_at] => 2025-10-24 12:59:24
            [updated_at] => 2025-10-24 12:59:24
            [teacher_name] => Jim Jamero
            [enrolled_at] => 2025-10-24 12:59:40
        )

)

DEBUG - 2025-10-25 20:58:16 --> Available Courses: Array
(
    [0] => Array
        (
            [id] => 8
            [course] => SYSTEMS ANALYSIS AND DESIGN
            [description] => PD312
            [teacher_id] => 3
            [created_at] => 2025-10-25 20:45:35
            [updated_at] => 2025-10-25 20:45:35
            [teacher_name] => Jim Jamero
        )

    [1] => Array
        (
            [id] => 9
            [course] => SYSTEMS INTEGRATION AND ARCHITECTURE 1
            [description] => SIA101
            [teacher_id] => 3
            [created_at] => 2025-10-25 20:45:59
            [updated_at] => 2025-10-25 20:45:59
            [teacher_name] => Jim Jamero
        )

)

DEBUG - 2025-10-25 20:58:16 --> Enrolled Courses: Array
(
    [0] => Array
        (
            [id] => 7
            [course] => ADVANCED DATABASE SYSTEMS
            [description] => IM101
            [teacher_id] => 3
            [created_at] => 2025-10-25 20:45:07
            [updated_at] => 2025-10-25 20:45:07
            [teacher_name] => Jim Jamero
            [enrolled_at] => 2025-10-25 20:46:26
        )

    [1] => Array
        (
            [id] => 4
            [course] => WEB SYSTEM AND TECHNOLOGIES
            [description] => ITE311
            [teacher_id] => 3
            [created_at] => 2025-10-24 12:59:24
            [updated_at] => 2025-10-24 12:59:24
            [teacher_name] => Jim Jamero
            [enrolled_at] => 2025-10-24 12:59:40
        )

)

DEBUG - 2025-10-25 20:58:17 --> Session: Class initialized using 'CodeIgniter\Session\Handlers\FileHandler' driver.
DEBUG - 2025-10-25 20:58:21 --> Session: Class initialized using 'CodeIgniter\Session\Handlers\FileHandler' driver.
INFO - 2025-10-25 20:58:21 --> CSRF token verified.
DEBUG - 2025-10-25 20:58:21 --> === START ENROLLMENT REQUEST ===
DEBUG - 2025-10-25 20:58:21 --> POST data: Array
(
    [course_id] => 8
)

DEBUG - 2025-10-25 20:58:21 --> Headers: Array
(
    [Content-Type] => CodeIgniter\HTTP\Header Object
        (
            [name:protected] => Content-Type
            [value:protected] => multipart/form-data; boundary=----WebKitFormBoundary09uYBTBZAfFmFGAQ
        )

    [Host] => CodeIgniter\HTTP\Header Object
        (
            [name:protected] => Host
            [value:protected] => localhost
        )

    [Connection] => CodeIgniter\HTTP\Header Object
        (
            [name:protected] => Connection
            [value:protected] => keep-alive
        )

    [Sec-Ch-Ua-Platform] => CodeIgniter\HTTP\Header Object
        (
            [name:protected] => Sec-Ch-Ua-Platform
            [value:protected] => "Windows"
        )

    [X-Csrf-Token] => CodeIgniter\HTTP\Header Object
        (
            [name:protected] => X-Csrf-Token
            [value:protected] => a924594acfa94cdc6ee66f7727bcd5b5
        )

    [X-Csrf-Name] => CodeIgniter\HTTP\Header Object
        (
            [name:protected] => X-Csrf-Name
            [value:protected] => csrf_test_name
        )

    [Sec-Ch-Ua] => CodeIgniter\HTTP\Header Object
        (
            [name:protected] => Sec-Ch-Ua
            [value:protected] => "Google Chrome";v="141", "Not?A_Brand";v="8", "Chromium";v="141"
        )

    [Sec-Ch-Ua-Mobile] => CodeIgniter\HTTP\Header Object
        (
            [name:protected] => Sec-Ch-Ua-Mobile
            [value:protected] => ?0
        )

    [X-Requested-With] => CodeIgniter\HTTP\Header Object
        (
            [name:protected] => X-Requested-With
            [value:protected] => XMLHttpRequest
        )

    [User-Agent] => CodeIgniter\HTTP\Header Object
        (
            [name:protected] => User-Agent
            [value:protected] => Mozilla/5.0 (Windows NT 10.0; Win64; x64) AppleWebKit/537.36 (KHTML, like Gecko) Chrome/141.0.0.0 Safari/537.36
        )

    [Accept] => CodeIgniter\HTTP\Header Object
        (
            [name:protected] => Accept
            [value:protected] => application/json, text/javascript, */*; q=0.01
        )

    [Origin] => CodeIgniter\HTTP\Header Object
        (
            [name:protected] => Origin
            [value:protected] => http://localhost
        )

    [Sec-Fetch-Site] => CodeIgniter\HTTP\Header Object
        (
            [name:protected] => Sec-Fetch-Site
            [value:protected] => same-origin
        )

    [Sec-Fetch-Mode] => CodeIgniter\HTTP\Header Object
        (
            [name:protected] => Sec-Fetch-Mode
            [value:protected] => cors
        )

    [Sec-Fetch-Dest] => CodeIgniter\HTTP\Header Object
        (
            [name:protected] => Sec-Fetch-Dest
            [value:protected] => empty
        )

    [Referer] => CodeIgniter\HTTP\Header Object
        (
            [name:protected] => Referer
            [value:protected] => http://localhost/ITE311-GOMEZ/dashboard
        )

    [Accept-Encoding] => CodeIgniter\HTTP\Header Object
        (
            [name:protected] => Accept-Encoding
            [value:protected] => gzip, deflate, br, zstd
        )

    [Accept-Language] => CodeIgniter\HTTP\Header Object
        (
            [name:protected] => Accept-Language
            [value:protected] => en-PH,en-US;q=0.9,en;q=0.8
        )

    [Cookie] => CodeIgniter\HTTP\Header Object
        (
            [name:protected] => Cookie
            [value:protected] => debug-bar-state=minimized; ci_session=b211572638fe6a6f8c936c570f272f70; csrf_cookie_name=a924594acfa94cdc6ee66f7727bcd5b5
        )

)

DEBUG - 2025-10-25 20:58:21 --> User data: Array
(
    [id] => 2
    [name] => Jerald Maca
    [email] => JeraldMaca@gmail.com
    [role] => student
)

DEBUG - 2025-10-25 20:58:21 --> Processing enrollment for user ID: 2
DEBUG - 2025-10-25 20:58:21 --> Enroll endpoint method: POST
DEBUG - 2025-10-25 20:58:21 --> Attempting enrollment - User ID: 2, Course ID: 8
DEBUG - 2025-10-25 20:58:21 --> Database connection established
DEBUG - 2025-10-25 20:58:21 --> Course query result: Array
(
    [id] => 8
    [course] => SYSTEMS ANALYSIS AND DESIGN
    [description] => PD312
)

DEBUG - 2025-10-25 20:58:21 --> EnrollmentModel initialized
DEBUG - 2025-10-25 20:58:21 --> Is already enrolled: No
DEBUG - 2025-10-25 20:58:21 --> Attempting to enroll user with data: Array
(
    [student_id] => 2
    [course_id] => 8
    [enrolled_at] => 2025-10-25 20:58:21
)

DEBUG - 2025-10-25 20:58:21 --> Direct DB insert result - Insert ID: 6
DEBUG - 2025-10-25 20:58:21 --> DB Error: 
DEBUG - 2025-10-25 20:58:21 --> === END ENROLLMENT REQUEST ===
DEBUG - 2025-10-25 20:58:21 --> Enrollment successful - ID: 6, User: 2, Course: 8
ERROR - 2025-10-25 20:58:21 --> Failed to create notification: Call to undefined method App\Models\NotificationModel::createNotification
DEBUG - 2025-10-25 20:58:21 --> Sending success response: {"success":true,"message":"Enrolled successfully.","course":{"id":"8","course":"SYSTEMS ANALYSIS AND DESIGN","description":"PD312","enrolled_at":"2025-10-25 20:58:21"},"debug":{"insert_id":6,"timestamp":"2025-10-25 20:58:21"},"csrf":{"token":"csrf_test_name","hash":"f618ee72e1641c3686df2a079d9562b9"}}
DEBUG - 2025-10-25 20:58:25 --> Session: Class initialized using 'CodeIgniter\Session\Handlers\FileHandler' driver.
DEBUG - 2025-10-25 20:58:25 --> Enrolled Course IDs: Array
(
    [0] => 1
    [1] => 4
    [2] => 3
    [3] => 2
    [4] => 7
    [5] => 8
)

DEBUG - 2025-10-25 20:58:25 --> Enrollments query: SELECT `courses`.`id`, `courses`.`course`, `courses`.`description`, `courses`.`teacher_id`, `courses`.`created_at`, `courses`.`updated_at`, `users`.`name` as `teacher_name`, `enrollments`.`enrolled_at`
FROM `enrollments`
JOIN `courses` ON `courses`.`id` = `enrollments`.`course_id`
LEFT JOIN `users` ON `users`.`id` = `courses`.`teacher_id`
WHERE `enrollments`.`student_id` = 2
ORDER BY `enrollments`.`enrolled_at` DESC
DEBUG - 2025-10-25 20:58:25 --> Enrollments data: Array
(
    [0] => Array
        (
            [id] => 8
            [course] => SYSTEMS ANALYSIS AND DESIGN
            [description] => PD312
            [teacher_id] => 3
            [created_at] => 2025-10-25 20:45:35
            [updated_at] => 2025-10-25 20:45:35
            [teacher_name] => Jim Jamero
            [enrolled_at] => 2025-10-25 20:58:21
        )

    [1] => Array
        (
            [id] => 7
            [course] => ADVANCED DATABASE SYSTEMS
            [description] => IM101
            [teacher_id] => 3
            [created_at] => 2025-10-25 20:45:07
            [updated_at] => 2025-10-25 20:45:07
            [teacher_name] => Jim Jamero
            [enrolled_at] => 2025-10-25 20:46:26
        )

    [2] => Array
        (
            [id] => 4
            [course] => WEB SYSTEM AND TECHNOLOGIES
            [description] => ITE311
            [teacher_id] => 3
            [created_at] => 2025-10-24 12:59:24
            [updated_at] => 2025-10-24 12:59:24
            [teacher_name] => Jim Jamero
            [enrolled_at] => 2025-10-24 12:59:40
        )

)

DEBUG - 2025-10-25 20:58:25 --> Available Courses: Array
(
    [0] => Array
        (
            [id] => 9
            [course] => SYSTEMS INTEGRATION AND ARCHITECTURE 1
            [description] => SIA101
            [teacher_id] => 3
            [created_at] => 2025-10-25 20:45:59
            [updated_at] => 2025-10-25 20:45:59
            [teacher_name] => Jim Jamero
        )

)

DEBUG - 2025-10-25 20:58:25 --> Enrolled Courses: Array
(
    [0] => Array
        (
            [id] => 8
            [course] => SYSTEMS ANALYSIS AND DESIGN
            [description] => PD312
            [teacher_id] => 3
            [created_at] => 2025-10-25 20:45:35
            [updated_at] => 2025-10-25 20:45:35
            [teacher_name] => Jim Jamero
            [enrolled_at] => 2025-10-25 20:58:21
        )

    [1] => Array
        (
            [id] => 7
            [course] => ADVANCED DATABASE SYSTEMS
            [description] => IM101
            [teacher_id] => 3
            [created_at] => 2025-10-25 20:45:07
            [updated_at] => 2025-10-25 20:45:07
            [teacher_name] => Jim Jamero
            [enrolled_at] => 2025-10-25 20:46:26
        )

    [2] => Array
        (
            [id] => 4
            [course] => WEB SYSTEM AND TECHNOLOGIES
            [description] => ITE311
            [teacher_id] => 3
            [created_at] => 2025-10-24 12:59:24
            [updated_at] => 2025-10-24 12:59:24
            [teacher_name] => Jim Jamero
            [enrolled_at] => 2025-10-24 12:59:40
        )

)

DEBUG - 2025-10-25 20:58:26 --> Session: Class initialized using 'CodeIgniter\Session\Handlers\FileHandler' driver.
DEBUG - 2025-10-25 20:59:05 --> Session: Class initialized using 'CodeIgniter\Session\Handlers\FileHandler' driver.
INFO - 2025-10-25 20:59:05 --> CSRF token verified.
DEBUG - 2025-10-25 20:59:05 --> === START ENROLLMENT REQUEST ===
DEBUG - 2025-10-25 20:59:05 --> POST data: Array
(
    [course_id] => 9
)

DEBUG - 2025-10-25 20:59:05 --> Headers: Array
(
    [Content-Type] => CodeIgniter\HTTP\Header Object
        (
            [name:protected] => Content-Type
            [value:protected] => multipart/form-data; boundary=----WebKitFormBoundaryjzLfTgFquPA0gEE3
        )

    [Host] => CodeIgniter\HTTP\Header Object
        (
            [name:protected] => Host
            [value:protected] => localhost
        )

    [Connection] => CodeIgniter\HTTP\Header Object
        (
            [name:protected] => Connection
            [value:protected] => keep-alive
        )

    [Sec-Ch-Ua-Platform] => CodeIgniter\HTTP\Header Object
        (
            [name:protected] => Sec-Ch-Ua-Platform
            [value:protected] => "Windows"
        )

    [X-Csrf-Token] => CodeIgniter\HTTP\Header Object
        (
            [name:protected] => X-Csrf-Token
            [value:protected] => f618ee72e1641c3686df2a079d9562b9
        )

    [X-Csrf-Name] => CodeIgniter\HTTP\Header Object
        (
            [name:protected] => X-Csrf-Name
            [value:protected] => csrf_test_name
        )

    [Sec-Ch-Ua] => CodeIgniter\HTTP\Header Object
        (
            [name:protected] => Sec-Ch-Ua
            [value:protected] => "Google Chrome";v="141", "Not?A_Brand";v="8", "Chromium";v="141"
        )

    [Sec-Ch-Ua-Mobile] => CodeIgniter\HTTP\Header Object
        (
            [name:protected] => Sec-Ch-Ua-Mobile
            [value:protected] => ?0
        )

    [X-Requested-With] => CodeIgniter\HTTP\Header Object
        (
            [name:protected] => X-Requested-With
            [value:protected] => XMLHttpRequest
        )

    [User-Agent] => CodeIgniter\HTTP\Header Object
        (
            [name:protected] => User-Agent
            [value:protected] => Mozilla/5.0 (Windows NT 10.0; Win64; x64) AppleWebKit/537.36 (KHTML, like Gecko) Chrome/141.0.0.0 Safari/537.36
        )

    [Accept] => CodeIgniter\HTTP\Header Object
        (
            [name:protected] => Accept
            [value:protected] => application/json, text/javascript, */*; q=0.01
        )

    [Origin] => CodeIgniter\HTTP\Header Object
        (
            [name:protected] => Origin
            [value:protected] => http://localhost
        )

    [Sec-Fetch-Site] => CodeIgniter\HTTP\Header Object
        (
            [name:protected] => Sec-Fetch-Site
            [value:protected] => same-origin
        )

    [Sec-Fetch-Mode] => CodeIgniter\HTTP\Header Object
        (
            [name:protected] => Sec-Fetch-Mode
            [value:protected] => cors
        )

    [Sec-Fetch-Dest] => CodeIgniter\HTTP\Header Object
        (
            [name:protected] => Sec-Fetch-Dest
            [value:protected] => empty
        )

    [Referer] => CodeIgniter\HTTP\Header Object
        (
            [name:protected] => Referer
            [value:protected] => http://localhost/ITE311-GOMEZ/dashboard
        )

    [Accept-Encoding] => CodeIgniter\HTTP\Header Object
        (
            [name:protected] => Accept-Encoding
            [value:protected] => gzip, deflate, br, zstd
        )

    [Accept-Language] => CodeIgniter\HTTP\Header Object
        (
            [name:protected] => Accept-Language
            [value:protected] => en-PH,en-US;q=0.9,en;q=0.8
        )

    [Cookie] => CodeIgniter\HTTP\Header Object
        (
            [name:protected] => Cookie
            [value:protected] => debug-bar-state=minimized; ci_session=b211572638fe6a6f8c936c570f272f70; csrf_cookie_name=f618ee72e1641c3686df2a079d9562b9
        )

)

DEBUG - 2025-10-25 20:59:05 --> User data: Array
(
    [id] => 2
    [name] => Jerald Maca
    [email] => JeraldMaca@gmail.com
    [role] => student
)

DEBUG - 2025-10-25 20:59:05 --> Processing enrollment for user ID: 2
DEBUG - 2025-10-25 20:59:05 --> Enroll endpoint method: POST
DEBUG - 2025-10-25 20:59:05 --> Attempting enrollment - User ID: 2, Course ID: 9
DEBUG - 2025-10-25 20:59:05 --> Database connection established
DEBUG - 2025-10-25 20:59:05 --> Course query result: Array
(
    [id] => 9
    [course] => SYSTEMS INTEGRATION AND ARCHITECTURE 1
    [description] => SIA101
)

DEBUG - 2025-10-25 20:59:05 --> EnrollmentModel initialized
DEBUG - 2025-10-25 20:59:05 --> Is already enrolled: No
DEBUG - 2025-10-25 20:59:05 --> Attempting to enroll user with data: Array
(
    [student_id] => 2
    [course_id] => 9
    [enrolled_at] => 2025-10-25 20:59:05
)

DEBUG - 2025-10-25 20:59:05 --> Direct DB insert result - Insert ID: 7
DEBUG - 2025-10-25 20:59:05 --> DB Error: 
DEBUG - 2025-10-25 20:59:05 --> === END ENROLLMENT REQUEST ===
DEBUG - 2025-10-25 20:59:05 --> Enrollment successful - ID: 7, User: 2, Course: 9
ERROR - 2025-10-25 20:59:05 --> Failed to create notification: Call to undefined method App\Models\NotificationModel::createNotification
DEBUG - 2025-10-25 20:59:05 --> Sending success response: {"success":true,"message":"Enrolled successfully.","course":{"id":"9","course":"SYSTEMS INTEGRATION AND ARCHITECTURE 1","description":"SIA101","enrolled_at":"2025-10-25 20:59:05"},"debug":{"insert_id":7,"timestamp":"2025-10-25 20:59:05"},"csrf":{"token":"csrf_test_name","hash":"3c144c01ac9c0e51ee8956cafcf873fc"}}
DEBUG - 2025-10-25 20:59:09 --> Session: Class initialized using 'CodeIgniter\Session\Handlers\FileHandler' driver.
DEBUG - 2025-10-25 20:59:09 --> Enrolled Course IDs: Array
(
    [0] => 1
    [1] => 4
    [2] => 3
    [3] => 2
    [4] => 7
    [5] => 8
    [6] => 9
)

DEBUG - 2025-10-25 20:59:09 --> Enrollments query: SELECT `courses`.`id`, `courses`.`course`, `courses`.`description`, `courses`.`teacher_id`, `courses`.`created_at`, `courses`.`updated_at`, `users`.`name` as `teacher_name`, `enrollments`.`enrolled_at`
FROM `enrollments`
JOIN `courses` ON `courses`.`id` = `enrollments`.`course_id`
LEFT JOIN `users` ON `users`.`id` = `courses`.`teacher_id`
WHERE `enrollments`.`student_id` = 2
ORDER BY `enrollments`.`enrolled_at` DESC
DEBUG - 2025-10-25 20:59:09 --> Enrollments data: Array
(
    [0] => Array
        (
            [id] => 9
            [course] => SYSTEMS INTEGRATION AND ARCHITECTURE 1
            [description] => SIA101
            [teacher_id] => 3
            [created_at] => 2025-10-25 20:45:59
            [updated_at] => 2025-10-25 20:45:59
            [teacher_name] => Jim Jamero
            [enrolled_at] => 2025-10-25 20:59:05
        )

    [1] => Array
        (
            [id] => 8
            [course] => SYSTEMS ANALYSIS AND DESIGN
            [description] => PD312
            [teacher_id] => 3
            [created_at] => 2025-10-25 20:45:35
            [updated_at] => 2025-10-25 20:45:35
            [teacher_name] => Jim Jamero
            [enrolled_at] => 2025-10-25 20:58:21
        )

    [2] => Array
        (
            [id] => 7
            [course] => ADVANCED DATABASE SYSTEMS
            [description] => IM101
            [teacher_id] => 3
            [created_at] => 2025-10-25 20:45:07
            [updated_at] => 2025-10-25 20:45:07
            [teacher_name] => Jim Jamero
            [enrolled_at] => 2025-10-25 20:46:26
        )

    [3] => Array
        (
            [id] => 4
            [course] => WEB SYSTEM AND TECHNOLOGIES
            [description] => ITE311
            [teacher_id] => 3
            [created_at] => 2025-10-24 12:59:24
            [updated_at] => 2025-10-24 12:59:24
            [teacher_name] => Jim Jamero
            [enrolled_at] => 2025-10-24 12:59:40
        )

)

DEBUG - 2025-10-25 20:59:09 --> Available Courses: Array
(
)

DEBUG - 2025-10-25 20:59:09 --> Enrolled Courses: Array
(
    [0] => Array
        (
            [id] => 9
            [course] => SYSTEMS INTEGRATION AND ARCHITECTURE 1
            [description] => SIA101
            [teacher_id] => 3
            [created_at] => 2025-10-25 20:45:59
            [updated_at] => 2025-10-25 20:45:59
            [teacher_name] => Jim Jamero
            [enrolled_at] => 2025-10-25 20:59:05
        )

    [1] => Array
        (
            [id] => 8
            [course] => SYSTEMS ANALYSIS AND DESIGN
            [description] => PD312
            [teacher_id] => 3
            [created_at] => 2025-10-25 20:45:35
            [updated_at] => 2025-10-25 20:45:35
            [teacher_name] => Jim Jamero
            [enrolled_at] => 2025-10-25 20:58:21
        )

    [2] => Array
        (
            [id] => 7
            [course] => ADVANCED DATABASE SYSTEMS
            [description] => IM101
            [teacher_id] => 3
            [created_at] => 2025-10-25 20:45:07
            [updated_at] => 2025-10-25 20:45:07
            [teacher_name] => Jim Jamero
            [enrolled_at] => 2025-10-25 20:46:26
        )

    [3] => Array
        (
            [id] => 4
            [course] => WEB SYSTEM AND TECHNOLOGIES
            [description] => ITE311
            [teacher_id] => 3
            [created_at] => 2025-10-24 12:59:24
            [updated_at] => 2025-10-24 12:59:24
            [teacher_name] => Jim Jamero
            [enrolled_at] => 2025-10-24 12:59:40
        )

)

DEBUG - 2025-10-25 20:59:10 --> Session: Class initialized using 'CodeIgniter\Session\Handlers\FileHandler' driver.
DEBUG - 2025-10-25 20:59:26 --> Session: Class initialized using 'CodeIgniter\Session\Handlers\FileHandler' driver.
DEBUG - 2025-10-25 20:59:27 --> Enrolled Course IDs: Array
(
    [0] => 1
    [1] => 4
    [2] => 3
    [3] => 2
    [4] => 7
    [5] => 8
    [6] => 9
)

DEBUG - 2025-10-25 20:59:27 --> Enrollments query: SELECT `courses`.`id`, `courses`.`course`, `courses`.`description`, `courses`.`teacher_id`, `courses`.`created_at`, `courses`.`updated_at`, `users`.`name` as `teacher_name`, `enrollments`.`enrolled_at`
FROM `enrollments`
JOIN `courses` ON `courses`.`id` = `enrollments`.`course_id`
LEFT JOIN `users` ON `users`.`id` = `courses`.`teacher_id`
WHERE `enrollments`.`student_id` = 2
ORDER BY `enrollments`.`enrolled_at` DESC
DEBUG - 2025-10-25 20:59:27 --> Enrollments data: Array
(
    [0] => Array
        (
            [id] => 9
            [course] => SYSTEMS INTEGRATION AND ARCHITECTURE 1
            [description] => SIA101
            [teacher_id] => 3
            [created_at] => 2025-10-25 20:45:59
            [updated_at] => 2025-10-25 20:45:59
            [teacher_name] => Jim Jamero
            [enrolled_at] => 2025-10-25 20:59:05
        )

    [1] => Array
        (
            [id] => 8
            [course] => SYSTEMS ANALYSIS AND DESIGN
            [description] => PD312
            [teacher_id] => 3
            [created_at] => 2025-10-25 20:45:35
            [updated_at] => 2025-10-25 20:45:35
            [teacher_name] => Jim Jamero
            [enrolled_at] => 2025-10-25 20:58:21
        )

    [2] => Array
        (
            [id] => 7
            [course] => ADVANCED DATABASE SYSTEMS
            [description] => IM101
            [teacher_id] => 3
            [created_at] => 2025-10-25 20:45:07
            [updated_at] => 2025-10-25 20:45:07
            [teacher_name] => Jim Jamero
            [enrolled_at] => 2025-10-25 20:46:26
        )

    [3] => Array
        (
            [id] => 4
            [course] => WEB SYSTEM AND TECHNOLOGIES
            [description] => ITE311
            [teacher_id] => 3
            [created_at] => 2025-10-24 12:59:24
            [updated_at] => 2025-10-24 12:59:24
            [teacher_name] => Jim Jamero
            [enrolled_at] => 2025-10-24 12:59:40
        )

)

DEBUG - 2025-10-25 20:59:27 --> Available Courses: Array
(
)

DEBUG - 2025-10-25 20:59:27 --> Enrolled Courses: Array
(
    [0] => Array
        (
            [id] => 9
            [course] => SYSTEMS INTEGRATION AND ARCHITECTURE 1
            [description] => SIA101
            [teacher_id] => 3
            [created_at] => 2025-10-25 20:45:59
            [updated_at] => 2025-10-25 20:45:59
            [teacher_name] => Jim Jamero
            [enrolled_at] => 2025-10-25 20:59:05
        )

    [1] => Array
        (
            [id] => 8
            [course] => SYSTEMS ANALYSIS AND DESIGN
            [description] => PD312
            [teacher_id] => 3
            [created_at] => 2025-10-25 20:45:35
            [updated_at] => 2025-10-25 20:45:35
            [teacher_name] => Jim Jamero
            [enrolled_at] => 2025-10-25 20:58:21
        )

    [2] => Array
        (
            [id] => 7
            [course] => ADVANCED DATABASE SYSTEMS
            [description] => IM101
            [teacher_id] => 3
            [created_at] => 2025-10-25 20:45:07
            [updated_at] => 2025-10-25 20:45:07
            [teacher_name] => Jim Jamero
            [enrolled_at] => 2025-10-25 20:46:26
        )

    [3] => Array
        (
            [id] => 4
            [course] => WEB SYSTEM AND TECHNOLOGIES
            [description] => ITE311
            [teacher_id] => 3
            [created_at] => 2025-10-24 12:59:24
            [updated_at] => 2025-10-24 12:59:24
            [teacher_name] => Jim Jamero
            [enrolled_at] => 2025-10-24 12:59:40
        )

)

DEBUG - 2025-10-25 20:59:27 --> Session: Class initialized using 'CodeIgniter\Session\Handlers\FileHandler' driver.
DEBUG - 2025-10-25 20:59:42 --> Session: Class initialized using 'CodeIgniter\Session\Handlers\FileHandler' driver.
DEBUG - 2025-10-25 20:59:42 --> Enrolled Course IDs: Array
(
    [0] => 1
    [1] => 4
    [2] => 3
    [3] => 2
    [4] => 7
    [5] => 8
    [6] => 9
)

DEBUG - 2025-10-25 20:59:42 --> Enrollments query: SELECT `courses`.`id`, `courses`.`course`, `courses`.`description`, `courses`.`teacher_id`, `courses`.`created_at`, `courses`.`updated_at`, `users`.`name` as `teacher_name`, `enrollments`.`enrolled_at`
FROM `enrollments`
JOIN `courses` ON `courses`.`id` = `enrollments`.`course_id`
LEFT JOIN `users` ON `users`.`id` = `courses`.`teacher_id`
WHERE `enrollments`.`student_id` = 2
ORDER BY `enrollments`.`enrolled_at` DESC
DEBUG - 2025-10-25 20:59:42 --> Enrollments data: Array
(
    [0] => Array
        (
            [id] => 9
            [course] => SYSTEMS INTEGRATION AND ARCHITECTURE 1
            [description] => SIA101
            [teacher_id] => 3
            [created_at] => 2025-10-25 20:45:59
            [updated_at] => 2025-10-25 20:45:59
            [teacher_name] => Jim Jamero
            [enrolled_at] => 2025-10-25 20:59:05
        )

    [1] => Array
        (
            [id] => 8
            [course] => SYSTEMS ANALYSIS AND DESIGN
            [description] => PD312
            [teacher_id] => 3
            [created_at] => 2025-10-25 20:45:35
            [updated_at] => 2025-10-25 20:45:35
            [teacher_name] => Jim Jamero
            [enrolled_at] => 2025-10-25 20:58:21
        )

    [2] => Array
        (
            [id] => 7
            [course] => ADVANCED DATABASE SYSTEMS
            [description] => IM101
            [teacher_id] => 3
            [created_at] => 2025-10-25 20:45:07
            [updated_at] => 2025-10-25 20:45:07
            [teacher_name] => Jim Jamero
            [enrolled_at] => 2025-10-25 20:46:26
        )

    [3] => Array
        (
            [id] => 4
            [course] => WEB SYSTEM AND TECHNOLOGIES
            [description] => ITE311
            [teacher_id] => 3
            [created_at] => 2025-10-24 12:59:24
            [updated_at] => 2025-10-24 12:59:24
            [teacher_name] => Jim Jamero
            [enrolled_at] => 2025-10-24 12:59:40
        )

)

DEBUG - 2025-10-25 20:59:42 --> Available Courses: Array
(
)

DEBUG - 2025-10-25 20:59:42 --> Enrolled Courses: Array
(
    [0] => Array
        (
            [id] => 9
            [course] => SYSTEMS INTEGRATION AND ARCHITECTURE 1
            [description] => SIA101
            [teacher_id] => 3
            [created_at] => 2025-10-25 20:45:59
            [updated_at] => 2025-10-25 20:45:59
            [teacher_name] => Jim Jamero
            [enrolled_at] => 2025-10-25 20:59:05
        )

    [1] => Array
        (
            [id] => 8
            [course] => SYSTEMS ANALYSIS AND DESIGN
            [description] => PD312
            [teacher_id] => 3
            [created_at] => 2025-10-25 20:45:35
            [updated_at] => 2025-10-25 20:45:35
            [teacher_name] => Jim Jamero
            [enrolled_at] => 2025-10-25 20:58:21
        )

    [2] => Array
        (
            [id] => 7
            [course] => ADVANCED DATABASE SYSTEMS
            [description] => IM101
            [teacher_id] => 3
            [created_at] => 2025-10-25 20:45:07
            [updated_at] => 2025-10-25 20:45:07
            [teacher_name] => Jim Jamero
            [enrolled_at] => 2025-10-25 20:46:26
        )

    [3] => Array
        (
            [id] => 4
            [course] => WEB SYSTEM AND TECHNOLOGIES
            [description] => ITE311
            [teacher_id] => 3
            [created_at] => 2025-10-24 12:59:24
            [updated_at] => 2025-10-24 12:59:24
            [teacher_name] => Jim Jamero
            [enrolled_at] => 2025-10-24 12:59:40
        )

)

DEBUG - 2025-10-25 20:59:42 --> Session: Class initialized using 'CodeIgniter\Session\Handlers\FileHandler' driver.
DEBUG - 2025-10-25 21:00:25 --> Session: Class initialized using 'CodeIgniter\Session\Handlers\FileHandler' driver.
DEBUG - 2025-10-25 21:00:25 --> Enrollments query: SELECT `courses`.`id`, `courses`.`course`, `courses`.`description`, `courses`.`teacher_id`, `courses`.`created_at`, `courses`.`updated_at`, `users`.`name` as `teacher_name`, `enrollments`.`enrolled_at`
FROM `enrollments`
JOIN `courses` ON `courses`.`id` = `enrollments`.`course_id`
LEFT JOIN `users` ON `users`.`id` = `courses`.`teacher_id`
WHERE `enrollments`.`student_id` = 2
ORDER BY `enrollments`.`enrolled_at` DESC
DEBUG - 2025-10-25 21:00:25 --> Enrollments data: Array
(
    [0] => Array
        (
            [id] => 9
            [course] => SYSTEMS INTEGRATION AND ARCHITECTURE 1
            [description] => SIA101
            [teacher_id] => 3
            [created_at] => 2025-10-25 20:45:59
            [updated_at] => 2025-10-25 20:45:59
            [teacher_name] => Jim Jamero
            [enrolled_at] => 2025-10-25 20:59:05
        )

    [1] => Array
        (
            [id] => 8
            [course] => SYSTEMS ANALYSIS AND DESIGN
            [description] => PD312
            [teacher_id] => 3
            [created_at] => 2025-10-25 20:45:35
            [updated_at] => 2025-10-25 20:45:35
            [teacher_name] => Jim Jamero
            [enrolled_at] => 2025-10-25 20:58:21
        )

    [2] => Array
        (
            [id] => 7
            [course] => ADVANCED DATABASE SYSTEMS
            [description] => IM101
            [teacher_id] => 3
            [created_at] => 2025-10-25 20:45:07
            [updated_at] => 2025-10-25 20:45:07
            [teacher_name] => Jim Jamero
            [enrolled_at] => 2025-10-25 20:46:26
        )

    [3] => Array
        (
            [id] => 4
            [course] => WEB SYSTEM AND TECHNOLOGIES
            [description] => ITE311
            [teacher_id] => 3
            [created_at] => 2025-10-24 12:59:24
            [updated_at] => 2025-10-24 12:59:24
            [teacher_name] => Jim Jamero
            [enrolled_at] => 2025-10-24 12:59:40
        )

)

DEBUG - 2025-10-25 21:00:26 --> Session: Class initialized using 'CodeIgniter\Session\Handlers\FileHandler' driver.
DEBUG - 2025-10-25 21:00:31 --> Session: Class initialized using 'CodeIgniter\Session\Handlers\FileHandler' driver.
DEBUG - 2025-10-25 21:00:32 --> Session: Class initialized using 'CodeIgniter\Session\Handlers\FileHandler' driver.
DEBUG - 2025-10-25 21:00:38 --> Session: Class initialized using 'CodeIgniter\Session\Handlers\FileHandler' driver.
DEBUG - 2025-10-25 21:00:39 --> Session: Class initialized using 'CodeIgniter\Session\Handlers\FileHandler' driver.
DEBUG - 2025-10-25 21:00:39 --> Session: Class initialized using 'CodeIgniter\Session\Handlers\FileHandler' driver.
DEBUG - 2025-10-25 21:00:41 --> Session: Class initialized using 'CodeIgniter\Session\Handlers\FileHandler' driver.
DEBUG - 2025-10-25 21:00:42 --> Session: Class initialized using 'CodeIgniter\Session\Handlers\FileHandler' driver.
DEBUG - 2025-10-25 21:01:43 --> Session: Class initialized using 'CodeIgniter\Session\Handlers\FileHandler' driver.
DEBUG - 2025-10-25 21:02:26 --> Session: Class initialized using 'CodeIgniter\Session\Handlers\FileHandler' driver.
DEBUG - 2025-10-25 21:02:26 --> Session: Class initialized using 'CodeIgniter\Session\Handlers\FileHandler' driver.
DEBUG - 2025-10-25 21:02:28 --> Session: Class initialized using 'CodeIgniter\Session\Handlers\FileHandler' driver.
DEBUG - 2025-10-25 21:02:28 --> Session: Class initialized using 'CodeIgniter\Session\Handlers\FileHandler' driver.
DEBUG - 2025-10-25 21:03:17 --> Session: Class initialized using 'CodeIgniter\Session\Handlers\FileHandler' driver.
INFO - 2025-10-25 21:03:17 --> CSRF token verified.
DEBUG - 2025-10-25 21:03:17 --> Form data: Array
(
    [course] => ADVANCED DATABASE SYSTEMS
    [description] => IM101
    [teacher_id] => 3
)

DEBUG - 2025-10-25 21:03:18 --> Session: Class initialized using 'CodeIgniter\Session\Handlers\FileHandler' driver.
DEBUG - 2025-10-25 21:03:18 --> Session: Class initialized using 'CodeIgniter\Session\Handlers\FileHandler' driver.
DEBUG - 2025-10-25 21:03:19 --> Session: Class initialized using 'CodeIgniter\Session\Handlers\FileHandler' driver.
DEBUG - 2025-10-25 21:03:20 --> Session: Class initialized using 'CodeIgniter\Session\Handlers\FileHandler' driver.
DEBUG - 2025-10-25 21:03:21 --> Session: Class initialized using 'CodeIgniter\Session\Handlers\FileHandler' driver.
DEBUG - 2025-10-25 21:03:21 --> Session: Class initialized using 'CodeIgniter\Session\Handlers\FileHandler' driver.
DEBUG - 2025-10-25 21:03:45 --> Session: Class initialized using 'CodeIgniter\Session\Handlers\FileHandler' driver.
INFO - 2025-10-25 21:03:45 --> CSRF token verified.
DEBUG - 2025-10-25 21:03:45 --> Form data: Array
(
    [course] => SYSTEMS INTEGRATION AND ARCHITECTURE 1
    [description] => SIA101
    [teacher_id] => 3
)

DEBUG - 2025-10-25 21:03:46 --> Session: Class initialized using 'CodeIgniter\Session\Handlers\FileHandler' driver.
DEBUG - 2025-10-25 21:03:46 --> Session: Class initialized using 'CodeIgniter\Session\Handlers\FileHandler' driver.
DEBUG - 2025-10-25 21:03:47 --> Session: Class initialized using 'CodeIgniter\Session\Handlers\FileHandler' driver.
DEBUG - 2025-10-25 21:03:48 --> Session: Class initialized using 'CodeIgniter\Session\Handlers\FileHandler' driver.
DEBUG - 2025-10-25 21:03:50 --> Session: Class initialized using 'CodeIgniter\Session\Handlers\FileHandler' driver.
DEBUG - 2025-10-25 21:03:50 --> Session: Class initialized using 'CodeIgniter\Session\Handlers\FileHandler' driver.
DEBUG - 2025-10-25 21:04:15 --> Session: Class initialized using 'CodeIgniter\Session\Handlers\FileHandler' driver.
INFO - 2025-10-25 21:04:15 --> CSRF token verified.
DEBUG - 2025-10-25 21:04:15 --> Form data: Array
(
    [course] => SYSTEMS ANALYSIS AND DESIGN
    [description] => PD312
    [teacher_id] => 3
)

DEBUG - 2025-10-25 21:04:16 --> Session: Class initialized using 'CodeIgniter\Session\Handlers\FileHandler' driver.
DEBUG - 2025-10-25 21:04:16 --> Session: Class initialized using 'CodeIgniter\Session\Handlers\FileHandler' driver.
DEBUG - 2025-10-25 21:04:19 --> Session: Class initialized using 'CodeIgniter\Session\Handlers\FileHandler' driver.
DEBUG - 2025-10-25 21:04:20 --> Session: Class initialized using 'CodeIgniter\Session\Handlers\FileHandler' driver.
DEBUG - 2025-10-25 21:04:25 --> Session: Class initialized using 'CodeIgniter\Session\Handlers\FileHandler' driver.
DEBUG - 2025-10-25 21:04:25 --> Session: Class initialized using 'CodeIgniter\Session\Handlers\FileHandler' driver.
DEBUG - 2025-10-25 21:04:25 --> Enrolled Course IDs: Array
(
    [0] => 1
    [1] => 4
    [2] => 3
    [3] => 2
)

DEBUG - 2025-10-25 21:04:25 --> Enrollments query: SELECT `courses`.`id`, `courses`.`course`, `courses`.`description`, `courses`.`teacher_id`, `courses`.`created_at`, `courses`.`updated_at`, `users`.`name` as `teacher_name`, `enrollments`.`enrolled_at`
FROM `enrollments`
JOIN `courses` ON `courses`.`id` = `enrollments`.`course_id`
LEFT JOIN `users` ON `users`.`id` = `courses`.`teacher_id`
WHERE `enrollments`.`student_id` = 2
ORDER BY `enrollments`.`enrolled_at` DESC
DEBUG - 2025-10-25 21:04:25 --> Enrollments data: Array
(
    [0] => Array
        (
            [id] => 4
            [course] => WEB SYSTEM AND TECHNOLOGIES
            [description] => ITE311
            [teacher_id] => 3
            [created_at] => 2025-10-24 12:59:24
            [updated_at] => 2025-10-24 12:59:24
            [teacher_name] => Jim Jamero
            [enrolled_at] => 2025-10-24 12:59:40
        )

)

DEBUG - 2025-10-25 21:04:25 --> Available Courses: Array
(
    [0] => Array
        (
            [id] => 10
            [course] => ADVANCED DATABASE SYSTEMS
            [description] => IM101
            [teacher_id] => 3
            [created_at] => 2025-10-25 21:03:18
            [updated_at] => 2025-10-25 21:03:18
            [teacher_name] => Jim Jamero
        )

    [1] => Array
        (
            [id] => 11
            [course] => SYSTEMS INTEGRATION AND ARCHITECTURE 1
            [description] => SIA101
            [teacher_id] => 3
            [created_at] => 2025-10-25 21:03:45
            [updated_at] => 2025-10-25 21:03:45
            [teacher_name] => Jim Jamero
        )

    [2] => Array
        (
            [id] => 12
            [course] => SYSTEMS ANALYSIS AND DESIGN
            [description] => PD312
            [teacher_id] => 3
            [created_at] => 2025-10-25 21:04:15
            [updated_at] => 2025-10-25 21:04:15
            [teacher_name] => Jim Jamero
        )

)

DEBUG - 2025-10-25 21:04:25 --> Enrolled Courses: Array
(
    [0] => Array
        (
            [id] => 4
            [course] => WEB SYSTEM AND TECHNOLOGIES
            [description] => ITE311
            [teacher_id] => 3
            [created_at] => 2025-10-24 12:59:24
            [updated_at] => 2025-10-24 12:59:24
            [teacher_name] => Jim Jamero
            [enrolled_at] => 2025-10-24 12:59:40
        )

)

DEBUG - 2025-10-25 21:04:26 --> Session: Class initialized using 'CodeIgniter\Session\Handlers\FileHandler' driver.
DEBUG - 2025-10-25 21:04:43 --> Session: Class initialized using 'CodeIgniter\Session\Handlers\FileHandler' driver.
DEBUG - 2025-10-25 21:04:43 --> Enrolled Course IDs: Array
(
    [0] => 1
    [1] => 4
    [2] => 3
    [3] => 2
)

DEBUG - 2025-10-25 21:04:43 --> Enrollments query: SELECT `courses`.`id`, `courses`.`course`, `courses`.`description`, `courses`.`teacher_id`, `courses`.`created_at`, `courses`.`updated_at`, `users`.`name` as `teacher_name`, `enrollments`.`enrolled_at`
FROM `enrollments`
JOIN `courses` ON `courses`.`id` = `enrollments`.`course_id`
LEFT JOIN `users` ON `users`.`id` = `courses`.`teacher_id`
WHERE `enrollments`.`student_id` = 2
ORDER BY `enrollments`.`enrolled_at` DESC
DEBUG - 2025-10-25 21:04:43 --> Enrollments data: Array
(
    [0] => Array
        (
            [id] => 4
            [course] => WEB SYSTEM AND TECHNOLOGIES
            [description] => ITE311
            [teacher_id] => 3
            [created_at] => 2025-10-24 12:59:24
            [updated_at] => 2025-10-24 12:59:24
            [teacher_name] => Jim Jamero
            [enrolled_at] => 2025-10-24 12:59:40
        )

)

DEBUG - 2025-10-25 21:04:43 --> Available Courses: Array
(
    [0] => Array
        (
            [id] => 10
            [course] => ADVANCED DATABASE SYSTEMS
            [description] => IM101
            [teacher_id] => 3
            [created_at] => 2025-10-25 21:03:18
            [updated_at] => 2025-10-25 21:03:18
            [teacher_name] => Jim Jamero
        )

    [1] => Array
        (
            [id] => 11
            [course] => SYSTEMS INTEGRATION AND ARCHITECTURE 1
            [description] => SIA101
            [teacher_id] => 3
            [created_at] => 2025-10-25 21:03:45
            [updated_at] => 2025-10-25 21:03:45
            [teacher_name] => Jim Jamero
        )

    [2] => Array
        (
            [id] => 12
            [course] => SYSTEMS ANALYSIS AND DESIGN
            [description] => PD312
            [teacher_id] => 3
            [created_at] => 2025-10-25 21:04:15
            [updated_at] => 2025-10-25 21:04:15
            [teacher_name] => Jim Jamero
        )

)

DEBUG - 2025-10-25 21:04:43 --> Enrolled Courses: Array
(
    [0] => Array
        (
            [id] => 4
            [course] => WEB SYSTEM AND TECHNOLOGIES
            [description] => ITE311
            [teacher_id] => 3
            [created_at] => 2025-10-24 12:59:24
            [updated_at] => 2025-10-24 12:59:24
            [teacher_name] => Jim Jamero
            [enrolled_at] => 2025-10-24 12:59:40
        )

)

DEBUG - 2025-10-25 21:04:44 --> Session: Class initialized using 'CodeIgniter\Session\Handlers\FileHandler' driver.
DEBUG - 2025-10-25 21:04:47 --> Session: Class initialized using 'CodeIgniter\Session\Handlers\FileHandler' driver.
INFO - 2025-10-25 21:04:47 --> CSRF token verified.
DEBUG - 2025-10-25 21:04:47 --> === START ENROLLMENT REQUEST ===
DEBUG - 2025-10-25 21:04:47 --> POST data: Array
(
    [course_id] => 10
)

DEBUG - 2025-10-25 21:04:47 --> Headers: Array
(
    [Content-Type] => CodeIgniter\HTTP\Header Object
        (
            [name:protected] => Content-Type
            [value:protected] => multipart/form-data; boundary=----WebKitFormBoundaryXmaS8qSs0yy4wm4l
        )

    [Host] => CodeIgniter\HTTP\Header Object
        (
            [name:protected] => Host
            [value:protected] => localhost
        )

    [Connection] => CodeIgniter\HTTP\Header Object
        (
            [name:protected] => Connection
            [value:protected] => keep-alive
        )

    [Sec-Ch-Ua-Platform] => CodeIgniter\HTTP\Header Object
        (
            [name:protected] => Sec-Ch-Ua-Platform
            [value:protected] => "Windows"
        )

    [X-Csrf-Token] => CodeIgniter\HTTP\Header Object
        (
            [name:protected] => X-Csrf-Token
            [value:protected] => 3c144c01ac9c0e51ee8956cafcf873fc
        )

    [X-Csrf-Name] => CodeIgniter\HTTP\Header Object
        (
            [name:protected] => X-Csrf-Name
            [value:protected] => csrf_test_name
        )

    [Sec-Ch-Ua] => CodeIgniter\HTTP\Header Object
        (
            [name:protected] => Sec-Ch-Ua
            [value:protected] => "Google Chrome";v="141", "Not?A_Brand";v="8", "Chromium";v="141"
        )

    [Sec-Ch-Ua-Mobile] => CodeIgniter\HTTP\Header Object
        (
            [name:protected] => Sec-Ch-Ua-Mobile
            [value:protected] => ?0
        )

    [X-Requested-With] => CodeIgniter\HTTP\Header Object
        (
            [name:protected] => X-Requested-With
            [value:protected] => XMLHttpRequest
        )

    [User-Agent] => CodeIgniter\HTTP\Header Object
        (
            [name:protected] => User-Agent
            [value:protected] => Mozilla/5.0 (Windows NT 10.0; Win64; x64) AppleWebKit/537.36 (KHTML, like Gecko) Chrome/141.0.0.0 Safari/537.36
        )

    [Accept] => CodeIgniter\HTTP\Header Object
        (
            [name:protected] => Accept
            [value:protected] => application/json, text/javascript, */*; q=0.01
        )

    [Origin] => CodeIgniter\HTTP\Header Object
        (
            [name:protected] => Origin
            [value:protected] => http://localhost
        )

    [Sec-Fetch-Site] => CodeIgniter\HTTP\Header Object
        (
            [name:protected] => Sec-Fetch-Site
            [value:protected] => same-origin
        )

    [Sec-Fetch-Mode] => CodeIgniter\HTTP\Header Object
        (
            [name:protected] => Sec-Fetch-Mode
            [value:protected] => cors
        )

    [Sec-Fetch-Dest] => CodeIgniter\HTTP\Header Object
        (
            [name:protected] => Sec-Fetch-Dest
            [value:protected] => empty
        )

    [Referer] => CodeIgniter\HTTP\Header Object
        (
            [name:protected] => Referer
            [value:protected] => http://localhost/ITE311-GOMEZ/dashboard
        )

    [Accept-Encoding] => CodeIgniter\HTTP\Header Object
        (
            [name:protected] => Accept-Encoding
            [value:protected] => gzip, deflate, br, zstd
        )

    [Accept-Language] => CodeIgniter\HTTP\Header Object
        (
            [name:protected] => Accept-Language
            [value:protected] => en-PH,en-US;q=0.9,en;q=0.8
        )

    [Cookie] => CodeIgniter\HTTP\Header Object
        (
            [name:protected] => Cookie
            [value:protected] => debug-bar-state=minimized; csrf_cookie_name=3c144c01ac9c0e51ee8956cafcf873fc; ci_session=f3517cf7cbf5f052c5790ebff308045d
        )

)

DEBUG - 2025-10-25 21:04:47 --> User data: Array
(
    [id] => 2
    [name] => Jerald Maca
    [email] => JeraldMaca@gmail.com
    [role] => student
)

DEBUG - 2025-10-25 21:04:47 --> Processing enrollment for user ID: 2
DEBUG - 2025-10-25 21:04:47 --> Enroll endpoint method: POST
DEBUG - 2025-10-25 21:04:47 --> Attempting enrollment - User ID: 2, Course ID: 10
DEBUG - 2025-10-25 21:04:47 --> Database connection established
DEBUG - 2025-10-25 21:04:47 --> Course query result: Array
(
    [id] => 10
    [course] => ADVANCED DATABASE SYSTEMS
    [description] => IM101
)

DEBUG - 2025-10-25 21:04:47 --> EnrollmentModel initialized
DEBUG - 2025-10-25 21:04:47 --> Is already enrolled: No
DEBUG - 2025-10-25 21:04:47 --> Attempting to enroll user with data: Array
(
    [student_id] => 2
    [course_id] => 10
    [enrolled_at] => 2025-10-25 21:04:47
)

DEBUG - 2025-10-25 21:04:47 --> Direct DB insert result - Insert ID: 8
DEBUG - 2025-10-25 21:04:47 --> DB Error: 
DEBUG - 2025-10-25 21:04:47 --> === END ENROLLMENT REQUEST ===
DEBUG - 2025-10-25 21:04:47 --> Enrollment successful - ID: 8, User: 2, Course: 10
DEBUG - 2025-10-25 21:04:47 --> Notification created for user 2: You have been enrolled in ADVANCED DATABASE SYSTEMS
DEBUG - 2025-10-25 21:04:47 --> Sending success response: {"success":true,"message":"Enrolled successfully.","course":{"id":"10","course":"ADVANCED DATABASE SYSTEMS","description":"IM101","enrolled_at":"2025-10-25 21:04:47"},"debug":{"insert_id":8,"timestamp":"2025-10-25 21:04:47"},"csrf":{"token":"csrf_test_name","hash":"73819ff018a77ac8134ec499b45350b9"}}
DEBUG - 2025-10-25 21:04:57 --> Session: Class initialized using 'CodeIgniter\Session\Handlers\FileHandler' driver.
DEBUG - 2025-10-25 21:04:57 --> Enrolled Course IDs: Array
(
    [0] => 1
    [1] => 4
    [2] => 3
    [3] => 2
    [4] => 10
)

DEBUG - 2025-10-25 21:04:57 --> Enrollments query: SELECT `courses`.`id`, `courses`.`course`, `courses`.`description`, `courses`.`teacher_id`, `courses`.`created_at`, `courses`.`updated_at`, `users`.`name` as `teacher_name`, `enrollments`.`enrolled_at`
FROM `enrollments`
JOIN `courses` ON `courses`.`id` = `enrollments`.`course_id`
LEFT JOIN `users` ON `users`.`id` = `courses`.`teacher_id`
WHERE `enrollments`.`student_id` = 2
ORDER BY `enrollments`.`enrolled_at` DESC
DEBUG - 2025-10-25 21:04:57 --> Enrollments data: Array
(
    [0] => Array
        (
            [id] => 10
            [course] => ADVANCED DATABASE SYSTEMS
            [description] => IM101
            [teacher_id] => 3
            [created_at] => 2025-10-25 21:03:18
            [updated_at] => 2025-10-25 21:03:18
            [teacher_name] => Jim Jamero
            [enrolled_at] => 2025-10-25 21:04:47
        )

    [1] => Array
        (
            [id] => 4
            [course] => WEB SYSTEM AND TECHNOLOGIES
            [description] => ITE311
            [teacher_id] => 3
            [created_at] => 2025-10-24 12:59:24
            [updated_at] => 2025-10-24 12:59:24
            [teacher_name] => Jim Jamero
            [enrolled_at] => 2025-10-24 12:59:40
        )

)

DEBUG - 2025-10-25 21:04:57 --> Available Courses: Array
(
    [0] => Array
        (
            [id] => 11
            [course] => SYSTEMS INTEGRATION AND ARCHITECTURE 1
            [description] => SIA101
            [teacher_id] => 3
            [created_at] => 2025-10-25 21:03:45
            [updated_at] => 2025-10-25 21:03:45
            [teacher_name] => Jim Jamero
        )

    [1] => Array
        (
            [id] => 12
            [course] => SYSTEMS ANALYSIS AND DESIGN
            [description] => PD312
            [teacher_id] => 3
            [created_at] => 2025-10-25 21:04:15
            [updated_at] => 2025-10-25 21:04:15
            [teacher_name] => Jim Jamero
        )

)

DEBUG - 2025-10-25 21:04:57 --> Enrolled Courses: Array
(
    [0] => Array
        (
            [id] => 10
            [course] => ADVANCED DATABASE SYSTEMS
            [description] => IM101
            [teacher_id] => 3
            [created_at] => 2025-10-25 21:03:18
            [updated_at] => 2025-10-25 21:03:18
            [teacher_name] => Jim Jamero
            [enrolled_at] => 2025-10-25 21:04:47
        )

    [1] => Array
        (
            [id] => 4
            [course] => WEB SYSTEM AND TECHNOLOGIES
            [description] => ITE311
            [teacher_id] => 3
            [created_at] => 2025-10-24 12:59:24
            [updated_at] => 2025-10-24 12:59:24
            [teacher_name] => Jim Jamero
            [enrolled_at] => 2025-10-24 12:59:40
        )

)

DEBUG - 2025-10-25 21:04:58 --> Session: Class initialized using 'CodeIgniter\Session\Handlers\FileHandler' driver.
DEBUG - 2025-10-25 21:05:58 --> Session: Class initialized using 'CodeIgniter\Session\Handlers\FileHandler' driver.
DEBUG - 2025-10-25 21:06:58 --> Session: Class initialized using 'CodeIgniter\Session\Handlers\FileHandler' driver.
DEBUG - 2025-10-25 21:07:58 --> Session: Class initialized using 'CodeIgniter\Session\Handlers\FileHandler' driver.
DEBUG - 2025-10-25 21:08:46 --> Session: Class initialized using 'CodeIgniter\Session\Handlers\FileHandler' driver.
INFO - 2025-10-25 21:08:46 --> CSRF token verified.
DEBUG - 2025-10-25 21:08:46 --> === START ENROLLMENT REQUEST ===
DEBUG - 2025-10-25 21:08:46 --> POST data: Array
(
    [course_id] => 11
)

DEBUG - 2025-10-25 21:08:46 --> Headers: Array
(
    [Content-Type] => CodeIgniter\HTTP\Header Object
        (
            [name:protected] => Content-Type
            [value:protected] => multipart/form-data; boundary=----WebKitFormBoundarysuwAOvNHooggKy2X
        )

    [Host] => CodeIgniter\HTTP\Header Object
        (
            [name:protected] => Host
            [value:protected] => localhost
        )

    [Connection] => CodeIgniter\HTTP\Header Object
        (
            [name:protected] => Connection
            [value:protected] => keep-alive
        )

    [Sec-Ch-Ua-Platform] => CodeIgniter\HTTP\Header Object
        (
            [name:protected] => Sec-Ch-Ua-Platform
            [value:protected] => "Windows"
        )

    [X-Csrf-Token] => CodeIgniter\HTTP\Header Object
        (
            [name:protected] => X-Csrf-Token
            [value:protected] => 73819ff018a77ac8134ec499b45350b9
        )

    [X-Csrf-Name] => CodeIgniter\HTTP\Header Object
        (
            [name:protected] => X-Csrf-Name
            [value:protected] => csrf_test_name
        )

    [Sec-Ch-Ua] => CodeIgniter\HTTP\Header Object
        (
            [name:protected] => Sec-Ch-Ua
            [value:protected] => "Google Chrome";v="141", "Not?A_Brand";v="8", "Chromium";v="141"
        )

    [Sec-Ch-Ua-Mobile] => CodeIgniter\HTTP\Header Object
        (
            [name:protected] => Sec-Ch-Ua-Mobile
            [value:protected] => ?0
        )

    [X-Requested-With] => CodeIgniter\HTTP\Header Object
        (
            [name:protected] => X-Requested-With
            [value:protected] => XMLHttpRequest
        )

    [User-Agent] => CodeIgniter\HTTP\Header Object
        (
            [name:protected] => User-Agent
            [value:protected] => Mozilla/5.0 (Windows NT 10.0; Win64; x64) AppleWebKit/537.36 (KHTML, like Gecko) Chrome/141.0.0.0 Safari/537.36
        )

    [Accept] => CodeIgniter\HTTP\Header Object
        (
            [name:protected] => Accept
            [value:protected] => application/json, text/javascript, */*; q=0.01
        )

    [Origin] => CodeIgniter\HTTP\Header Object
        (
            [name:protected] => Origin
            [value:protected] => http://localhost
        )

    [Sec-Fetch-Site] => CodeIgniter\HTTP\Header Object
        (
            [name:protected] => Sec-Fetch-Site
            [value:protected] => same-origin
        )

    [Sec-Fetch-Mode] => CodeIgniter\HTTP\Header Object
        (
            [name:protected] => Sec-Fetch-Mode
            [value:protected] => cors
        )

    [Sec-Fetch-Dest] => CodeIgniter\HTTP\Header Object
        (
            [name:protected] => Sec-Fetch-Dest
            [value:protected] => empty
        )

    [Referer] => CodeIgniter\HTTP\Header Object
        (
            [name:protected] => Referer
            [value:protected] => http://localhost/ITE311-GOMEZ/dashboard
        )

    [Accept-Encoding] => CodeIgniter\HTTP\Header Object
        (
            [name:protected] => Accept-Encoding
            [value:protected] => gzip, deflate, br, zstd
        )

    [Accept-Language] => CodeIgniter\HTTP\Header Object
        (
            [name:protected] => Accept-Language
            [value:protected] => en-PH,en-US;q=0.9,en;q=0.8
        )

    [Cookie] => CodeIgniter\HTTP\Header Object
        (
            [name:protected] => Cookie
            [value:protected] => debug-bar-state=minimized; ci_session=f3517cf7cbf5f052c5790ebff308045d; csrf_cookie_name=73819ff018a77ac8134ec499b45350b9
        )

)

DEBUG - 2025-10-25 21:08:46 --> User data: Array
(
    [id] => 2
    [name] => Jerald Maca
    [email] => JeraldMaca@gmail.com
    [role] => student
)

DEBUG - 2025-10-25 21:08:46 --> Processing enrollment for user ID: 2
DEBUG - 2025-10-25 21:08:46 --> Enroll endpoint method: POST
DEBUG - 2025-10-25 21:08:46 --> Attempting enrollment - User ID: 2, Course ID: 11
DEBUG - 2025-10-25 21:08:46 --> Database connection established
DEBUG - 2025-10-25 21:08:46 --> Course query result: Array
(
    [id] => 11
    [course] => SYSTEMS INTEGRATION AND ARCHITECTURE 1
    [description] => SIA101
)

DEBUG - 2025-10-25 21:08:46 --> EnrollmentModel initialized
DEBUG - 2025-10-25 21:08:46 --> Is already enrolled: No
DEBUG - 2025-10-25 21:08:46 --> Attempting to enroll user with data: Array
(
    [student_id] => 2
    [course_id] => 11
    [enrolled_at] => 2025-10-25 21:08:46
)

DEBUG - 2025-10-25 21:08:46 --> Direct DB insert result - Insert ID: 9
DEBUG - 2025-10-25 21:08:46 --> DB Error: 
DEBUG - 2025-10-25 21:08:46 --> === END ENROLLMENT REQUEST ===
DEBUG - 2025-10-25 21:08:46 --> Enrollment successful - ID: 9, User: 2, Course: 11
DEBUG - 2025-10-25 21:08:46 --> Notification created for user 2: You have been enrolled in SYSTEMS INTEGRATION AND ARCHITECTURE 1
DEBUG - 2025-10-25 21:08:46 --> Sending success response: {"success":true,"message":"Enrolled successfully.","course":{"id":"11","course":"SYSTEMS INTEGRATION AND ARCHITECTURE 1","description":"SIA101","enrolled_at":"2025-10-25 21:08:46"},"debug":{"insert_id":9,"timestamp":"2025-10-25 21:08:46"},"csrf":{"token":"csrf_test_name","hash":"53ae7a335a6df003f4d363896ed58030"}}
DEBUG - 2025-10-25 21:08:49 --> Session: Class initialized using 'CodeIgniter\Session\Handlers\FileHandler' driver.
DEBUG - 2025-10-25 21:08:49 --> Enrolled Course IDs: Array
(
    [0] => 1
    [1] => 4
    [2] => 3
    [3] => 2
    [4] => 10
    [5] => 11
)

DEBUG - 2025-10-25 21:08:49 --> Enrollments query: SELECT `courses`.`id`, `courses`.`course`, `courses`.`description`, `courses`.`teacher_id`, `courses`.`created_at`, `courses`.`updated_at`, `users`.`name` as `teacher_name`, `enrollments`.`enrolled_at`
FROM `enrollments`
JOIN `courses` ON `courses`.`id` = `enrollments`.`course_id`
LEFT JOIN `users` ON `users`.`id` = `courses`.`teacher_id`
WHERE `enrollments`.`student_id` = 2
ORDER BY `enrollments`.`enrolled_at` DESC
DEBUG - 2025-10-25 21:08:49 --> Enrollments data: Array
(
    [0] => Array
        (
            [id] => 11
            [course] => SYSTEMS INTEGRATION AND ARCHITECTURE 1
            [description] => SIA101
            [teacher_id] => 3
            [created_at] => 2025-10-25 21:03:45
            [updated_at] => 2025-10-25 21:03:45
            [teacher_name] => Jim Jamero
            [enrolled_at] => 2025-10-25 21:08:46
        )

    [1] => Array
        (
            [id] => 10
            [course] => ADVANCED DATABASE SYSTEMS
            [description] => IM101
            [teacher_id] => 3
            [created_at] => 2025-10-25 21:03:18
            [updated_at] => 2025-10-25 21:03:18
            [teacher_name] => Jim Jamero
            [enrolled_at] => 2025-10-25 21:04:47
        )

    [2] => Array
        (
            [id] => 4
            [course] => WEB SYSTEM AND TECHNOLOGIES
            [description] => ITE311
            [teacher_id] => 3
            [created_at] => 2025-10-24 12:59:24
            [updated_at] => 2025-10-24 12:59:24
            [teacher_name] => Jim Jamero
            [enrolled_at] => 2025-10-24 12:59:40
        )

)

DEBUG - 2025-10-25 21:08:49 --> Available Courses: Array
(
    [0] => Array
        (
            [id] => 12
            [course] => SYSTEMS ANALYSIS AND DESIGN
            [description] => PD312
            [teacher_id] => 3
            [created_at] => 2025-10-25 21:04:15
            [updated_at] => 2025-10-25 21:04:15
            [teacher_name] => Jim Jamero
        )

)

DEBUG - 2025-10-25 21:08:49 --> Enrolled Courses: Array
(
    [0] => Array
        (
            [id] => 11
            [course] => SYSTEMS INTEGRATION AND ARCHITECTURE 1
            [description] => SIA101
            [teacher_id] => 3
            [created_at] => 2025-10-25 21:03:45
            [updated_at] => 2025-10-25 21:03:45
            [teacher_name] => Jim Jamero
            [enrolled_at] => 2025-10-25 21:08:46
        )

    [1] => Array
        (
            [id] => 10
            [course] => ADVANCED DATABASE SYSTEMS
            [description] => IM101
            [teacher_id] => 3
            [created_at] => 2025-10-25 21:03:18
            [updated_at] => 2025-10-25 21:03:18
            [teacher_name] => Jim Jamero
            [enrolled_at] => 2025-10-25 21:04:47
        )

    [2] => Array
        (
            [id] => 4
            [course] => WEB SYSTEM AND TECHNOLOGIES
            [description] => ITE311
            [teacher_id] => 3
            [created_at] => 2025-10-24 12:59:24
            [updated_at] => 2025-10-24 12:59:24
            [teacher_name] => Jim Jamero
            [enrolled_at] => 2025-10-24 12:59:40
        )

)

DEBUG - 2025-10-25 21:08:49 --> Session: Class initialized using 'CodeIgniter\Session\Handlers\FileHandler' driver.
DEBUG - 2025-10-25 21:09:50 --> Session: Class initialized using 'CodeIgniter\Session\Handlers\FileHandler' driver.
DEBUG - 2025-10-25 21:10:50 --> Session: Class initialized using 'CodeIgniter\Session\Handlers\FileHandler' driver.
DEBUG - 2025-10-25 21:11:49 --> Session: Class initialized using 'CodeIgniter\Session\Handlers\FileHandler' driver.
DEBUG - 2025-10-25 21:12:50 --> Session: Class initialized using 'CodeIgniter\Session\Handlers\FileHandler' driver.
DEBUG - 2025-10-25 21:13:50 --> Session: Class initialized using 'CodeIgniter\Session\Handlers\FileHandler' driver.
DEBUG - 2025-10-25 21:14:41 --> Session: Class initialized using 'CodeIgniter\Session\Handlers\FileHandler' driver.
DEBUG - 2025-10-25 21:14:42 --> Session: Class initialized using 'CodeIgniter\Session\Handlers\FileHandler' driver.
DEBUG - 2025-10-25 21:14:44 --> Session: Class initialized using 'CodeIgniter\Session\Handlers\FileHandler' driver.
DEBUG - 2025-10-25 21:14:44 --> Enrolled Course IDs: Array
(
    [0] => 1
    [1] => 4
    [2] => 3
    [3] => 2
    [4] => 10
    [5] => 11
)

DEBUG - 2025-10-25 21:14:44 --> Enrollments query: SELECT `courses`.`id`, `courses`.`course`, `courses`.`description`, `courses`.`teacher_id`, `courses`.`created_at`, `courses`.`updated_at`, `users`.`name` as `teacher_name`, `enrollments`.`enrolled_at`
FROM `enrollments`
JOIN `courses` ON `courses`.`id` = `enrollments`.`course_id`
LEFT JOIN `users` ON `users`.`id` = `courses`.`teacher_id`
WHERE `enrollments`.`student_id` = 2
ORDER BY `enrollments`.`enrolled_at` DESC
DEBUG - 2025-10-25 21:14:44 --> Enrollments data: Array
(
    [0] => Array
        (
            [id] => 11
            [course] => SYSTEMS INTEGRATION AND ARCHITECTURE 1
            [description] => SIA101
            [teacher_id] => 3
            [created_at] => 2025-10-25 21:03:45
            [updated_at] => 2025-10-25 21:03:45
            [teacher_name] => Jim Jamero
            [enrolled_at] => 2025-10-25 21:08:46
        )

    [1] => Array
        (
            [id] => 10
            [course] => ADVANCED DATABASE SYSTEMS
            [description] => IM101
            [teacher_id] => 3
            [created_at] => 2025-10-25 21:03:18
            [updated_at] => 2025-10-25 21:03:18
            [teacher_name] => Jim Jamero
            [enrolled_at] => 2025-10-25 21:04:47
        )

    [2] => Array
        (
            [id] => 4
            [course] => WEB SYSTEM AND TECHNOLOGIES
            [description] => ITE311
            [teacher_id] => 3
            [created_at] => 2025-10-24 12:59:24
            [updated_at] => 2025-10-24 12:59:24
            [teacher_name] => Jim Jamero
            [enrolled_at] => 2025-10-24 12:59:40
        )

)

DEBUG - 2025-10-25 21:14:44 --> Available Courses: Array
(
    [0] => Array
        (
            [id] => 12
            [course] => SYSTEMS ANALYSIS AND DESIGN
            [description] => PD312
            [teacher_id] => 3
            [created_at] => 2025-10-25 21:04:15
            [updated_at] => 2025-10-25 21:04:15
            [teacher_name] => Jim Jamero
        )

)

DEBUG - 2025-10-25 21:14:44 --> Enrolled Courses: Array
(
    [0] => Array
        (
            [id] => 11
            [course] => SYSTEMS INTEGRATION AND ARCHITECTURE 1
            [description] => SIA101
            [teacher_id] => 3
            [created_at] => 2025-10-25 21:03:45
            [updated_at] => 2025-10-25 21:03:45
            [teacher_name] => Jim Jamero
            [enrolled_at] => 2025-10-25 21:08:46
        )

    [1] => Array
        (
            [id] => 10
            [course] => ADVANCED DATABASE SYSTEMS
            [description] => IM101
            [teacher_id] => 3
            [created_at] => 2025-10-25 21:03:18
            [updated_at] => 2025-10-25 21:03:18
            [teacher_name] => Jim Jamero
            [enrolled_at] => 2025-10-25 21:04:47
        )

    [2] => Array
        (
            [id] => 4
            [course] => WEB SYSTEM AND TECHNOLOGIES
            [description] => ITE311
            [teacher_id] => 3
            [created_at] => 2025-10-24 12:59:24
            [updated_at] => 2025-10-24 12:59:24
            [teacher_name] => Jim Jamero
            [enrolled_at] => 2025-10-24 12:59:40
        )

)

DEBUG - 2025-10-25 21:14:45 --> Session: Class initialized using 'CodeIgniter\Session\Handlers\FileHandler' driver.
DEBUG - 2025-10-25 21:14:53 --> Session: Class initialized using 'CodeIgniter\Session\Handlers\FileHandler' driver.
DEBUG - 2025-10-25 21:14:56 --> Session: Class initialized using 'CodeIgniter\Session\Handlers\FileHandler' driver.
DEBUG - 2025-10-25 21:14:56 --> Enrolled Course IDs: Array
(
    [0] => 1
    [1] => 4
    [2] => 3
    [3] => 2
    [4] => 10
    [5] => 11
)

DEBUG - 2025-10-25 21:14:56 --> Enrollments query: SELECT `courses`.`id`, `courses`.`course`, `courses`.`description`, `courses`.`teacher_id`, `courses`.`created_at`, `courses`.`updated_at`, `users`.`name` as `teacher_name`, `enrollments`.`enrolled_at`
FROM `enrollments`
JOIN `courses` ON `courses`.`id` = `enrollments`.`course_id`
LEFT JOIN `users` ON `users`.`id` = `courses`.`teacher_id`
WHERE `enrollments`.`student_id` = 2
ORDER BY `enrollments`.`enrolled_at` DESC
DEBUG - 2025-10-25 21:14:56 --> Enrollments data: Array
(
    [0] => Array
        (
            [id] => 11
            [course] => SYSTEMS INTEGRATION AND ARCHITECTURE 1
            [description] => SIA101
            [teacher_id] => 3
            [created_at] => 2025-10-25 21:03:45
            [updated_at] => 2025-10-25 21:03:45
            [teacher_name] => Jim Jamero
            [enrolled_at] => 2025-10-25 21:08:46
        )

    [1] => Array
        (
            [id] => 10
            [course] => ADVANCED DATABASE SYSTEMS
            [description] => IM101
            [teacher_id] => 3
            [created_at] => 2025-10-25 21:03:18
            [updated_at] => 2025-10-25 21:03:18
            [teacher_name] => Jim Jamero
            [enrolled_at] => 2025-10-25 21:04:47
        )

    [2] => Array
        (
            [id] => 4
            [course] => WEB SYSTEM AND TECHNOLOGIES
            [description] => ITE311
            [teacher_id] => 3
            [created_at] => 2025-10-24 12:59:24
            [updated_at] => 2025-10-24 12:59:24
            [teacher_name] => Jim Jamero
            [enrolled_at] => 2025-10-24 12:59:40
        )

)

DEBUG - 2025-10-25 21:14:56 --> Available Courses: Array
(
    [0] => Array
        (
            [id] => 12
            [course] => SYSTEMS ANALYSIS AND DESIGN
            [description] => PD312
            [teacher_id] => 3
            [created_at] => 2025-10-25 21:04:15
            [updated_at] => 2025-10-25 21:04:15
            [teacher_name] => Jim Jamero
        )

)

DEBUG - 2025-10-25 21:14:56 --> Enrolled Courses: Array
(
    [0] => Array
        (
            [id] => 11
            [course] => SYSTEMS INTEGRATION AND ARCHITECTURE 1
            [description] => SIA101
            [teacher_id] => 3
            [created_at] => 2025-10-25 21:03:45
            [updated_at] => 2025-10-25 21:03:45
            [teacher_name] => Jim Jamero
            [enrolled_at] => 2025-10-25 21:08:46
        )

    [1] => Array
        (
            [id] => 10
            [course] => ADVANCED DATABASE SYSTEMS
            [description] => IM101
            [teacher_id] => 3
            [created_at] => 2025-10-25 21:03:18
            [updated_at] => 2025-10-25 21:03:18
            [teacher_name] => Jim Jamero
            [enrolled_at] => 2025-10-25 21:04:47
        )

    [2] => Array
        (
            [id] => 4
            [course] => WEB SYSTEM AND TECHNOLOGIES
            [description] => ITE311
            [teacher_id] => 3
            [created_at] => 2025-10-24 12:59:24
            [updated_at] => 2025-10-24 12:59:24
            [teacher_name] => Jim Jamero
            [enrolled_at] => 2025-10-24 12:59:40
        )

)

DEBUG - 2025-10-25 21:14:56 --> Session: Class initialized using 'CodeIgniter\Session\Handlers\FileHandler' driver.
DEBUG - 2025-10-25 21:15:57 --> Session: Class initialized using 'CodeIgniter\Session\Handlers\FileHandler' driver.
DEBUG - 2025-10-25 21:16:57 --> Session: Class initialized using 'CodeIgniter\Session\Handlers\FileHandler' driver.
DEBUG - 2025-10-25 21:17:57 --> Session: Class initialized using 'CodeIgniter\Session\Handlers\FileHandler' driver.
DEBUG - 2025-10-25 21:18:51 --> Session: Class initialized using 'CodeIgniter\Session\Handlers\FileHandler' driver.
DEBUG - 2025-10-25 21:18:51 --> Enrolled Course IDs: Array
(
    [0] => 1
    [1] => 4
)

DEBUG - 2025-10-25 21:18:51 --> Enrollments query: SELECT `courses`.`id`, `courses`.`course`, `courses`.`description`, `courses`.`teacher_id`, `courses`.`created_at`, `courses`.`updated_at`, `users`.`name` as `teacher_name`, `enrollments`.`enrolled_at`
FROM `enrollments`
JOIN `courses` ON `courses`.`id` = `enrollments`.`course_id`
LEFT JOIN `users` ON `users`.`id` = `courses`.`teacher_id`
WHERE `enrollments`.`student_id` = 2
ORDER BY `enrollments`.`enrolled_at` DESC
DEBUG - 2025-10-25 21:18:51 --> Enrollments data: Array
(
    [0] => Array
        (
            [id] => 4
            [course] => WEB SYSTEM AND TECHNOLOGIES
            [description] => ITE311
            [teacher_id] => 3
            [created_at] => 2025-10-24 12:59:24
            [updated_at] => 2025-10-24 12:59:24
            [teacher_name] => Jim Jamero
            [enrolled_at] => 2025-10-24 12:59:40
        )

)

DEBUG - 2025-10-25 21:18:51 --> Available Courses: Array
(
    [0] => Array
        (
            [id] => 10
            [course] => ADVANCED DATABASE SYSTEMS
            [description] => IM101
            [teacher_id] => 3
            [created_at] => 2025-10-25 21:03:18
            [updated_at] => 2025-10-25 21:03:18
            [teacher_name] => Jim Jamero
        )

    [1] => Array
        (
            [id] => 11
            [course] => SYSTEMS INTEGRATION AND ARCHITECTURE 1
            [description] => SIA101
            [teacher_id] => 3
            [created_at] => 2025-10-25 21:03:45
            [updated_at] => 2025-10-25 21:03:45
            [teacher_name] => Jim Jamero
        )

    [2] => Array
        (
            [id] => 12
            [course] => SYSTEMS ANALYSIS AND DESIGN
            [description] => PD312
            [teacher_id] => 3
            [created_at] => 2025-10-25 21:04:15
            [updated_at] => 2025-10-25 21:04:15
            [teacher_name] => Jim Jamero
        )

)

DEBUG - 2025-10-25 21:18:51 --> Enrolled Courses: Array
(
    [0] => Array
        (
            [id] => 4
            [course] => WEB SYSTEM AND TECHNOLOGIES
            [description] => ITE311
            [teacher_id] => 3
            [created_at] => 2025-10-24 12:59:24
            [updated_at] => 2025-10-24 12:59:24
            [teacher_name] => Jim Jamero
            [enrolled_at] => 2025-10-24 12:59:40
        )

)

DEBUG - 2025-10-25 21:18:51 --> Session: Class initialized using 'CodeIgniter\Session\Handlers\FileHandler' driver.
DEBUG - 2025-10-25 21:18:54 --> Session: Class initialized using 'CodeIgniter\Session\Handlers\FileHandler' driver.
INFO - 2025-10-25 21:18:54 --> CSRF token verified.
DEBUG - 2025-10-25 21:18:54 --> === START ENROLLMENT REQUEST ===
DEBUG - 2025-10-25 21:18:54 --> POST data: Array
(
    [course_id] => 10
)

DEBUG - 2025-10-25 21:18:54 --> Headers: Array
(
    [Content-Type] => CodeIgniter\HTTP\Header Object
        (
            [name:protected] => Content-Type
            [value:protected] => multipart/form-data; boundary=----WebKitFormBoundaryVl7BHnUP5Y39zkHt
        )

    [Host] => CodeIgniter\HTTP\Header Object
        (
            [name:protected] => Host
            [value:protected] => localhost
        )

    [Connection] => CodeIgniter\HTTP\Header Object
        (
            [name:protected] => Connection
            [value:protected] => keep-alive
        )

    [Sec-Ch-Ua-Platform] => CodeIgniter\HTTP\Header Object
        (
            [name:protected] => Sec-Ch-Ua-Platform
            [value:protected] => "Windows"
        )

    [X-Csrf-Token] => CodeIgniter\HTTP\Header Object
        (
            [name:protected] => X-Csrf-Token
            [value:protected] => 53ae7a335a6df003f4d363896ed58030
        )

    [X-Csrf-Name] => CodeIgniter\HTTP\Header Object
        (
            [name:protected] => X-Csrf-Name
            [value:protected] => csrf_test_name
        )

    [Sec-Ch-Ua] => CodeIgniter\HTTP\Header Object
        (
            [name:protected] => Sec-Ch-Ua
            [value:protected] => "Google Chrome";v="141", "Not?A_Brand";v="8", "Chromium";v="141"
        )

    [Sec-Ch-Ua-Mobile] => CodeIgniter\HTTP\Header Object
        (
            [name:protected] => Sec-Ch-Ua-Mobile
            [value:protected] => ?0
        )

    [X-Requested-With] => CodeIgniter\HTTP\Header Object
        (
            [name:protected] => X-Requested-With
            [value:protected] => XMLHttpRequest
        )

    [User-Agent] => CodeIgniter\HTTP\Header Object
        (
            [name:protected] => User-Agent
            [value:protected] => Mozilla/5.0 (Windows NT 10.0; Win64; x64) AppleWebKit/537.36 (KHTML, like Gecko) Chrome/141.0.0.0 Safari/537.36
        )

    [Accept] => CodeIgniter\HTTP\Header Object
        (
            [name:protected] => Accept
            [value:protected] => application/json, text/javascript, */*; q=0.01
        )

    [Origin] => CodeIgniter\HTTP\Header Object
        (
            [name:protected] => Origin
            [value:protected] => http://localhost
        )

    [Sec-Fetch-Site] => CodeIgniter\HTTP\Header Object
        (
            [name:protected] => Sec-Fetch-Site
            [value:protected] => same-origin
        )

    [Sec-Fetch-Mode] => CodeIgniter\HTTP\Header Object
        (
            [name:protected] => Sec-Fetch-Mode
            [value:protected] => cors
        )

    [Sec-Fetch-Dest] => CodeIgniter\HTTP\Header Object
        (
            [name:protected] => Sec-Fetch-Dest
            [value:protected] => empty
        )

    [Referer] => CodeIgniter\HTTP\Header Object
        (
            [name:protected] => Referer
            [value:protected] => http://localhost/ITE311-GOMEZ/dashboard
        )

    [Accept-Encoding] => CodeIgniter\HTTP\Header Object
        (
            [name:protected] => Accept-Encoding
            [value:protected] => gzip, deflate, br, zstd
        )

    [Accept-Language] => CodeIgniter\HTTP\Header Object
        (
            [name:protected] => Accept-Language
            [value:protected] => en-PH,en-US;q=0.9,en;q=0.8
        )

    [Cookie] => CodeIgniter\HTTP\Header Object
        (
            [name:protected] => Cookie
            [value:protected] => debug-bar-state=minimized; csrf_cookie_name=53ae7a335a6df003f4d363896ed58030; ci_session=14c78694b0dc8e5df190666238c5157f
        )

)

DEBUG - 2025-10-25 21:18:54 --> User data: Array
(
    [id] => 2
    [name] => Jerald Maca
    [email] => JeraldMaca@gmail.com
    [role] => student
)

DEBUG - 2025-10-25 21:18:54 --> Processing enrollment for user ID: 2
DEBUG - 2025-10-25 21:18:54 --> Enroll endpoint method: POST
DEBUG - 2025-10-25 21:18:54 --> Attempting enrollment - User ID: 2, Course ID: 10
DEBUG - 2025-10-25 21:18:54 --> Database connection established
DEBUG - 2025-10-25 21:18:54 --> Course query result: Array
(
    [id] => 10
    [course] => ADVANCED DATABASE SYSTEMS
    [description] => IM101
)

DEBUG - 2025-10-25 21:18:54 --> EnrollmentModel initialized
DEBUG - 2025-10-25 21:18:54 --> Is already enrolled: No
DEBUG - 2025-10-25 21:18:54 --> Attempting to enroll user with data: Array
(
    [student_id] => 2
    [course_id] => 10
    [enrolled_at] => 2025-10-25 21:18:54
)

DEBUG - 2025-10-25 21:18:54 --> Direct DB insert result - Insert ID: 10
DEBUG - 2025-10-25 21:18:54 --> DB Error: 
DEBUG - 2025-10-25 21:18:54 --> === END ENROLLMENT REQUEST ===
DEBUG - 2025-10-25 21:18:54 --> Enrollment successful - ID: 10, User: 2, Course: 10
DEBUG - 2025-10-25 21:18:54 --> Notification created for user 2: You have been enrolled in ADVANCED DATABASE SYSTEMS
DEBUG - 2025-10-25 21:18:54 --> Sending success response: {"success":true,"message":"Enrolled successfully.","course":{"id":"10","course":"ADVANCED DATABASE SYSTEMS","description":"IM101","enrolled_at":"2025-10-25 21:18:54"},"debug":{"insert_id":10,"timestamp":"2025-10-25 21:18:54"},"csrf":{"token":"csrf_test_name","hash":"d555a4690a39ac36e13d917a446a10bf"}}
DEBUG - 2025-10-25 21:18:57 --> Session: Class initialized using 'CodeIgniter\Session\Handlers\FileHandler' driver.
CRITICAL - 2025-10-25 21:18:57 --> CodeIgniter\Security\Exceptions\SecurityException: The action you requested is not allowed.
[Method: POST, Route: student/enroll]
in SYSTEMPATH\Security\Security.php on line 262.
 1 SYSTEMPATH\Security\Security.php(262): CodeIgniter\Security\Exceptions\SecurityException::forDisallowedAction()
 2 SYSTEMPATH\Filters\CSRF.php(52): CodeIgniter\Security\Security->verify(Object(CodeIgniter\HTTP\IncomingRequest))
 3 SYSTEMPATH\Filters\Filters.php(241): CodeIgniter\Filters\CSRF->before(Object(CodeIgniter\HTTP\IncomingRequest), null)
 4 SYSTEMPATH\Filters\Filters.php(221): CodeIgniter\Filters\Filters->runBefore([...])
 5 SYSTEMPATH\CodeIgniter.php(479): CodeIgniter\Filters\Filters->run('student/enroll', 'before')
 6 SYSTEMPATH\CodeIgniter.php(354): CodeIgniter\CodeIgniter->handleRequest(null, Object(Config\Cache), false)
 7 SYSTEMPATH\Boot.php(363): CodeIgniter\CodeIgniter->run()
 8 SYSTEMPATH\Boot.php(68): CodeIgniter\Boot::runCodeIgniter(Object(CodeIgniter\CodeIgniter))
 9 FCPATH\index.php(59): CodeIgniter\Boot::bootWeb(Object(Config\Paths))
DEBUG - 2025-10-25 21:18:59 --> Session: Class initialized using 'CodeIgniter\Session\Handlers\FileHandler' driver.
DEBUG - 2025-10-25 21:18:59 --> Enrolled Course IDs: Array
(
    [0] => 1
    [1] => 4
    [2] => 10
)

DEBUG - 2025-10-25 21:18:59 --> Enrollments query: SELECT `courses`.`id`, `courses`.`course`, `courses`.`description`, `courses`.`teacher_id`, `courses`.`created_at`, `courses`.`updated_at`, `users`.`name` as `teacher_name`, `enrollments`.`enrolled_at`
FROM `enrollments`
JOIN `courses` ON `courses`.`id` = `enrollments`.`course_id`
LEFT JOIN `users` ON `users`.`id` = `courses`.`teacher_id`
WHERE `enrollments`.`student_id` = 2
ORDER BY `enrollments`.`enrolled_at` DESC
DEBUG - 2025-10-25 21:18:59 --> Enrollments data: Array
(
    [0] => Array
        (
            [id] => 10
            [course] => ADVANCED DATABASE SYSTEMS
            [description] => IM101
            [teacher_id] => 3
            [created_at] => 2025-10-25 21:03:18
            [updated_at] => 2025-10-25 21:03:18
            [teacher_name] => Jim Jamero
            [enrolled_at] => 2025-10-25 21:18:54
        )

    [1] => Array
        (
            [id] => 4
            [course] => WEB SYSTEM AND TECHNOLOGIES
            [description] => ITE311
            [teacher_id] => 3
            [created_at] => 2025-10-24 12:59:24
            [updated_at] => 2025-10-24 12:59:24
            [teacher_name] => Jim Jamero
            [enrolled_at] => 2025-10-24 12:59:40
        )

)

DEBUG - 2025-10-25 21:18:59 --> Available Courses: Array
(
    [0] => Array
        (
            [id] => 11
            [course] => SYSTEMS INTEGRATION AND ARCHITECTURE 1
            [description] => SIA101
            [teacher_id] => 3
            [created_at] => 2025-10-25 21:03:45
            [updated_at] => 2025-10-25 21:03:45
            [teacher_name] => Jim Jamero
        )

    [1] => Array
        (
            [id] => 12
            [course] => SYSTEMS ANALYSIS AND DESIGN
            [description] => PD312
            [teacher_id] => 3
            [created_at] => 2025-10-25 21:04:15
            [updated_at] => 2025-10-25 21:04:15
            [teacher_name] => Jim Jamero
        )

)

DEBUG - 2025-10-25 21:18:59 --> Enrolled Courses: Array
(
    [0] => Array
        (
            [id] => 10
            [course] => ADVANCED DATABASE SYSTEMS
            [description] => IM101
            [teacher_id] => 3
            [created_at] => 2025-10-25 21:03:18
            [updated_at] => 2025-10-25 21:03:18
            [teacher_name] => Jim Jamero
            [enrolled_at] => 2025-10-25 21:18:54
        )

    [1] => Array
        (
            [id] => 4
            [course] => WEB SYSTEM AND TECHNOLOGIES
            [description] => ITE311
            [teacher_id] => 3
            [created_at] => 2025-10-24 12:59:24
            [updated_at] => 2025-10-24 12:59:24
            [teacher_name] => Jim Jamero
            [enrolled_at] => 2025-10-24 12:59:40
        )

)

DEBUG - 2025-10-25 21:19:00 --> Session: Class initialized using 'CodeIgniter\Session\Handlers\FileHandler' driver.
DEBUG - 2025-10-25 21:19:03 --> Session: Class initialized using 'CodeIgniter\Session\Handlers\FileHandler' driver.
INFO - 2025-10-25 21:19:03 --> CSRF token verified.
DEBUG - 2025-10-25 21:19:03 --> === START ENROLLMENT REQUEST ===
DEBUG - 2025-10-25 21:19:03 --> POST data: Array
(
    [course_id] => 11
)

DEBUG - 2025-10-25 21:19:03 --> Headers: Array
(
    [Content-Type] => CodeIgniter\HTTP\Header Object
        (
            [name:protected] => Content-Type
            [value:protected] => multipart/form-data; boundary=----WebKitFormBoundaryC4eSgdxWeZ750xaU
        )

    [Host] => CodeIgniter\HTTP\Header Object
        (
            [name:protected] => Host
            [value:protected] => localhost
        )

    [Connection] => CodeIgniter\HTTP\Header Object
        (
            [name:protected] => Connection
            [value:protected] => keep-alive
        )

    [Sec-Ch-Ua-Platform] => CodeIgniter\HTTP\Header Object
        (
            [name:protected] => Sec-Ch-Ua-Platform
            [value:protected] => "Windows"
        )

    [X-Csrf-Token] => CodeIgniter\HTTP\Header Object
        (
            [name:protected] => X-Csrf-Token
            [value:protected] => d555a4690a39ac36e13d917a446a10bf
        )

    [X-Csrf-Name] => CodeIgniter\HTTP\Header Object
        (
            [name:protected] => X-Csrf-Name
            [value:protected] => csrf_test_name
        )

    [Sec-Ch-Ua] => CodeIgniter\HTTP\Header Object
        (
            [name:protected] => Sec-Ch-Ua
            [value:protected] => "Google Chrome";v="141", "Not?A_Brand";v="8", "Chromium";v="141"
        )

    [Sec-Ch-Ua-Mobile] => CodeIgniter\HTTP\Header Object
        (
            [name:protected] => Sec-Ch-Ua-Mobile
            [value:protected] => ?0
        )

    [X-Requested-With] => CodeIgniter\HTTP\Header Object
        (
            [name:protected] => X-Requested-With
            [value:protected] => XMLHttpRequest
        )

    [User-Agent] => CodeIgniter\HTTP\Header Object
        (
            [name:protected] => User-Agent
            [value:protected] => Mozilla/5.0 (Windows NT 10.0; Win64; x64) AppleWebKit/537.36 (KHTML, like Gecko) Chrome/141.0.0.0 Safari/537.36
        )

    [Accept] => CodeIgniter\HTTP\Header Object
        (
            [name:protected] => Accept
            [value:protected] => application/json, text/javascript, */*; q=0.01
        )

    [Origin] => CodeIgniter\HTTP\Header Object
        (
            [name:protected] => Origin
            [value:protected] => http://localhost
        )

    [Sec-Fetch-Site] => CodeIgniter\HTTP\Header Object
        (
            [name:protected] => Sec-Fetch-Site
            [value:protected] => same-origin
        )

    [Sec-Fetch-Mode] => CodeIgniter\HTTP\Header Object
        (
            [name:protected] => Sec-Fetch-Mode
            [value:protected] => cors
        )

    [Sec-Fetch-Dest] => CodeIgniter\HTTP\Header Object
        (
            [name:protected] => Sec-Fetch-Dest
            [value:protected] => empty
        )

    [Referer] => CodeIgniter\HTTP\Header Object
        (
            [name:protected] => Referer
            [value:protected] => http://localhost/ITE311-GOMEZ/dashboard
        )

    [Accept-Encoding] => CodeIgniter\HTTP\Header Object
        (
            [name:protected] => Accept-Encoding
            [value:protected] => gzip, deflate, br, zstd
        )

    [Accept-Language] => CodeIgniter\HTTP\Header Object
        (
            [name:protected] => Accept-Language
            [value:protected] => en-PH,en-US;q=0.9,en;q=0.8
        )

    [Cookie] => CodeIgniter\HTTP\Header Object
        (
            [name:protected] => Cookie
            [value:protected] => debug-bar-state=minimized; ci_session=14c78694b0dc8e5df190666238c5157f; csrf_cookie_name=d555a4690a39ac36e13d917a446a10bf
        )

)

DEBUG - 2025-10-25 21:19:03 --> User data: Array
(
    [id] => 2
    [name] => Jerald Maca
    [email] => JeraldMaca@gmail.com
    [role] => student
)

DEBUG - 2025-10-25 21:19:03 --> Processing enrollment for user ID: 2
DEBUG - 2025-10-25 21:19:03 --> Enroll endpoint method: POST
DEBUG - 2025-10-25 21:19:03 --> Attempting enrollment - User ID: 2, Course ID: 11
DEBUG - 2025-10-25 21:19:03 --> Database connection established
DEBUG - 2025-10-25 21:19:03 --> Course query result: Array
(
    [id] => 11
    [course] => SYSTEMS INTEGRATION AND ARCHITECTURE 1
    [description] => SIA101
)

DEBUG - 2025-10-25 21:19:03 --> EnrollmentModel initialized
DEBUG - 2025-10-25 21:19:03 --> Is already enrolled: No
DEBUG - 2025-10-25 21:19:03 --> Attempting to enroll user with data: Array
(
    [student_id] => 2
    [course_id] => 11
    [enrolled_at] => 2025-10-25 21:19:03
)

DEBUG - 2025-10-25 21:19:03 --> Direct DB insert result - Insert ID: 11
DEBUG - 2025-10-25 21:19:03 --> DB Error: 
DEBUG - 2025-10-25 21:19:03 --> === END ENROLLMENT REQUEST ===
DEBUG - 2025-10-25 21:19:03 --> Enrollment successful - ID: 11, User: 2, Course: 11
DEBUG - 2025-10-25 21:19:03 --> Notification created for user 2: You have been enrolled in SYSTEMS INTEGRATION AND ARCHITECTURE 1
DEBUG - 2025-10-25 21:19:03 --> Sending success response: {"success":true,"message":"Enrolled successfully.","course":{"id":"11","course":"SYSTEMS INTEGRATION AND ARCHITECTURE 1","description":"SIA101","enrolled_at":"2025-10-25 21:19:03"},"debug":{"insert_id":11,"timestamp":"2025-10-25 21:19:03"},"csrf":{"token":"csrf_test_name","hash":"34379b674af31aa7a6a5a78b08ee8ee9"}}
DEBUG - 2025-10-25 21:19:07 --> Session: Class initialized using 'CodeIgniter\Session\Handlers\FileHandler' driver.
CRITICAL - 2025-10-25 21:19:07 --> CodeIgniter\Security\Exceptions\SecurityException: The action you requested is not allowed.
[Method: POST, Route: student/enroll]
in SYSTEMPATH\Security\Security.php on line 262.
 1 SYSTEMPATH\Security\Security.php(262): CodeIgniter\Security\Exceptions\SecurityException::forDisallowedAction()
 2 SYSTEMPATH\Filters\CSRF.php(52): CodeIgniter\Security\Security->verify(Object(CodeIgniter\HTTP\IncomingRequest))
 3 SYSTEMPATH\Filters\Filters.php(241): CodeIgniter\Filters\CSRF->before(Object(CodeIgniter\HTTP\IncomingRequest), null)
 4 SYSTEMPATH\Filters\Filters.php(221): CodeIgniter\Filters\Filters->runBefore([...])
 5 SYSTEMPATH\CodeIgniter.php(479): CodeIgniter\Filters\Filters->run('student/enroll', 'before')
 6 SYSTEMPATH\CodeIgniter.php(354): CodeIgniter\CodeIgniter->handleRequest(null, Object(Config\Cache), false)
 7 SYSTEMPATH\Boot.php(363): CodeIgniter\CodeIgniter->run()
 8 SYSTEMPATH\Boot.php(68): CodeIgniter\Boot::runCodeIgniter(Object(CodeIgniter\CodeIgniter))
 9 FCPATH\index.php(59): CodeIgniter\Boot::bootWeb(Object(Config\Paths))
DEBUG - 2025-10-25 21:19:09 --> Session: Class initialized using 'CodeIgniter\Session\Handlers\FileHandler' driver.
DEBUG - 2025-10-25 21:19:09 --> Enrolled Course IDs: Array
(
    [0] => 1
    [1] => 4
    [2] => 10
    [3] => 11
)

DEBUG - 2025-10-25 21:19:09 --> Enrollments query: SELECT `courses`.`id`, `courses`.`course`, `courses`.`description`, `courses`.`teacher_id`, `courses`.`created_at`, `courses`.`updated_at`, `users`.`name` as `teacher_name`, `enrollments`.`enrolled_at`
FROM `enrollments`
JOIN `courses` ON `courses`.`id` = `enrollments`.`course_id`
LEFT JOIN `users` ON `users`.`id` = `courses`.`teacher_id`
WHERE `enrollments`.`student_id` = 2
ORDER BY `enrollments`.`enrolled_at` DESC
DEBUG - 2025-10-25 21:19:09 --> Enrollments data: Array
(
    [0] => Array
        (
            [id] => 11
            [course] => SYSTEMS INTEGRATION AND ARCHITECTURE 1
            [description] => SIA101
            [teacher_id] => 3
            [created_at] => 2025-10-25 21:03:45
            [updated_at] => 2025-10-25 21:03:45
            [teacher_name] => Jim Jamero
            [enrolled_at] => 2025-10-25 21:19:03
        )

    [1] => Array
        (
            [id] => 10
            [course] => ADVANCED DATABASE SYSTEMS
            [description] => IM101
            [teacher_id] => 3
            [created_at] => 2025-10-25 21:03:18
            [updated_at] => 2025-10-25 21:03:18
            [teacher_name] => Jim Jamero
            [enrolled_at] => 2025-10-25 21:18:54
        )

    [2] => Array
        (
            [id] => 4
            [course] => WEB SYSTEM AND TECHNOLOGIES
            [description] => ITE311
            [teacher_id] => 3
            [created_at] => 2025-10-24 12:59:24
            [updated_at] => 2025-10-24 12:59:24
            [teacher_name] => Jim Jamero
            [enrolled_at] => 2025-10-24 12:59:40
        )

)

DEBUG - 2025-10-25 21:19:09 --> Available Courses: Array
(
    [0] => Array
        (
            [id] => 12
            [course] => SYSTEMS ANALYSIS AND DESIGN
            [description] => PD312
            [teacher_id] => 3
            [created_at] => 2025-10-25 21:04:15
            [updated_at] => 2025-10-25 21:04:15
            [teacher_name] => Jim Jamero
        )

)

DEBUG - 2025-10-25 21:19:09 --> Enrolled Courses: Array
(
    [0] => Array
        (
            [id] => 11
            [course] => SYSTEMS INTEGRATION AND ARCHITECTURE 1
            [description] => SIA101
            [teacher_id] => 3
            [created_at] => 2025-10-25 21:03:45
            [updated_at] => 2025-10-25 21:03:45
            [teacher_name] => Jim Jamero
            [enrolled_at] => 2025-10-25 21:19:03
        )

    [1] => Array
        (
            [id] => 10
            [course] => ADVANCED DATABASE SYSTEMS
            [description] => IM101
            [teacher_id] => 3
            [created_at] => 2025-10-25 21:03:18
            [updated_at] => 2025-10-25 21:03:18
            [teacher_name] => Jim Jamero
            [enrolled_at] => 2025-10-25 21:18:54
        )

    [2] => Array
        (
            [id] => 4
            [course] => WEB SYSTEM AND TECHNOLOGIES
            [description] => ITE311
            [teacher_id] => 3
            [created_at] => 2025-10-24 12:59:24
            [updated_at] => 2025-10-24 12:59:24
            [teacher_name] => Jim Jamero
            [enrolled_at] => 2025-10-24 12:59:40
        )

)

DEBUG - 2025-10-25 21:19:09 --> Session: Class initialized using 'CodeIgniter\Session\Handlers\FileHandler' driver.
DEBUG - 2025-10-25 21:20:10 --> Session: Class initialized using 'CodeIgniter\Session\Handlers\FileHandler' driver.
DEBUG - 2025-10-25 21:20:32 --> Session: Class initialized using 'CodeIgniter\Session\Handlers\FileHandler' driver.
DEBUG - 2025-10-25 21:20:32 --> Session: Class initialized using 'CodeIgniter\Session\Handlers\FileHandler' driver.
DEBUG - 2025-10-25 21:20:33 --> Session: Class initialized using 'CodeIgniter\Session\Handlers\FileHandler' driver.
DEBUG - 2025-10-25 21:20:34 --> Session: Class initialized using 'CodeIgniter\Session\Handlers\FileHandler' driver.
DEBUG - 2025-10-25 21:20:35 --> Session: Class initialized using 'CodeIgniter\Session\Handlers\FileHandler' driver.
DEBUG - 2025-10-25 21:20:35 --> Enrolled Course IDs: Array
(
    [0] => 1
    [1] => 4
    [2] => 10
    [3] => 11
)

DEBUG - 2025-10-25 21:20:35 --> Enrollments query: SELECT `courses`.`id`, `courses`.`course`, `courses`.`description`, `courses`.`teacher_id`, `courses`.`created_at`, `courses`.`updated_at`, `users`.`name` as `teacher_name`, `enrollments`.`enrolled_at`
FROM `enrollments`
JOIN `courses` ON `courses`.`id` = `enrollments`.`course_id`
LEFT JOIN `users` ON `users`.`id` = `courses`.`teacher_id`
WHERE `enrollments`.`student_id` = 2
ORDER BY `enrollments`.`enrolled_at` DESC
DEBUG - 2025-10-25 21:20:35 --> Enrollments data: Array
(
    [0] => Array
        (
            [id] => 11
            [course] => SYSTEMS INTEGRATION AND ARCHITECTURE 1
            [description] => SIA101
            [teacher_id] => 3
            [created_at] => 2025-10-25 21:03:45
            [updated_at] => 2025-10-25 21:03:45
            [teacher_name] => Jim Jamero
            [enrolled_at] => 2025-10-25 21:19:03
        )

    [1] => Array
        (
            [id] => 10
            [course] => ADVANCED DATABASE SYSTEMS
            [description] => IM101
            [teacher_id] => 3
            [created_at] => 2025-10-25 21:03:18
            [updated_at] => 2025-10-25 21:03:18
            [teacher_name] => Jim Jamero
            [enrolled_at] => 2025-10-25 21:18:54
        )

    [2] => Array
        (
            [id] => 4
            [course] => WEB SYSTEM AND TECHNOLOGIES
            [description] => ITE311
            [teacher_id] => 3
            [created_at] => 2025-10-24 12:59:24
            [updated_at] => 2025-10-24 12:59:24
            [teacher_name] => Jim Jamero
            [enrolled_at] => 2025-10-24 12:59:40
        )

)

DEBUG - 2025-10-25 21:20:35 --> Available Courses: Array
(
    [0] => Array
        (
            [id] => 12
            [course] => SYSTEMS ANALYSIS AND DESIGN
            [description] => PD312
            [teacher_id] => 3
            [created_at] => 2025-10-25 21:04:15
            [updated_at] => 2025-10-25 21:04:15
            [teacher_name] => Jim Jamero
        )

)

DEBUG - 2025-10-25 21:20:35 --> Enrolled Courses: Array
(
    [0] => Array
        (
            [id] => 11
            [course] => SYSTEMS INTEGRATION AND ARCHITECTURE 1
            [description] => SIA101
            [teacher_id] => 3
            [created_at] => 2025-10-25 21:03:45
            [updated_at] => 2025-10-25 21:03:45
            [teacher_name] => Jim Jamero
            [enrolled_at] => 2025-10-25 21:19:03
        )

    [1] => Array
        (
            [id] => 10
            [course] => ADVANCED DATABASE SYSTEMS
            [description] => IM101
            [teacher_id] => 3
            [created_at] => 2025-10-25 21:03:18
            [updated_at] => 2025-10-25 21:03:18
            [teacher_name] => Jim Jamero
            [enrolled_at] => 2025-10-25 21:18:54
        )

    [2] => Array
        (
            [id] => 4
            [course] => WEB SYSTEM AND TECHNOLOGIES
            [description] => ITE311
            [teacher_id] => 3
            [created_at] => 2025-10-24 12:59:24
            [updated_at] => 2025-10-24 12:59:24
            [teacher_name] => Jim Jamero
            [enrolled_at] => 2025-10-24 12:59:40
        )

)

DEBUG - 2025-10-25 21:20:36 --> Session: Class initialized using 'CodeIgniter\Session\Handlers\FileHandler' driver.
DEBUG - 2025-10-25 21:21:36 --> Session: Class initialized using 'CodeIgniter\Session\Handlers\FileHandler' driver.
DEBUG - 2025-10-25 21:22:36 --> Session: Class initialized using 'CodeIgniter\Session\Handlers\FileHandler' driver.
DEBUG - 2025-10-25 21:23:36 --> Session: Class initialized using 'CodeIgniter\Session\Handlers\FileHandler' driver.
DEBUG - 2025-10-25 21:24:36 --> Session: Class initialized using 'CodeIgniter\Session\Handlers\FileHandler' driver.
DEBUG - 2025-10-25 21:25:36 --> Session: Class initialized using 'CodeIgniter\Session\Handlers\FileHandler' driver.
DEBUG - 2025-10-25 21:26:36 --> Session: Class initialized using 'CodeIgniter\Session\Handlers\FileHandler' driver.
